State,District,GramPanchayat,AuditDate,FinancialYear,SchemeName,WorkType,AuditedBy,TotalExpenditure,MisappropriationAmount,RecoveryAmount,IssuesFound,IssueType,AuditStatus,BeneficiariesCovered,ManDaysGenerated,WagesPaid,MaterialCost,ComplaintsReceived,ActionTaken
Tamil Nadu,Chennai,GP_Chennai_34,18-11-2023,2021-22,PMGSY,School Building,SAU Team B,449857.43,109486.7,59286.3,1,Fund Diversion,Closed,63,4420,647742.72,521157.67,22,FIR Filed
Tamil Nadu,Chennai,GP_Chennai_40,27-06-2024,2023-24,NSAP,Pond Desilting,SAU Team B,923746.55,22216.64,20637.67,9,Wage Delay,Pending Recovery,365,2409,98301.41,23757.77,22,Warning Issued
Maharashtra,Mumbai,GP_Mumbai_76,30-05-2024,2021-22,NSAP,Toilet Construction,SAU Team A,286856.3,31249.04,71307.49,5,Incomplete Work,Completed,287,3742,99570.7,246425.59,21,No Action
Andhra Pradesh,Vizag,GP_Vizag_48,14-03-2024,2021-22,SBM-G,Road Construction,District Audit Unit,1709666.11,98793.38,78197.94,9,Fund Diversion,ATR Pending,392,7176,748214.61,520650.51,7,
Maharashtra,Mumbai,GP_Mumbai_50,20-07-2024,2023-24,NSAP,Pond Desilting,SAU Team B,642423.9,137493.94,25496.21,4,Wage Delay,Pending Recovery,289,4085,889828.45,,10,No Action
Andhra Pradesh,Vijayawada,GP_Vijayawada_27,17-07-2023,2023-24,PMGSY,Water Tank,SAU Team A,1406814.51,38163.07,11540.26,9,Ghost Beneficiary,Pending Recovery,223,327,199590.75,,15,FIR Filed
Maharashtra,Mumbai,GP_Mumbai_94,14-09-2023,2022-23,NSAP,School Building,District Audit Unit,1533549.29,129302.8,18606.42,11,Incomplete Work,ATR Pending,276,3112,107144.01,782162.17,2,Suspended Official
Rajasthan,Jaipur,GP_Jaipur_88,27-06-2022,2023-24,PMAY-G,Toilet Construction,SAU Team A,1052925.82,58304.71,6676.17,10,Fund Diversion,Under Review,201,4533,616516.33,236670.7,20,Suspended Official
Karnataka,Mysore,GP_Mysore_97,11-08-2023,2024-25,PMGSY,School Building,District Audit Unit,574959.61,55633.55,62839.31,8,Incomplete Work,Completed,152,7349,890681.85,641141.4,14,No Action
Maharashtra,Pune,GP_Pune_22,07-08-2024,2021-22,PMAY-G,Water Tank,SAU Team B,389513.03,76326.13,55249.22,1,Wage Delay,ATR Pending,135,6963,795322.07,203164.81,15,No Action
Andhra Pradesh,Vizag,GP_Vizag_25,15-02-2022,2021-22,PMAY-G,School Building,SAU Team B,105543.43,,74853.75,5,Incomplete Work,Closed,326,5916,208144.58,134285.22,15,
Maharashtra,Pune,GP_Pune_96,17-11-2022,2021-22,PMAY-G,Water Tank,SAU Team A,1371843.8,136034.46,79232.12,1,Incomplete Work,Under Review,339,950,940287.81,312906.65,11,FIR Filed
Karnataka,Bangalore,GP_Bangalore_71,21-04-2022,2024-25,PMAY-G,School Building,SAU Team A,1438308.33,73787.46,5375.77,8,Material Overbilling,Completed,342,2372,99558.07,639967.28,5,Suspended Official
Karnataka,Mysore,GP_Mysore_8,12-07-2024,2022-23,SBM-G,School Building,SAU Team A,1392823.24,41157.37,48454.02,4,Ghost Beneficiary,Under Review,357,2965,658313.14,483340.25,20,Suspended Official
Maharashtra,Mumbai,GP_Mumbai_68,11-07-2024,2024-25,PMGSY,Road Construction,SAU Team B,221339.35,10715.76,,6,Incomplete Work,Pending Recovery,89,3600,254402.72,662968.7,2,Warning Issued
Tamil Nadu,Coimbatore,GP_Coimbatore_39,01-11-2022,2021-22,MGNREGA,Pond Desilting,SAU Team B,280873.84,58448.39,,8,Ghost Beneficiary,Closed,382,1281,661805.46,659405.71,21,FIR Filed
Uttar Pradesh,Kanpur,GP_Kanpur_77,16-04-2023,2024-25,MGNREGA,Road Construction,SAU Team B,636343.68,105092.07,25939.99,10,Incomplete Work,Under Review,276,2276,293744.4,552658.88,12,No Action
Karnataka,Bangalore,GP_Bangalore_80,16-06-2024,2022-23,MGNREGA,Pond Desilting,District Audit Unit,1937540.42,118654.48,50022.7,3,Fund Diversion,Pending Recovery,354,306,975009.89,128109.98,18,Suspended Official
Karnataka,Bangalore,GP_Bangalore_96,10-09-2023,2024-25,MGNREGA,Water Tank,District Audit Unit,1851194.21,,73028.86,0,,Under Review,325,6282,605864.95,133770.8,24,FIR Filed
Bihar,Gaya,GP_Gaya_69,13-11-2022,2021-22,NSAP,Water Tank,SAU Team A,1482089.05,20766.4,22478.18,3,Fund Diversion,Closed,442,2199,535074.37,236670.37,18,Suspended Official
Andhra Pradesh,Vizag,GP_Vizag_62,19-08-2023,2024-25,MGNREGA,School Building,SAU Team A,84062.85,60911.44,53899.25,6,Incomplete Work,Under Review,464,2152,993725.42,82154.6,12,Suspended Official
Andhra Pradesh,Vijayawada,GP_Vijayawada_15,12-11-2022,2024-25,PMAY-G,Pond Desilting,SAU Team A,276980.62,97263.66,25474.51,9,Wage Delay,Closed,412,4590,896215.58,368130.28,15,
Andhra Pradesh,Vizag,GP_Vizag_4,05-09-2023,2022-23,PMAY-G,School Building,District Audit Unit,1677036.83,45858.45,16262.73,3,Wage Delay,Pending Recovery,494,4335,872292.85,512155.69,22,No Action
Kerala,Thrissur,GP_Thrissur_38,28-04-2024,2024-25,MGNREGA,School Building,SAU Team A,1129988.57,197.2,43584.16,7,No Muster Roll,Under Review,51,2896,546631.6,697770.55,7,No Action
Rajasthan,Jaipur,GP_Jaipur_18,21-01-2023,2023-24,PMAY-G,Pond Desilting,SAU Team B,1030643.45,134029.5,,0,,ATR Pending,80,2576,238587.99,269056.45,13,
Uttar Pradesh,Lucknow,GP_Lucknow_85,17-06-2024,2021-22,PMGSY,School Building,District Audit Unit,1898281.95,7200.35,26772.58,2,Fund Diversion,Completed,426,1194,657781.2,790306.35,2,Suspended Official
Rajasthan,Udaipur,GP_Udaipur_79,02-12-2022,2023-24,PMGSY,Toilet Construction,District Audit Unit,1159844.41,,68056.62,3,No Muster Roll,Closed,69,315,849984.95,643809.34,22,FIR Filed
Uttar Pradesh,Lucknow,GP_Lucknow_19,12-04-2024,2021-22,SBM-G,School Building,SAU Team A,937960.06,87559.84,56012.78,0,Fund Diversion,Closed,83,5313,318716.87,471171.52,12,Suspended Official
Uttar Pradesh,Kanpur,GP_Kanpur_64,03-12-2023,2024-25,PMGSY,School Building,SAU Team B,900281.09,68089.92,61337.91,4,Fund Diversion,Completed,182,1517,908653.62,332551.78,18,FIR Filed
Andhra Pradesh,Vijayawada,GP_Vijayawada_52,19-07-2024,2023-24,SBM-G,Toilet Construction,SAU Team A,583734.34,140395.97,16712.59,10,,Closed,266,5734,507062.91,333480.07,17,No Action
Kerala,Ernakulam,GP_Ernakulam_11,28-04-2024,2024-25,NSAP,Pond Desilting,District Audit Unit,656685.33,44440.48,67726.5,1,,Completed,432,4538,309809.43,,19,FIR Filed
Tamil Nadu,Chennai,GP_Chennai_42,03-03-2022,2023-24,PMGSY,School Building,SAU Team B,450280.28,,45533.98,2,Fund Diversion,Under Review,142,4136,267856.3,622242.61,14,Recovery Initiated
Maharashtra,Pune,GP_Pune_56,25-08-2022,2024-25,PMAY-G,Water Tank,SAU Team B,661156.06,79482.95,56583.54,0,No Muster Roll,Under Review,468,7785,897787.08,401644.58,6,Warning Issued
Tamil Nadu,Chennai,GP_Chennai_51,24-07-2024,2023-24,SBM-G,Toilet Construction,District Audit Unit,675363.61,62271.68,26837.12,6,No Muster Roll,Under Review,403,4527,765065.82,113818.32,7,Recovery Initiated
Andhra Pradesh,Vizag,GP_Vizag_47,04-05-2024,2022-23,PMAY-G,School Building,District Audit Unit,97268.51,106064.41,8482.18,2,Incomplete Work,Completed,386,7723,816843.27,280124.87,11,No Action
Bihar,Gaya,GP_Gaya_13,04-06-2023,2021-22,PMAY-G,Pond Desilting,SAU Team A,85622.56,36039.7,72870.02,9,Incomplete Work,ATR Pending,296,816,604986.63,335798.97,24,Suspended Official
Karnataka,Bangalore,GP_Bangalore_37,25-01-2022,2024-25,NSAP,Toilet Construction,District Audit Unit,849274.06,125339.27,42094.03,9,No Muster Roll,Closed,204,7356,341928.94,38031.89,20,No Action
Kerala,Thrissur,GP_Thrissur_21,25-08-2024,2024-25,MGNREGA,Toilet Construction,SAU Team A,258174.84,43715.86,63542.46,2,,Closed,26,5310,745938.73,48019.72,20,FIR Filed
Tamil Nadu,Chennai,GP_Chennai_15,23-01-2023,2024-25,SBM-G,Road Construction,SAU Team A,1187699.49,102720.55,2471.77,2,Ghost Beneficiary,Closed,268,2234,389410.91,635562.97,7,FIR Filed
Uttar Pradesh,Kanpur,GP_Kanpur_84,04-01-2022,2022-23,MGNREGA,School Building,District Audit Unit,1345452.95,18917.41,2367.49,11,Wage Delay,Completed,74,7174,526538.23,147009.99,17,Warning Issued
Uttar Pradesh,Kanpur,GP_Kanpur_76,03-02-2023,2021-22,PMGSY,Road Construction,District Audit Unit,987986.62,37277.06,19926.15,8,No Muster Roll,Completed,298,3596,801570.58,522185.69,3,FIR Filed
Andhra Pradesh,Vizag,GP_Vizag_47,02-09-2022,2021-22,PMGSY,School Building,SAU Team A,1396802.63,61722.71,5924.52,5,Material Overbilling,Completed,114,4859,422318.53,777872.18,5,Recovery Initiated
Maharashtra,Mumbai,GP_Mumbai_86,10-11-2022,2021-22,MGNREGA,Toilet Construction,SAU Team A,190295.4,64297.18,79473.61,2,Material Overbilling,Under Review,424,6431,75100.42,,23,
Andhra Pradesh,Vijayawada,GP_Vijayawada_44,11-10-2022,2023-24,NSAP,Road Construction,SAU Team A,809304.37,,71068.11,6,No Muster Roll,Under Review,176,1866,628471.91,65066.7,19,Suspended Official
Andhra Pradesh,Vizag,GP_Vizag_3,26-05-2023,2024-25,SBM-G,Road Construction,SAU Team A,1736274,124274.96,41197.9,10,No Muster Roll,Under Review,199,7686,658401.22,303522.13,2,
Andhra Pradesh,Vizag,GP_Vizag_22,02-06-2024,2022-23,PMGSY,School Building,SAU Team B,1459162.04,121778.73,32787.69,5,Fund Diversion,Pending Recovery,110,1071,676408.94,141290.83,22,Warning Issued
Andhra Pradesh,Vizag,GP_Vizag_17,12-04-2023,2022-23,MGNREGA,School Building,SAU Team A,1334632.93,,42035.25,2,,Completed,244,3627,255566.47,326976.8,12,Warning Issued
Kerala,Thrissur,GP_Thrissur_86,13-06-2022,2021-22,SBM-G,Toilet Construction,SAU Team A,1209098.3,133547.13,75992.21,3,Incomplete Work,Completed,401,6851,551998.24,,20,Warning Issued
Kerala,Ernakulam,GP_Ernakulam_16,13-07-2023,2021-22,PMAY-G,Toilet Construction,SAU Team A,1478899.23,149053.38,74806.95,3,Incomplete Work,Under Review,328,5932,463117.54,609705.8,24,No Action
Bihar,Patna,GP_Patna_60,17-04-2024,2024-25,SBM-G,Toilet Construction,District Audit Unit,1678296,4670.36,28377.58,2,Material Overbilling,Completed,258,5917,275618.9,539436.43,15,
Bihar,Patna,GP_Patna_21,15-03-2024,2024-25,NSAP,Water Tank,SAU Team B,1466055.16,20009.49,,2,Incomplete Work,Under Review,96,6853,235356.24,633858.67,20,Suspended Official
Bihar,Gaya,GP_Gaya_27,24-04-2024,2024-25,SBM-G,School Building,District Audit Unit,1019423.9,144110.68,64705.85,9,Wage Delay,Under Review,425,103,678097.23,237393.83,14,Suspended Official
Uttar Pradesh,Kanpur,GP_Kanpur_70,10-05-2024,2022-23,PMGSY,Pond Desilting,SAU Team B,1210640.35,,45341.17,6,Ghost Beneficiary,Closed,406,121,440375.03,759599.12,11,FIR Filed
Kerala,Ernakulam,GP_Ernakulam_97,02-12-2022,2024-25,PMGSY,Road Construction,SAU Team A,1962644.57,98358.67,,6,Wage Delay,Completed,422,3142,419456.04,497605.27,12,
Karnataka,Mysore,GP_Mysore_94,23-08-2022,2023-24,NSAP,Toilet Construction,SAU Team A,173034.63,66078.26,8735.12,4,Ghost Beneficiary,Under Review,285,1792,996192.87,476185.76,13,Suspended Official
Kerala,Thrissur,GP_Thrissur_33,17-08-2024,2024-25,SBM-G,Water Tank,SAU Team B,1327585.68,149851.42,16917.78,10,No Muster Roll,Closed,333,6555,834564.2,502260.72,9,No Action
Bihar,Patna,GP_Patna_62,26-01-2023,2021-22,PMAY-G,Pond Desilting,SAU Team B,1790457.61,67422.02,66945.99,2,Material Overbilling,Completed,197,6469,525456.84,412728.86,11,Warning Issued
Kerala,Thrissur,GP_Thrissur_16,25-11-2023,2021-22,PMAY-G,Water Tank,SAU Team A,254043.72,84844.83,51661.2,5,Fund Diversion,Completed,159,4513,736243.61,18726.62,0,No Action
Kerala,Thrissur,GP_Thrissur_68,28-02-2022,2021-22,NSAP,School Building,SAU Team A,1901694.2,118536.67,12823.48,11,Material Overbilling,Under Review,125,4316,664706.24,383134.1,5,No Action
Andhra Pradesh,Vizag,GP_Vizag_34,08-01-2024,2024-25,MGNREGA,Water Tank,District Audit Unit,567054.65,,21905.65,3,Material Overbilling,Closed,420,7629,849351.83,569818.25,12,FIR Filed
Kerala,Thrissur,GP_Thrissur_64,18-12-2023,2022-23,PMAY-G,Toilet Construction,SAU Team A,1603581.9,104955.95,18841.38,4,Ghost Beneficiary,ATR Pending,155,5395,871028.29,201294.31,4,Warning Issued
Maharashtra,Pune,GP_Pune_85,06-07-2022,2023-24,MGNREGA,Pond Desilting,District Audit Unit,394675.89,,54404.91,3,Wage Delay,ATR Pending,19,5659,26850.97,70833.9,10,Warning Issued
Karnataka,Bangalore,GP_Bangalore_38,24-08-2023,2021-22,PMGSY,Road Construction,SAU Team A,1308395.09,58563.5,43731.96,7,Fund Diversion,Closed,48,1271,355436.21,243834.46,2,No Action
Karnataka,Mysore,GP_Mysore_36,02-06-2024,2021-22,PMAY-G,School Building,District Audit Unit,1676841.9,56916.81,5213.76,7,Material Overbilling,Under Review,320,4962,764590.4,,20,Recovery Initiated
Bihar,Patna,GP_Patna_24,11-07-2024,2021-22,PMAY-G,Toilet Construction,District Audit Unit,1347009.08,15494.02,8289.5,8,Material Overbilling,Under Review,389,305,190684.33,164739.83,1,Suspended Official
Karnataka,Mysore,GP_Mysore_66,22-05-2022,2024-25,PMAY-G,Water Tank,SAU Team B,188452.11,,7557.29,9,Ghost Beneficiary,Under Review,466,4001,471672.17,743788.32,7,Warning Issued
Uttar Pradesh,Lucknow,GP_Lucknow_7,06-03-2022,2023-24,PMGSY,Water Tank,District Audit Unit,1816459.02,86259.23,,11,Ghost Beneficiary,Closed,315,2528,22920.53,175176.52,23,Recovery Initiated
Bihar,Gaya,GP_Gaya_97,20-03-2024,2023-24,MGNREGA,Toilet Construction,SAU Team A,300582.76,37027.34,51115.65,6,Fund Diversion,ATR Pending,395,5605,202375.62,416734.1,10,Suspended Official
Kerala,Ernakulam,GP_Ernakulam_6,10-07-2023,2021-22,SBM-G,Water Tank,SAU Team A,1889306.85,74628,73542.18,1,Wage Delay,ATR Pending,79,4599,825546.6,568474.02,18,No Action
Rajasthan,Udaipur,GP_Udaipur_6,16-08-2024,2024-25,SBM-G,Road Construction,SAU Team B,656775.58,26225.89,,5,Incomplete Work,Under Review,315,7536,288566.85,311068.88,24,No Action
Kerala,Ernakulam,GP_Ernakulam_16,02-08-2024,2024-25,SBM-G,Water Tank,SAU Team A,1447279.6,145420.92,17776.58,8,Fund Diversion,Under Review,98,2675,402668.87,26295.04,21,Warning Issued
Andhra Pradesh,Vizag,GP_Vizag_88,21-03-2023,2022-23,PMAY-G,Pond Desilting,SAU Team A,657111.52,77700.35,1923.08,9,Incomplete Work,Pending Recovery,309,1764,420267.94,300356.28,1,FIR Filed
Bihar,Gaya,GP_Gaya_88,21-05-2024,2021-22,MGNREGA,Water Tank,SAU Team B,1012980.08,21759.81,76780.17,9,Incomplete Work,Completed,331,7175,896588.49,87629.51,17,
Bihar,Gaya,GP_Gaya_73,30-08-2023,2022-23,PMGSY,School Building,SAU Team B,450279.77,39763.71,50662.68,1,Material Overbilling,Pending Recovery,461,1155,371986.94,129077.56,3,Recovery Initiated
Andhra Pradesh,Vizag,GP_Vizag_58,05-06-2024,2023-24,PMGSY,Toilet Construction,District Audit Unit,69643.64,137716.7,5254.47,9,Material Overbilling,Completed,35,4945,572121.15,,4,Warning Issued
Andhra Pradesh,Vijayawada,GP_Vijayawada_47,08-06-2024,2024-25,PMGSY,Road Construction,SAU Team B,1940019.18,15060.17,74519.67,10,Incomplete Work,Completed,18,2901,473714.19,581726.5,9,No Action
Andhra Pradesh,Vizag,GP_Vizag_22,18-05-2023,2022-23,PMGSY,School Building,District Audit Unit,1915280.24,22019.53,32672.86,1,Wage Delay,Completed,114,5758,464167.52,126914.88,18,Suspended Official
Rajasthan,Jaipur,GP_Jaipur_78,23-04-2022,2022-23,MGNREGA,Pond Desilting,SAU Team B,1800872.59,13863.17,49985.85,9,Wage Delay,ATR Pending,13,3389,637807.71,222798.17,8,No Action
Rajasthan,Udaipur,GP_Udaipur_54,05-09-2024,2023-24,PMAY-G,Road Construction,SAU Team B,1303366.23,103580.78,50556.6,0,Ghost Beneficiary,Pending Recovery,479,7051,553746.27,288524.09,12,Suspended Official
Karnataka,Bangalore,GP_Bangalore_87,05-09-2023,2021-22,MGNREGA,Water Tank,SAU Team A,1404838.55,107201.53,7346.66,9,No Muster Roll,Pending Recovery,44,2780,379800.3,512971.57,2,Warning Issued
Tamil Nadu,Coimbatore,GP_Coimbatore_75,11-03-2022,2024-25,PMAY-G,Water Tank,SAU Team A,1309291.2,146203.49,40604.82,11,Ghost Beneficiary,Closed,98,4102,94468.88,604919.81,22,FIR Filed
Andhra Pradesh,Vijayawada,GP_Vijayawada_34,17-04-2024,2021-22,PMAY-G,Water Tank,District Audit Unit,607544.86,104434.59,66789.26,10,,Completed,371,5132,310005.33,590883.88,4,
Tamil Nadu,Chennai,GP_Chennai_8,03-09-2024,2022-23,PMAY-G,Road Construction,SAU Team B,671278.52,7152.47,9231.22,4,Ghost Beneficiary,Completed,216,7542,200504.76,57995.45,14,No Action
Andhra Pradesh,Vizag,GP_Vizag_72,15-08-2022,2022-23,NSAP,Pond Desilting,SAU Team B,824554.24,78303.51,1645.72,1,Ghost Beneficiary,ATR Pending,450,4023,124405.96,546768.77,19,No Action
Bihar,Gaya,GP_Gaya_59,08-01-2024,2022-23,MGNREGA,Water Tank,District Audit Unit,154030.54,68894.03,52225.44,0,Wage Delay,Under Review,358,2196,516234.33,149107.91,8,Recovery Initiated
Kerala,Ernakulam,GP_Ernakulam_53,29-11-2022,2022-23,MGNREGA,Pond Desilting,District Audit Unit,365943.71,122469.61,47731.14,7,Ghost Beneficiary,ATR Pending,493,2436,788259.86,523769.52,20,Warning Issued
Tamil Nadu,Chennai,GP_Chennai_82,01-02-2022,2022-23,PMAY-G,School Building,District Audit Unit,897125.36,38962.64,16533.84,10,No Muster Roll,Completed,13,4083,473587.86,,4,No Action
Kerala,Ernakulam,GP_Ernakulam_28,25-06-2023,2023-24,SBM-G,School Building,SAU Team A,851942.18,14393.36,57630.5,0,,Completed,253,7045,622228.31,314375.09,2,Suspended Official
Tamil Nadu,Chennai,GP_Chennai_66,01-09-2024,2021-22,NSAP,School Building,SAU Team A,153400.25,129661.95,62799.93,0,Incomplete Work,Under Review,378,7783,359348.78,550034.53,21,
Kerala,Ernakulam,GP_Ernakulam_62,11-01-2023,2021-22,MGNREGA,Water Tank,SAU Team B,571292.62,112918.94,,10,Wage Delay,Completed,351,3951,96229.5,342509.83,6,No Action
Karnataka,Mysore,GP_Mysore_99,26-11-2023,2022-23,SBM-G,Road Construction,District Audit Unit,1836059.1,63684.19,37383.66,5,Ghost Beneficiary,ATR Pending,168,4483,966245.94,74621.3,1,Recovery Initiated
Rajasthan,Udaipur,GP_Udaipur_99,18-07-2023,2024-25,SBM-G,School Building,SAU Team B,1983291.8,32084.36,,9,,ATR Pending,321,919,369073.22,249287,13,No Action
Kerala,Thrissur,GP_Thrissur_4,04-04-2024,2021-22,NSAP,Pond Desilting,SAU Team B,1866273.28,116403.33,34033.24,7,Ghost Beneficiary,Closed,239,1015,617630.18,111086.95,24,Suspended Official
Kerala,Thrissur,GP_Thrissur_70,26-07-2023,2023-24,NSAP,Toilet Construction,SAU Team B,830626.89,,65143.56,6,Ghost Beneficiary,ATR Pending,33,327,532349.83,440435.65,9,No Action
Tamil Nadu,Chennai,GP_Chennai_66,20-08-2023,2023-24,MGNREGA,Pond Desilting,SAU Team A,1640633.08,85034.89,,6,Material Overbilling,Completed,442,4173,83935.65,671752.12,17,Recovery Initiated
Andhra Pradesh,Vizag,GP_Vizag_10,23-07-2024,2024-25,NSAP,Pond Desilting,District Audit Unit,1457941.23,30048.07,17525.33,9,Fund Diversion,Under Review,355,386,184343.38,765741.66,13,
Maharashtra,Pune,GP_Pune_20,13-01-2024,2021-22,PMAY-G,Water Tank,SAU Team B,484800.25,75537.27,14734.44,10,Fund Diversion,Closed,144,1565,53512.56,513598.98,17,No Action
Uttar Pradesh,Kanpur,GP_Kanpur_15,14-07-2022,2024-25,MGNREGA,Pond Desilting,SAU Team B,1534707.9,,32603.44,5,Wage Delay,Pending Recovery,109,6123,384376.62,720019.79,6,Warning Issued
Bihar,Patna,GP_Patna_55,21-09-2022,2024-25,NSAP,Toilet Construction,District Audit Unit,678768.32,97587.75,71244.09,3,Fund Diversion,ATR Pending,117,7564,588237.55,460228.46,21,
Andhra Pradesh,Vizag,GP_Vizag_70,18-03-2023,2023-24,SBM-G,School Building,SAU Team A,298865.21,108279.64,15848.7,1,Wage Delay,Pending Recovery,91,3630,595638.47,270755.93,17,Recovery Initiated
Karnataka,Bangalore,GP_Bangalore_64,04-04-2024,2023-24,SBM-G,School Building,District Audit Unit,702315.9,113389.1,36672.4,4,Fund Diversion,ATR Pending,377,2398,92443.28,196803.07,5,Recovery Initiated
Bihar,Gaya,GP_Gaya_10,05-05-2022,2024-25,PMGSY,Toilet Construction,SAU Team A,391144.73,16739.31,15846.38,4,Ghost Beneficiary,Completed,342,3814,902566.37,310273.43,23,Recovery Initiated
Kerala,Ernakulam,GP_Ernakulam_21,30-05-2022,2022-23,PMAY-G,School Building,SAU Team A,1709854.4,39715.08,76569.94,4,,ATR Pending,359,2311,822005.59,473226.38,12,Suspended Official
Uttar Pradesh,Lucknow,GP_Lucknow_89,07-09-2022,2022-23,MGNREGA,Pond Desilting,District Audit Unit,593984.08,,36485.37,9,Incomplete Work,Completed,82,1932,892339.79,613752.38,7,FIR Filed
Karnataka,Mysore,GP_Mysore_9,25-07-2024,2024-25,PMAY-G,Pond Desilting,District Audit Unit,671416.55,84834.04,18058.46,1,Ghost Beneficiary,ATR Pending,451,4499,734276.3,210084.01,12,Recovery Initiated
Tamil Nadu,Coimbatore,GP_Coimbatore_75,24-04-2023,2022-23,NSAP,Toilet Construction,SAU Team A,1957734.68,87691.25,20310.2,1,Material Overbilling,Closed,349,4901,747528.86,207146.39,6,No Action
Karnataka,Mysore,GP_Mysore_43,16-01-2023,2023-24,PMAY-G,School Building,District Audit Unit,1137906.52,110630.73,58060.52,1,Wage Delay,Closed,476,1960,787684.37,172761.62,24,FIR Filed
Karnataka,Bangalore,GP_Bangalore_12,13-01-2023,2021-22,PMGSY,Pond Desilting,SAU Team B,1251275.13,121125.38,60951.66,9,,ATR Pending,441,1804,36592.14,539623.72,21,Suspended Official
Tamil Nadu,Chennai,GP_Chennai_76,03-07-2024,2024-25,SBM-G,School Building,District Audit Unit,725676.73,40894.58,28997.06,4,No Muster Roll,Closed,434,6353,223144.83,230914.28,19,Warning Issued
Maharashtra,Pune,GP_Pune_96,20-02-2024,2021-22,PMGSY,School Building,District Audit Unit,1571505.7,54061.77,30268.43,2,,Closed,75,1371,316985.81,,15,Suspended Official
Karnataka,Bangalore,GP_Bangalore_3,07-07-2022,2023-24,PMAY-G,Water Tank,District Audit Unit,1529878.89,15796.88,34033.21,0,Wage Delay,Completed,473,1079,55834.46,590152.92,20,FIR Filed
Maharashtra,Pune,GP_Pune_83,25-04-2023,2021-22,NSAP,Road Construction,SAU Team A,1790847.96,16227.93,54390.2,4,No Muster Roll,Closed,123,4776,631904.91,722314.1,24,FIR Filed
Karnataka,Mysore,GP_Mysore_20,11-09-2024,2023-24,PMGSY,Pond Desilting,SAU Team B,1516639.53,114425.01,74019.76,4,Incomplete Work,Completed,324,4298,475202.82,290937.3,10,Suspended Official
Uttar Pradesh,Kanpur,GP_Kanpur_30,09-09-2024,2023-24,MGNREGA,Water Tank,SAU Team B,1617689.89,140717.75,,4,Material Overbilling,Completed,174,781,152295.66,152054.3,22,No Action
Andhra Pradesh,Vizag,GP_Vizag_66,08-07-2024,2022-23,SBM-G,Toilet Construction,SAU Team A,113297.28,20961.1,22722.82,6,Wage Delay,Under Review,323,369,488987.54,53260.35,13,Warning Issued
Tamil Nadu,Chennai,GP_Chennai_25,10-03-2024,2024-25,PMAY-G,Toilet Construction,SAU Team B,1609983.76,144938.06,65172.36,6,Material Overbilling,ATR Pending,442,4964,434111.41,644273.25,14,Warning Issued
Bihar,Gaya,GP_Gaya_80,07-01-2022,2024-25,PMGSY,School Building,SAU Team B,1524339.64,95.92,,3,No Muster Roll,Completed,145,3356,95946.1,163341.98,5,Warning Issued
Andhra Pradesh,Vijayawada,GP_Vijayawada_57,20-07-2022,2023-24,PMAY-G,Road Construction,SAU Team B,1772109.47,61601.44,17319.38,4,,Closed,233,1085,595034.98,153170.35,1,FIR Filed
Kerala,Ernakulam,GP_Ernakulam_16,07-09-2022,2024-25,MGNREGA,School Building,District Audit Unit,189330.19,37598.4,,3,,ATR Pending,376,4595,336856.64,133322.95,15,
Karnataka,Mysore,GP_Mysore_35,11-02-2024,2022-23,NSAP,Road Construction,SAU Team A,1201108.42,138187.22,34548.23,2,No Muster Roll,Under Review,407,2938,485608.74,,1,Recovery Initiated
Tamil Nadu,Chennai,GP_Chennai_45,12-07-2022,2023-24,PMGSY,School Building,District Audit Unit,1061676.21,120464.19,,11,No Muster Roll,ATR Pending,318,6129,838241.99,198324.7,24,Recovery Initiated
Rajasthan,Jaipur,GP_Jaipur_86,10-09-2022,2022-23,MGNREGA,Water Tank,SAU Team B,1097000.36,86236.59,67273.99,0,No Muster Roll,Completed,204,4913,535996,207759.47,20,Suspended Official
Kerala,Thrissur,GP_Thrissur_45,07-03-2022,2024-25,PMGSY,Road Construction,District Audit Unit,1525068.68,69680.04,27549.71,7,Wage Delay,Under Review,195,5952,979016,292475.46,6,
Tamil Nadu,Coimbatore,GP_Coimbatore_90,13-05-2024,2021-22,PMAY-G,Toilet Construction,District Audit Unit,852533.71,130222.27,60448.91,8,No Muster Roll,Closed,330,1167,421946.73,186489.65,11,No Action
Maharashtra,Mumbai,GP_Mumbai_57,04-05-2024,2023-24,NSAP,Water Tank,SAU Team A,539240.13,43172.94,74918.14,3,Wage Delay,ATR Pending,488,5455,128219.08,25040.78,1,No Action
Bihar,Gaya,GP_Gaya_56,03-01-2022,2022-23,NSAP,School Building,SAU Team A,134739.68,140290.52,73752.59,2,Material Overbilling,Under Review,20,2458,305042.77,762669.81,3,Suspended Official
Bihar,Patna,GP_Patna_59,09-06-2023,2023-24,NSAP,School Building,SAU Team A,210567.22,68675.29,53781.88,8,Incomplete Work,Under Review,417,2984,664640.34,620316.19,19,No Action
Bihar,Gaya,GP_Gaya_78,18-04-2022,2021-22,PMAY-G,Toilet Construction,SAU Team B,1498853.74,45922.3,28424.29,0,No Muster Roll,Closed,376,2179,76177.79,50271.64,1,FIR Filed
Kerala,Thrissur,GP_Thrissur_56,21-09-2023,2023-24,PMGSY,Pond Desilting,SAU Team B,1904668.79,,,4,Ghost Beneficiary,Under Review,317,7250,776831.09,730011.75,20,FIR Filed
Rajasthan,Jaipur,GP_Jaipur_44,19-02-2023,2021-22,SBM-G,School Building,SAU Team B,391644.61,84250.83,45165.72,10,Ghost Beneficiary,Completed,130,2919,668450.67,568481.79,24,Recovery Initiated
Rajasthan,Udaipur,GP_Udaipur_47,08-05-2024,2022-23,NSAP,Pond Desilting,SAU Team A,316991.71,76461.37,1624.84,0,Ghost Beneficiary,ATR Pending,420,2272,315142.23,644406.44,4,FIR Filed
Kerala,Ernakulam,GP_Ernakulam_85,24-11-2022,2023-24,MGNREGA,School Building,SAU Team A,608063.18,101202.13,21741.5,9,Wage Delay,Under Review,308,2720,246693.4,,15,FIR Filed
Maharashtra,Pune,GP_Pune_32,29-07-2024,2023-24,NSAP,School Building,SAU Team A,1577042.42,145394.2,36507.86,6,Incomplete Work,Pending Recovery,41,1441,396854.6,532744.65,12,Warning Issued
Maharashtra,Mumbai,GP_Mumbai_30,24-12-2022,2023-24,NSAP,Water Tank,SAU Team B,1949174.04,76600.41,68566.73,9,Ghost Beneficiary,ATR Pending,452,4081,637606.06,782116.7,17,Recovery Initiated
Uttar Pradesh,Kanpur,GP_Kanpur_3,14-02-2023,2023-24,MGNREGA,Road Construction,SAU Team A,1297864.84,109814.74,32602.75,0,Ghost Beneficiary,Pending Recovery,67,954,34153.26,378838.54,23,FIR Filed
Uttar Pradesh,Lucknow,GP_Lucknow_41,17-05-2024,2022-23,MGNREGA,Road Construction,SAU Team B,818075.04,127505.98,33844.19,10,Material Overbilling,Completed,264,7227,527684.97,798522.79,12,Suspended Official
Andhra Pradesh,Vijayawada,GP_Vijayawada_88,09-05-2023,2021-22,PMGSY,School Building,District Audit Unit,1986083.7,52820.77,7893.7,3,No Muster Roll,Pending Recovery,193,3328,198426.26,794609.21,20,Suspended Official
Maharashtra,Mumbai,GP_Mumbai_28,02-05-2023,2024-25,NSAP,Road Construction,SAU Team A,830457.77,127592.73,43684.37,10,Wage Delay,ATR Pending,248,370,520008.94,751977.87,20,Warning Issued
Uttar Pradesh,Lucknow,GP_Lucknow_61,28-03-2024,2023-24,SBM-G,Toilet Construction,SAU Team B,1611527.66,147626.32,11350.81,7,Incomplete Work,Closed,100,4301,974284.12,407861.01,16,Suspended Official
Uttar Pradesh,Lucknow,GP_Lucknow_52,23-11-2022,2022-23,NSAP,Road Construction,SAU Team A,304765.22,65594.4,30475.66,11,Incomplete Work,Completed,381,5758,247047.35,386073.69,15,Suspended Official
Bihar,Patna,GP_Patna_57,30-10-2022,2023-24,MGNREGA,Pond Desilting,SAU Team A,1771802.22,26896.92,33873.34,7,Material Overbilling,Completed,273,5492,409614.69,225037.32,15,Recovery Initiated
Uttar Pradesh,Kanpur,GP_Kanpur_47,26-07-2023,2024-25,PMAY-G,Toilet Construction,SAU Team B,324140.42,131524.95,43759.67,6,,ATR Pending,109,4514,894001.69,64449.34,8,Suspended Official
Maharashtra,Mumbai,GP_Mumbai_5,22-09-2022,2024-25,MGNREGA,Road Construction,SAU Team A,719670.2,82144.6,61247.21,2,Fund Diversion,ATR Pending,288,307,832870.89,787641.23,6,Recovery Initiated
Andhra Pradesh,Vizag,GP_Vizag_67,23-10-2022,2022-23,MGNREGA,Water Tank,District Audit Unit,1954155.57,73756.89,41959.14,5,Incomplete Work,Completed,309,6522,561783.21,690717.13,23,
Rajasthan,Jaipur,GP_Jaipur_79,28-01-2024,2024-25,PMAY-G,Road Construction,District Audit Unit,1309630.31,31035.43,39513.81,0,No Muster Roll,Pending Recovery,341,4526,684181.87,409038.81,18,No Action
Tamil Nadu,Chennai,GP_Chennai_73,29-02-2024,2024-25,NSAP,Water Tank,SAU Team B,235742.29,63349.18,74418.02,6,Wage Delay,ATR Pending,133,5638,625596.41,491397.33,22,Suspended Official
Uttar Pradesh,Kanpur,GP_Kanpur_6,23-05-2023,2024-25,PMGSY,Toilet Construction,SAU Team A,487515.31,28056.4,16646.41,4,Material Overbilling,Under Review,472,2406,179061.69,371304.15,4,Warning Issued
Uttar Pradesh,Kanpur,GP_Kanpur_77,19-02-2022,2022-23,MGNREGA,Pond Desilting,District Audit Unit,735713.08,104325.67,40924.5,10,Incomplete Work,Completed,74,2568,646894.34,,21,
Karnataka,Bangalore,GP_Bangalore_66,31-12-2022,2024-25,MGNREGA,Water Tank,SAU Team A,1048461.66,108991.2,15967,5,Fund Diversion,ATR Pending,285,3183,250192.36,657066.79,12,Suspended Official
Maharashtra,Pune,GP_Pune_91,04-11-2022,2023-24,MGNREGA,Road Construction,SAU Team A,67222.09,57375.26,67890.22,8,No Muster Roll,Pending Recovery,325,237,418994.25,502012.11,2,Suspended Official
Andhra Pradesh,Vizag,GP_Vizag_62,12-11-2022,2023-24,PMGSY,Water Tank,SAU Team B,636572.01,,38997.58,6,Material Overbilling,Closed,86,7159,959382.12,742833.8,19,No Action
Maharashtra,Pune,GP_Pune_82,09-06-2024,2023-24,PMAY-G,Pond Desilting,SAU Team B,1279393.68,54857.38,6884.36,3,No Muster Roll,Pending Recovery,221,7929,138538.61,524816.14,2,Recovery Initiated
Rajasthan,Udaipur,GP_Udaipur_85,15-05-2023,2024-25,MGNREGA,Water Tank,SAU Team B,1061299.31,135880.37,13729.87,11,Incomplete Work,Under Review,33,5547,352715.79,192304.65,6,No Action
Rajasthan,Udaipur,GP_Udaipur_2,21-12-2023,2021-22,NSAP,School Building,SAU Team B,1628218.52,17993.43,,7,Wage Delay,Under Review,73,7969,116963.97,200231.45,23,FIR Filed
Tamil Nadu,Chennai,GP_Chennai_26,11-07-2024,2022-23,PMGSY,Road Construction,SAU Team A,142849.69,39604.06,,5,Incomplete Work,ATR Pending,168,4617,699323.26,47755.27,8,Warning Issued
Rajasthan,Udaipur,GP_Udaipur_41,17-04-2022,2022-23,PMGSY,Toilet Construction,District Audit Unit,1486537.46,101826.96,43404.26,0,No Muster Roll,Under Review,321,340,414075.04,265658.41,5,
Uttar Pradesh,Kanpur,GP_Kanpur_47,04-09-2022,2023-24,NSAP,Water Tank,District Audit Unit,967177.15,143254.24,4451.26,9,No Muster Roll,Closed,160,2073,996972.67,603931.54,2,Suspended Official
Rajasthan,Jaipur,GP_Jaipur_53,06-07-2024,2021-22,PMAY-G,School Building,SAU Team A,1408266.78,881.94,37188.92,8,Incomplete Work,Pending Recovery,188,3739,464071.17,267146.71,9,No Action
Bihar,Gaya,GP_Gaya_72,15-03-2022,2024-25,PMAY-G,Road Construction,SAU Team A,715150.29,43392.36,1255.59,6,Wage Delay,Closed,272,1054,597195.93,33371.51,14,Warning Issued
Kerala,Thrissur,GP_Thrissur_50,19-05-2023,2023-24,NSAP,Water Tank,SAU Team B,307679.59,21048.42,59424.37,2,Ghost Beneficiary,Pending Recovery,209,5124,823502.42,559627.12,4,FIR Filed
Uttar Pradesh,Kanpur,GP_Kanpur_9,06-12-2022,2021-22,PMGSY,School Building,SAU Team A,618576.55,49644.44,44071.63,7,,Pending Recovery,497,1805,448814.02,186351.64,17,No Action
Rajasthan,Jaipur,GP_Jaipur_22,26-09-2024,2022-23,PMGSY,School Building,SAU Team A,176553.47,8775.18,69533.93,2,Fund Diversion,ATR Pending,367,4575,255119.56,475834.8,9,
Karnataka,Mysore,GP_Mysore_88,19-05-2022,2023-24,NSAP,Pond Desilting,SAU Team A,989653.1,35053.61,67811.61,4,Material Overbilling,Pending Recovery,348,6278,419850.03,68127.91,21,Warning Issued
Bihar,Patna,GP_Patna_58,02-11-2023,2022-23,PMGSY,Toilet Construction,SAU Team B,1017792.03,23184.6,16086.26,11,Material Overbilling,Pending Recovery,102,7743,773531.25,139494.59,21,No Action
Rajasthan,Udaipur,GP_Udaipur_95,18-03-2024,2024-25,MGNREGA,School Building,SAU Team A,1176637.98,80580.83,37884.31,11,Material Overbilling,Completed,310,6228,651563.32,49599.88,11,Suspended Official
Karnataka,Mysore,GP_Mysore_48,06-10-2023,2021-22,SBM-G,Toilet Construction,SAU Team A,1642322.45,140654.89,70726.86,1,No Muster Roll,Pending Recovery,254,5238,264003.6,742064.21,0,FIR Filed
Karnataka,Mysore,GP_Mysore_86,20-07-2022,2022-23,NSAP,Pond Desilting,SAU Team A,461964.28,2944.84,13911.37,6,Incomplete Work,ATR Pending,334,2488,28814.41,104068.01,16,Suspended Official
Maharashtra,Pune,GP_Pune_72,29-10-2022,2021-22,NSAP,Road Construction,District Audit Unit,336572.79,103273.17,64759.87,4,Wage Delay,ATR Pending,419,3592,438789.66,164133.59,1,No Action
Tamil Nadu,Coimbatore,GP_Coimbatore_91,20-10-2022,2023-24,PMAY-G,Water Tank,SAU Team B,1260881.94,,766.88,1,Incomplete Work,Closed,229,4779,850403.03,209124.97,18,No Action
Andhra Pradesh,Vizag,GP_Vizag_16,08-11-2023,2021-22,PMGSY,Pond Desilting,District Audit Unit,681509.23,28016.6,5906.29,8,Ghost Beneficiary,Under Review,336,6030,220983.14,95374.74,6,No Action
Tamil Nadu,Coimbatore,GP_Coimbatore_84,03-12-2022,2024-25,PMGSY,Water Tank,District Audit Unit,864732.59,,,2,Material Overbilling,ATR Pending,417,4169,442490.63,382262.5,23,Recovery Initiated
Kerala,Ernakulam,GP_Ernakulam_88,10-05-2022,2022-23,SBM-G,Road Construction,SAU Team A,849819.35,46974.17,27919.21,9,Wage Delay,Pending Recovery,222,1326,483638.84,683801.21,15,No Action
Bihar,Gaya,GP_Gaya_12,18-05-2024,2021-22,PMGSY,Water Tank,District Audit Unit,1127381.78,96677.22,1423.84,10,Ghost Beneficiary,Closed,366,4738,797374.91,761767.21,13,Recovery Initiated
Andhra Pradesh,Vijayawada,GP_Vijayawada_45,26-05-2023,2024-25,SBM-G,Road Construction,District Audit Unit,488045.61,83982.92,67531.24,7,No Muster Roll,Pending Recovery,242,871,710547.02,426266.3,9,Warning Issued
Bihar,Gaya,GP_Gaya_47,27-07-2023,2024-25,PMAY-G,School Building,District Audit Unit,1087879.32,52528.41,32482.74,5,Fund Diversion,Closed,336,3796,754956,,10,Warning Issued
Uttar Pradesh,Lucknow,GP_Lucknow_34,29-09-2022,2023-24,NSAP,Pond Desilting,SAU Team B,1218281.44,51256.45,,4,Fund Diversion,Closed,457,7901,446899.62,574330.6,14,Recovery Initiated
Kerala,Thrissur,GP_Thrissur_91,30-12-2023,2023-24,SBM-G,Pond Desilting,SAU Team A,889984.26,92803.1,13313.61,6,Material Overbilling,ATR Pending,10,6815,602874.76,559900.53,2,Suspended Official
Tamil Nadu,Chennai,GP_Chennai_49,13-06-2022,2021-22,MGNREGA,Water Tank,District Audit Unit,248770.92,17786.01,32470.37,5,Ghost Beneficiary,Completed,369,6602,582673.53,526367.25,1,Recovery Initiated
Andhra Pradesh,Vizag,GP_Vizag_82,27-04-2023,2022-23,MGNREGA,Pond Desilting,SAU Team A,1568199.5,41245.4,21117.34,0,Wage Delay,Closed,484,1201,377524.62,550455.01,1,Warning Issued
Tamil Nadu,Chennai,GP_Chennai_17,10-11-2022,2024-25,SBM-G,Water Tank,District Audit Unit,242802.41,59089.95,37626.41,6,Material Overbilling,ATR Pending,183,600,542556.58,172686.4,5,Warning Issued
Rajasthan,Jaipur,GP_Jaipur_20,25-10-2022,2021-22,PMAY-G,Water Tank,SAU Team B,477011.45,88272.92,11804.61,4,Fund Diversion,Completed,448,7189,115675.67,632032.82,10,Suspended Official
Andhra Pradesh,Vizag,GP_Vizag_4,22-10-2023,2023-24,MGNREGA,School Building,District Audit Unit,883474.46,,15398.03,6,Material Overbilling,Under Review,489,981,402473.29,361063.05,17,Recovery Initiated
Kerala,Thrissur,GP_Thrissur_13,07-08-2023,2023-24,PMGSY,Pond Desilting,District Audit Unit,1175231.63,133385.72,29933.69,9,Material Overbilling,ATR Pending,480,4005,226937.26,227479.21,19,Warning Issued
Rajasthan,Udaipur,GP_Udaipur_34,14-03-2022,2021-22,NSAP,School Building,SAU Team B,309347.24,109938.34,13834.52,3,Incomplete Work,Closed,65,3852,931245.64,513509.78,5,No Action
Bihar,Gaya,GP_Gaya_53,23-10-2022,2021-22,NSAP,Toilet Construction,District Audit Unit,337671.48,138574.08,63416.04,5,Material Overbilling,Pending Recovery,158,4861,741710.85,207393.3,6,
Kerala,Ernakulam,GP_Ernakulam_65,04-07-2022,2022-23,NSAP,School Building,SAU Team A,688138.1,118680.64,68834.45,4,,Completed,21,6549,691506.53,793505.07,14,Suspended Official
Bihar,Patna,GP_Patna_76,17-09-2023,2023-24,PMGSY,Pond Desilting,District Audit Unit,279319.25,38812.75,44181.42,11,No Muster Roll,Pending Recovery,494,2432,546072.9,13538.79,12,Warning Issued
Andhra Pradesh,Vizag,GP_Vizag_27,12-05-2024,2021-22,PMAY-G,Water Tank,SAU Team A,1297253.39,13456.19,70083.13,1,Wage Delay,Closed,313,6636,315484.24,431135.3,6,Suspended Official
Rajasthan,Jaipur,GP_Jaipur_78,23-04-2022,2022-23,MGNREGA,Pond Desilting,SAU Team B,1800872.59,13863.17,49985.85,9,Wage Delay,ATR Pending,13,3389,637807.71,222798.17,8,No Action
Tamil Nadu,Chennai,GP_Chennai_51,10-09-2022,2024-25,NSAP,Pond Desilting,SAU Team B,776013.88,58124.61,6791.6,10,Fund Diversion,ATR Pending,91,1075,486523.3,58543.85,7,Suspended Official
Uttar Pradesh,Lucknow,GP_Lucknow_28,11-05-2023,2023-24,SBM-G,Pond Desilting,SAU Team A,1492193.65,,,6,Wage Delay,Pending Recovery,230,7218,239296.85,479215.8,14,Warning Issued
Uttar Pradesh,Lucknow,GP_Lucknow_93,26-10-2022,2024-25,SBM-G,Water Tank,SAU Team B,277375.78,109600.8,74719.63,9,,Under Review,265,4677,423427.88,14493.7,12,
Kerala,Ernakulam,GP_Ernakulam_62,06-01-2022,2022-23,NSAP,Road Construction,SAU Team A,216977,48486.8,54635.34,8,Wage Delay,ATR Pending,196,6055,918290.91,218453.25,7,
Uttar Pradesh,Kanpur,GP_Kanpur_6,12-11-2022,2024-25,SBM-G,Toilet Construction,SAU Team B,674107.94,88703.72,41034.38,8,Incomplete Work,Under Review,327,3634,104008.51,339758.16,16,FIR Filed
Karnataka,Mysore,GP_Mysore_46,13-05-2023,2023-24,SBM-G,Road Construction,SAU Team B,1714287.3,49960.99,11397.05,1,Fund Diversion,Completed,79,3085,693093.79,165782.23,7,Recovery Initiated
Andhra Pradesh,Vijayawada,GP_Vijayawada_82,08-06-2024,2021-22,PMAY-G,Road Construction,SAU Team A,541790.1,65003.34,31874.01,7,Wage Delay,Completed,320,4269,860184.74,,2,No Action
Tamil Nadu,Chennai,GP_Chennai_25,02-02-2024,2024-25,MGNREGA,School Building,SAU Team A,1195380.08,18790.14,55268.09,4,Material Overbilling,ATR Pending,335,7775,240760.46,699457.08,17,Warning Issued
Kerala,Thrissur,GP_Thrissur_74,08-05-2022,2021-22,MGNREGA,School Building,SAU Team A,1806415.33,115364.05,71899.24,9,,Pending Recovery,14,556,174376.78,659768.98,23,No Action
Tamil Nadu,Coimbatore,GP_Coimbatore_12,18-05-2024,2024-25,NSAP,Toilet Construction,SAU Team B,899157.77,82404.68,,1,Incomplete Work,ATR Pending,366,885,451313.59,151648.79,20,Suspended Official
Maharashtra,Pune,GP_Pune_4,18-09-2023,2021-22,PMGSY,Road Construction,SAU Team A,1638379.88,126001.27,8423.43,6,No Muster Roll,Closed,71,760,206778.5,615375.72,3,
Tamil Nadu,Chennai,GP_Chennai_83,07-09-2024,2023-24,MGNREGA,Pond Desilting,District Audit Unit,135343.4,31982.13,41019.77,10,No Muster Roll,Pending Recovery,340,4929,625711.23,425611.76,14,Suspended Official
Rajasthan,Udaipur,GP_Udaipur_9,27-05-2022,2022-23,SBM-G,School Building,SAU Team B,337360.58,,49224.09,6,Fund Diversion,ATR Pending,279,4594,548407.05,163177.77,7,Suspended Official
Rajasthan,Jaipur,GP_Jaipur_33,04-08-2024,2024-25,PMAY-G,School Building,District Audit Unit,86629.44,25390.75,43018.61,8,Incomplete Work,ATR Pending,218,1260,81154.27,357071.1,16,Suspended Official
Andhra Pradesh,Vijayawada,GP_Vijayawada_68,17-08-2022,2023-24,PMGSY,School Building,SAU Team B,678480.07,,17665.99,6,Wage Delay,Closed,358,352,555970.84,241728.73,17,Suspended Official
Bihar,Patna,GP_Patna_27,12-06-2022,2024-25,MGNREGA,Road Construction,District Audit Unit,738618.7,116773.96,35073.51,1,Incomplete Work,ATR Pending,121,5759,162236.9,230133.77,9,Recovery Initiated
Tamil Nadu,Chennai,GP_Chennai_11,16-11-2022,2021-22,PMAY-G,Road Construction,SAU Team A,1620233.77,,48023.24,4,Fund Diversion,Pending Recovery,328,7418,979852.81,580787.72,10,Suspended Official
Uttar Pradesh,Kanpur,GP_Kanpur_21,10-04-2023,2022-23,NSAP,Toilet Construction,District Audit Unit,596103.75,94016.55,21697.62,11,No Muster Roll,ATR Pending,57,6857,596340.4,182635.54,6,
Rajasthan,Jaipur,GP_Jaipur_63,30-04-2022,2021-22,PMAY-G,Toilet Construction,SAU Team B,1480247.53,55203.22,13672.42,0,Material Overbilling,Completed,27,266,276585.13,357570.89,4,Recovery Initiated
Rajasthan,Jaipur,GP_Jaipur_15,20-07-2023,2024-25,PMAY-G,Water Tank,District Audit Unit,133854.22,19693.03,56435.91,4,Ghost Beneficiary,Pending Recovery,329,670,614671.68,315374.65,8,Suspended Official
Bihar,Patna,GP_Patna_9,14-10-2022,2022-23,PMAY-G,School Building,District Audit Unit,55202.93,108011.72,71012.65,6,,ATR Pending,462,343,146990.52,456664.8,18,FIR Filed
Maharashtra,Pune,GP_Pune_63,14-09-2023,2022-23,SBM-G,School Building,SAU Team B,1625928.08,135424.05,70423.82,0,Wage Delay,Closed,375,5203,253939.42,210892.98,20,Suspended Official
Kerala,Ernakulam,GP_Ernakulam_39,24-07-2024,2023-24,MGNREGA,School Building,District Audit Unit,1132116.71,142719.55,992.78,10,Ghost Beneficiary,ATR Pending,304,844,586598.96,240246.8,0,
Maharashtra,Pune,GP_Pune_24,12-03-2023,2021-22,MGNREGA,Toilet Construction,District Audit Unit,283792.1,97515.08,14220.26,10,,Pending Recovery,280,3134,246509.22,265933.88,20,No Action
Karnataka,Mysore,GP_Mysore_66,05-10-2022,2024-25,PMAY-G,Pond Desilting,District Audit Unit,1935555.22,40955.82,46629.73,2,No Muster Roll,Pending Recovery,387,5867,350158.26,422922.25,9,Suspended Official
Kerala,Ernakulam,GP_Ernakulam_25,05-01-2022,2022-23,PMGSY,Toilet Construction,SAU Team B,634949.12,42520.16,2340.97,0,No Muster Roll,Under Review,74,7872,92269.28,213883.56,17,Warning Issued
Uttar Pradesh,Kanpur,GP_Kanpur_16,09-10-2022,2021-22,NSAP,Toilet Construction,SAU Team B,93614.74,16306.35,45830.93,5,Fund Diversion,Under Review,19,2633,749005.45,433175.44,19,Suspended Official
Andhra Pradesh,Vizag,GP_Vizag_96,02-09-2023,2021-22,MGNREGA,School Building,District Audit Unit,727888.42,5073.19,36783.52,10,Wage Delay,ATR Pending,422,674,335554.02,,6,Recovery Initiated
Rajasthan,Jaipur,GP_Jaipur_15,08-05-2024,2021-22,SBM-G,Toilet Construction,District Audit Unit,703430.25,117842.66,1141.69,4,Fund Diversion,Completed,35,1612,77446.59,489039.79,2,No Action
Bihar,Gaya,GP_Gaya_29,12-03-2022,2022-23,PMAY-G,Water Tank,SAU Team B,1791408.42,4027.19,59575.12,10,,ATR Pending,69,2792,567624.82,,21,Suspended Official
Rajasthan,Udaipur,GP_Udaipur_31,28-02-2024,2023-24,NSAP,Water Tank,SAU Team A,1872347.11,,54209.05,9,No Muster Roll,Pending Recovery,270,5325,139858.23,,16,Warning Issued
Karnataka,Mysore,GP_Mysore_28,12-06-2022,2023-24,PMAY-G,Pond Desilting,SAU Team B,1925888.12,45409.41,58602.63,7,,Under Review,466,2068,156040.35,616828.33,8,Suspended Official
Karnataka,Mysore,GP_Mysore_75,20-02-2023,2024-25,MGNREGA,Pond Desilting,District Audit Unit,1101729,84751.24,43166.05,3,Wage Delay,ATR Pending,118,863,520567.33,519372.43,3,FIR Filed
Bihar,Gaya,GP_Gaya_26,17-12-2023,2023-24,SBM-G,Pond Desilting,SAU Team A,228140.04,,59428.26,3,Material Overbilling,ATR Pending,444,7043,133006.27,251006.59,7,No Action
Bihar,Patna,GP_Patna_25,04-10-2022,2023-24,SBM-G,Water Tank,District Audit Unit,1716754.96,116810.72,77832.16,10,Incomplete Work,Completed,188,5101,976139.09,775621.88,10,FIR Filed
Bihar,Gaya,GP_Gaya_23,12-08-2022,2023-24,PMGSY,School Building,SAU Team B,578743.2,58214.46,77580.8,10,Wage Delay,ATR Pending,430,1649,938884.23,26720.7,5,Suspended Official
Andhra Pradesh,Vizag,GP_Vizag_22,11-07-2023,2023-24,MGNREGA,Water Tank,SAU Team B,1395283.03,11500.86,67336.46,8,Material Overbilling,Under Review,424,1897,969883.86,394258.97,18,
Kerala,Thrissur,GP_Thrissur_61,21-01-2022,2023-24,MGNREGA,School Building,District Audit Unit,124945.12,126663.45,23340.41,4,Ghost Beneficiary,ATR Pending,187,4641,856494.52,68719.8,20,No Action
Maharashtra,Mumbai,GP_Mumbai_78,26-12-2023,2022-23,MGNREGA,Pond Desilting,SAU Team A,160574.07,120248.66,,11,Wage Delay,Closed,246,422,349406.83,153110.56,20,Warning Issued
Maharashtra,Pune,GP_Pune_96,08-06-2022,2021-22,PMGSY,Road Construction,SAU Team A,1285777.41,118524.87,43171.78,9,Incomplete Work,Closed,134,4557,553938.45,344860.07,10,No Action
Maharashtra,Pune,GP_Pune_97,11-07-2022,2024-25,PMGSY,Pond Desilting,SAU Team A,1621860.22,46752.49,34238.89,1,Wage Delay,Completed,380,6125,78480.38,211478.18,22,No Action
Uttar Pradesh,Lucknow,GP_Lucknow_82,01-10-2023,2021-22,MGNREGA,Road Construction,SAU Team B,816799.86,119961.1,,3,Incomplete Work,Under Review,228,6257,776894.16,168610.39,19,Recovery Initiated
Tamil Nadu,Coimbatore,GP_Coimbatore_28,07-04-2023,2022-23,PMGSY,Road Construction,SAU Team B,208905.46,79825.49,25897.3,8,Ghost Beneficiary,Pending Recovery,212,6790,212477.85,,13,Suspended Official
Maharashtra,Mumbai,GP_Mumbai_72,18-08-2022,2022-23,PMGSY,School Building,SAU Team B,1786953.9,72337.74,31718.03,7,No Muster Roll,Pending Recovery,465,5529,329596.98,,11,Warning Issued
Kerala,Thrissur,GP_Thrissur_29,03-09-2023,2023-24,SBM-G,Water Tank,SAU Team A,1183984.42,109487.34,50796.3,5,Ghost Beneficiary,Under Review,318,6550,304848.88,214704.88,10,FIR Filed
Maharashtra,Pune,GP_Pune_35,23-03-2023,2021-22,SBM-G,Road Construction,SAU Team B,1469033.56,83786.01,16734.89,7,No Muster Roll,Closed,116,6543,142569.81,,9,FIR Filed
Tamil Nadu,Coimbatore,GP_Coimbatore_24,25-07-2023,2021-22,SBM-G,Road Construction,SAU Team B,401035.19,48876.61,9176.99,6,Wage Delay,Closed,67,5411,665932.45,482819.71,22,No Action
Uttar Pradesh,Kanpur,GP_Kanpur_30,10-03-2023,2023-24,PMAY-G,Pond Desilting,SAU Team A,965180.43,77009.1,66323.01,8,Material Overbilling,Closed,138,5290,721693.37,,2,Recovery Initiated
Andhra Pradesh,Vijayawada,GP_Vijayawada_19,15-10-2022,2024-25,SBM-G,Road Construction,SAU Team B,756476.09,10428.23,76055.05,0,Incomplete Work,Pending Recovery,490,1012,532782.13,82972.96,2,Warning Issued
Rajasthan,Jaipur,GP_Jaipur_71,14-06-2023,2022-23,NSAP,Road Construction,SAU Team B,921623.27,,52977.01,6,No Muster Roll,Closed,108,4325,293259.88,748446.47,17,Suspended Official
Uttar Pradesh,Lucknow,GP_Lucknow_86,07-06-2023,2022-23,PMAY-G,Road Construction,District Audit Unit,1242574.26,25143.3,30870.46,0,Wage Delay,Completed,105,3304,369411.3,58825.35,1,Recovery Initiated
Maharashtra,Mumbai,GP_Mumbai_46,18-06-2024,2021-22,PMAY-G,Pond Desilting,SAU Team B,1156597.46,132474.85,62376.92,10,,Completed,499,360,669273.43,729336.28,6,FIR Filed
Tamil Nadu,Coimbatore,GP_Coimbatore_90,13-07-2022,2024-25,SBM-G,School Building,District Audit Unit,1849228.8,94939.83,27723.29,5,No Muster Roll,Completed,395,827,695805.34,384392.65,2,Suspended Official
Bihar,Patna,GP_Patna_51,05-06-2022,2022-23,MGNREGA,Water Tank,SAU Team B,810061.87,4248.65,48670.74,3,Fund Diversion,Closed,401,5891,622820.82,565035.49,5,Warning Issued
Andhra Pradesh,Vizag,GP_Vizag_19,16-11-2023,2023-24,MGNREGA,Road Construction,District Audit Unit,1693753.26,64662.31,52044.4,10,Fund Diversion,Closed,81,4364,584085.79,,1,Recovery Initiated
Tamil Nadu,Chennai,GP_Chennai_98,09-07-2022,2024-25,PMGSY,School Building,SAU Team B,787395.65,18628.12,42242.71,10,Material Overbilling,Completed,43,3027,313211.6,130365.41,8,No Action
Kerala,Ernakulam,GP_Ernakulam_40,31-01-2023,2024-25,SBM-G,Water Tank,SAU Team A,913557.89,126737.11,,5,Ghost Beneficiary,Completed,66,3765,393759.91,428886.2,5,Recovery Initiated
Tamil Nadu,Coimbatore,GP_Coimbatore_8,04-04-2022,2021-22,NSAP,School Building,District Audit Unit,948795.51,127801.63,7176.91,4,Wage Delay,ATR Pending,129,5132,827433.88,241729.38,13,No Action
Uttar Pradesh,Kanpur,GP_Kanpur_53,11-06-2022,2024-25,NSAP,Road Construction,SAU Team A,1993855.33,3111.2,29769.62,6,Incomplete Work,Under Review,454,3578,411791.99,763729.01,24,FIR Filed
Kerala,Thrissur,GP_Thrissur_12,22-06-2023,2022-23,NSAP,Road Construction,SAU Team B,1925856.43,130822.03,28426.89,8,Material Overbilling,Closed,280,3018,817778.48,400573.4,0,No Action
Maharashtra,Pune,GP_Pune_43,28-03-2023,2021-22,MGNREGA,Road Construction,District Audit Unit,833178.91,79068.59,,3,Ghost Beneficiary,ATR Pending,431,5367,809406.3,443696.29,1,No Action
Uttar Pradesh,Lucknow,GP_Lucknow_55,09-02-2023,2021-22,MGNREGA,Road Construction,SAU Team B,836357.82,29464.79,,5,No Muster Roll,Pending Recovery,186,3887,731487.24,84872.35,2,
Uttar Pradesh,Kanpur,GP_Kanpur_53,29-07-2023,2021-22,MGNREGA,Road Construction,District Audit Unit,258092.03,60059.08,1465.38,4,Fund Diversion,Under Review,36,7203,91256.99,,24,Warning Issued
Andhra Pradesh,Vizag,GP_Vizag_77,18-06-2024,2023-24,SBM-G,Road Construction,SAU Team B,80346.97,86804.26,17301.56,11,Ghost Beneficiary,Under Review,188,1923,442054.34,653136.64,15,Recovery Initiated
Rajasthan,Udaipur,GP_Udaipur_66,11-03-2023,2024-25,NSAP,Pond Desilting,District Audit Unit,1593402.35,95591.97,9934.38,4,,Pending Recovery,226,1445,251307.05,655061.15,14,FIR Filed
Kerala,Thrissur,GP_Thrissur_81,21-12-2022,2022-23,MGNREGA,Pond Desilting,SAU Team A,479475.56,84106.76,21841.87,3,Ghost Beneficiary,Pending Recovery,462,7790,824719.28,611772.15,24,Warning Issued
Karnataka,Mysore,GP_Mysore_73,09-05-2022,2021-22,NSAP,Pond Desilting,SAU Team B,164197.29,17297.85,42991.63,3,,Closed,23,2010,758317.72,654120.04,2,Recovery Initiated
Tamil Nadu,Chennai,GP_Chennai_8,28-04-2024,2021-22,PMGSY,Road Construction,SAU Team B,1556851.08,22532.23,,8,,ATR Pending,223,4848,424985.98,341167.77,10,No Action
Maharashtra,Mumbai,GP_Mumbai_22,08-07-2023,2021-22,MGNREGA,Water Tank,SAU Team A,421970.94,,31801.79,7,No Muster Roll,Closed,41,1991,575313.78,119777.03,5,No Action
Rajasthan,Udaipur,GP_Udaipur_15,13-10-2023,2023-24,PMAY-G,Water Tank,District Audit Unit,542508.69,35471.06,3543.42,1,Material Overbilling,Completed,37,3574,964740.31,315854.59,13,FIR Filed
Kerala,Thrissur,GP_Thrissur_78,10-08-2022,2024-25,SBM-G,Pond Desilting,SAU Team B,874569.35,8850.5,69393.85,2,No Muster Roll,Under Review,254,1385,917909.16,145501.74,12,Warning Issued
Uttar Pradesh,Lucknow,GP_Lucknow_34,06-02-2024,2023-24,SBM-G,School Building,SAU Team B,594216.02,3938.52,13119.04,9,Fund Diversion,Pending Recovery,385,4024,80174.96,466973.32,4,FIR Filed
Rajasthan,Jaipur,GP_Jaipur_58,25-04-2023,2024-25,NSAP,Toilet Construction,SAU Team A,1635164.42,42745.24,37135.65,11,Ghost Beneficiary,Closed,259,7674,68723.93,375997.08,22,FIR Filed
Bihar,Patna,GP_Patna_38,26-02-2024,2023-24,SBM-G,Toilet Construction,District Audit Unit,1732956.07,23946.43,6059.17,6,,ATR Pending,166,3114,421370.13,500501.73,11,
Kerala,Ernakulam,GP_Ernakulam_63,03-02-2023,2021-22,SBM-G,Road Construction,SAU Team B,305870.19,24798.67,65617.56,3,Fund Diversion,ATR Pending,176,4274,351898.49,329707.25,14,FIR Filed
Maharashtra,Mumbai,GP_Mumbai_90,24-02-2024,2023-24,SBM-G,Pond Desilting,District Audit Unit,1258934.27,36589.88,62547.22,5,Material Overbilling,Pending Recovery,362,4624,750135.8,568123.65,21,Suspended Official
Tamil Nadu,Coimbatore,GP_Coimbatore_6,14-03-2023,2021-22,MGNREGA,Toilet Construction,SAU Team A,607046.73,,21538.65,9,No Muster Roll,Closed,342,7803,369351.54,116840.22,21,
Maharashtra,Mumbai,GP_Mumbai_65,30-06-2022,2024-25,PMGSY,Road Construction,SAU Team B,486679.94,,71542.62,11,No Muster Roll,ATR Pending,216,7111,41487.9,,0,No Action
Maharashtra,Mumbai,GP_Mumbai_6,21-07-2022,2021-22,SBM-G,Pond Desilting,SAU Team B,80561.13,71336.61,54190.03,11,Incomplete Work,ATR Pending,229,975,556078.24,693078.72,19,Suspended Official
Karnataka,Bangalore,GP_Bangalore_34,31-05-2023,2024-25,SBM-G,School Building,SAU Team A,1058709.2,122890.65,55558.38,2,Incomplete Work,Completed,434,1774,643638.49,572227.81,0,
Maharashtra,Pune,GP_Pune_33,09-04-2024,2024-25,MGNREGA,Water Tank,SAU Team A,1981537.21,,54668.86,10,Fund Diversion,Completed,490,2780,291033.52,379957.16,5,No Action
Andhra Pradesh,Vizag,GP_Vizag_24,26-05-2024,2022-23,MGNREGA,Toilet Construction,SAU Team B,427409.58,26782.93,,4,No Muster Roll,Pending Recovery,153,1729,946875.45,574098.55,9,Suspended Official
Kerala,Ernakulam,GP_Ernakulam_47,12-10-2023,2024-25,PMAY-G,Toilet Construction,District Audit Unit,124699.56,95755.73,,1,No Muster Roll,Completed,116,2963,773715.15,390039.49,21,Warning Issued
Maharashtra,Mumbai,GP_Mumbai_34,23-02-2022,2024-25,MGNREGA,Toilet Construction,SAU Team A,1738951.07,56495.98,39849.64,6,Ghost Beneficiary,Completed,118,4091,50165.22,194985.72,18,Suspended Official
Tamil Nadu,Chennai,GP_Chennai_89,27-09-2022,2022-23,MGNREGA,Water Tank,SAU Team B,746883.99,79436.76,,8,Ghost Beneficiary,Under Review,444,423,427328.74,722595.25,21,Suspended Official
Bihar,Patna,GP_Patna_35,31-10-2022,2023-24,PMAY-G,Road Construction,SAU Team A,424736.83,62687.65,69159.16,9,Fund Diversion,Closed,348,1348,940846.41,645838.54,16,Warning Issued
Uttar Pradesh,Kanpur,GP_Kanpur_68,25-04-2023,2022-23,SBM-G,Pond Desilting,SAU Team B,1509139.8,119354.85,71632.3,9,Incomplete Work,Closed,322,7267,714904.95,194063.72,0,Recovery Initiated
Tamil Nadu,Coimbatore,GP_Coimbatore_61,07-06-2023,2021-22,PMGSY,Water Tank,District Audit Unit,1481308.48,129469.64,,0,Fund Diversion,Closed,282,934,958630.9,317229.29,4,No Action
Maharashtra,Mumbai,GP_Mumbai_68,27-05-2024,2023-24,MGNREGA,Pond Desilting,SAU Team A,470761.24,31586.67,35789.48,10,Wage Delay,Pending Recovery,329,6476,590465.53,448150.91,19,Recovery Initiated
Uttar Pradesh,Lucknow,GP_Lucknow_51,21-12-2022,2024-25,PMGSY,School Building,District Audit Unit,1964284.79,28392.43,33500.36,9,Material Overbilling,Completed,269,3788,268158.84,273984.6,17,Recovery Initiated
Karnataka,Bangalore,GP_Bangalore_41,22-07-2022,2022-23,PMAY-G,Road Construction,SAU Team A,635374.76,136274.23,58591.6,5,Ghost Beneficiary,Under Review,188,5545,997555.58,439974.8,5,
Karnataka,Bangalore,GP_Bangalore_93,27-01-2022,2023-24,PMGSY,Road Construction,SAU Team B,623085.66,72952.52,64484.2,1,Material Overbilling,Closed,338,1614,355782.68,270504.94,19,Warning Issued
Andhra Pradesh,Vizag,GP_Vizag_10,23-04-2024,2021-22,SBM-G,Water Tank,District Audit Unit,1304931.21,130018.03,76072.92,1,Material Overbilling,Closed,155,1710,324041.5,80562.42,22,Suspended Official
Tamil Nadu,Chennai,GP_Chennai_90,27-04-2024,2022-23,MGNREGA,Road Construction,SAU Team B,1661408.21,97137.38,16115.21,10,Fund Diversion,Closed,65,1103,632884.55,648040.44,15,No Action
Kerala,Ernakulam,GP_Ernakulam_96,19-01-2024,2022-23,PMGSY,Toilet Construction,SAU Team B,125302.38,34141.59,12624.07,11,Incomplete Work,Completed,87,277,966323.11,768191.62,23,Warning Issued
Rajasthan,Udaipur,GP_Udaipur_64,30-01-2022,2021-22,PMAY-G,Toilet Construction,SAU Team B,753689.87,71803.02,38248.56,2,Ghost Beneficiary,ATR Pending,257,7468,455285.41,286823.07,13,Recovery Initiated
Uttar Pradesh,Lucknow,GP_Lucknow_48,22-04-2022,2024-25,PMAY-G,School Building,SAU Team B,1065027.87,107752.25,5799.89,6,Wage Delay,Closed,47,6767,738256.01,341892.05,19,FIR Filed
Karnataka,Mysore,GP_Mysore_28,16-07-2022,2024-25,NSAP,Road Construction,SAU Team A,1115718.79,118450.27,15837.86,8,,Closed,144,3048,569483.86,712616.59,14,FIR Filed
Rajasthan,Udaipur,GP_Udaipur_91,24-02-2024,2022-23,PMAY-G,School Building,SAU Team A,1856105.94,111067.97,57505.14,3,Ghost Beneficiary,Closed,424,3535,20499.79,505506.63,1,
Karnataka,Bangalore,GP_Bangalore_50,17-03-2024,2022-23,PMGSY,Water Tank,SAU Team A,1613407.46,9648.55,57939.26,5,Ghost Beneficiary,Completed,482,2198,923950.07,,7,
Maharashtra,Mumbai,GP_Mumbai_85,09-08-2022,2021-22,NSAP,Pond Desilting,SAU Team A,87670.89,140686.64,71388.82,6,Incomplete Work,Under Review,350,4152,350633.23,331832.83,19,Warning Issued
Uttar Pradesh,Lucknow,GP_Lucknow_71,18-10-2022,2023-24,SBM-G,School Building,SAU Team A,344924.51,38510.67,57433.15,3,Ghost Beneficiary,Pending Recovery,191,6587,632345.45,450323.53,22,Suspended Official
Tamil Nadu,Chennai,GP_Chennai_34,18-11-2023,2021-22,PMGSY,School Building,SAU Team B,449857.43,109486.7,59286.3,1,Fund Diversion,Closed,63,4420,647742.72,521157.67,22,FIR Filed
Kerala,Ernakulam,GP_Ernakulam_40,03-03-2023,2024-25,PMAY-G,Road Construction,SAU Team A,952381.88,40789.43,78326.8,10,No Muster Roll,ATR Pending,443,7304,505395.62,100017.03,12,Warning Issued
Rajasthan,Jaipur,GP_Jaipur_59,27-03-2022,2021-22,PMAY-G,Road Construction,SAU Team B,206656.89,69064.02,57115.37,7,Wage Delay,Pending Recovery,15,4417,883728.14,560966.11,12,FIR Filed
Kerala,Thrissur,GP_Thrissur_51,13-01-2022,2023-24,NSAP,School Building,SAU Team B,134099.19,49630.03,57488.13,5,,Closed,170,2290,993610.34,14795.79,9,Recovery Initiated
Bihar,Gaya,GP_Gaya_45,29-05-2024,2024-25,PMAY-G,Toilet Construction,SAU Team B,845093.48,85457.91,,2,No Muster Roll,Completed,261,1201,170167.67,697792.62,16,Warning Issued
Tamil Nadu,Coimbatore,GP_Coimbatore_49,24-05-2024,2022-23,PMAY-G,School Building,SAU Team B,1899203.29,46393.96,56989.01,5,No Muster Roll,Closed,24,1673,655709.38,252479.24,1,Recovery Initiated
Maharashtra,Mumbai,GP_Mumbai_4,19-08-2023,2024-25,MGNREGA,Pond Desilting,SAU Team A,1919202.4,68236.52,33493.17,7,No Muster Roll,Closed,409,2073,261674.63,794105.08,14,
Tamil Nadu,Coimbatore,GP_Coimbatore_6,07-12-2022,2024-25,PMAY-G,Water Tank,District Audit Unit,1475866.95,65011.93,59099.84,8,,Completed,263,720,859410.4,565047.23,13,Recovery Initiated
Kerala,Thrissur,GP_Thrissur_95,09-04-2024,2022-23,PMGSY,Toilet Construction,District Audit Unit,1903169.78,40514.36,8804.66,8,Wage Delay,Closed,263,2482,919470.51,281889.19,4,Warning Issued
Maharashtra,Mumbai,GP_Mumbai_10,29-11-2022,2023-24,SBM-G,Water Tank,SAU Team A,280773.4,,17682.81,0,Incomplete Work,Under Review,135,4622,923876.6,674539.08,11,FIR Filed
Bihar,Gaya,GP_Gaya_81,23-11-2022,2022-23,MGNREGA,School Building,SAU Team B,609251.67,80730.06,51664.87,11,No Muster Roll,Closed,102,1456,342533.1,771472.21,10,No Action
Maharashtra,Mumbai,GP_Mumbai_92,30-07-2024,2022-23,PMAY-G,Water Tank,SAU Team B,289285.37,101103.44,71948.58,5,Material Overbilling,Closed,377,5335,322873.16,62568.82,13,Recovery Initiated
Tamil Nadu,Chennai,GP_Chennai_88,27-11-2022,2024-25,PMAY-G,Road Construction,SAU Team B,275083.74,83246.3,1773.26,7,Incomplete Work,Closed,25,4401,501911.91,162718.06,10,No Action
Uttar Pradesh,Lucknow,GP_Lucknow_57,23-06-2024,2022-23,SBM-G,Road Construction,District Audit Unit,385120.9,4988.19,42201.61,2,,Under Review,110,1280,638620.81,690284.14,0,FIR Filed
Andhra Pradesh,Vizag,GP_Vizag_59,08-05-2023,2024-25,NSAP,Water Tank,District Audit Unit,903964.99,44292.3,13365.89,11,No Muster Roll,Pending Recovery,119,3418,781376.01,,6,FIR Filed
Karnataka,Mysore,GP_Mysore_81,24-05-2022,2024-25,MGNREGA,Water Tank,District Audit Unit,1756488.01,15042.97,,9,Wage Delay,Completed,496,7439,551444.34,324208.25,5,Recovery Initiated
Andhra Pradesh,Vizag,GP_Vizag_24,30-04-2023,2021-22,SBM-G,Toilet Construction,District Audit Unit,1731308.8,122681.5,30890.6,9,No Muster Roll,Completed,96,2027,864358.55,293450.31,6,
Uttar Pradesh,Kanpur,GP_Kanpur_48,18-02-2024,2024-25,NSAP,Road Construction,District Audit Unit,1455302.34,106119.3,46413.75,5,Wage Delay,Completed,230,774,911039.45,,16,No Action
Rajasthan,Jaipur,GP_Jaipur_46,16-04-2022,2023-24,NSAP,Water Tank,SAU Team A,1938440.99,82086.91,77862.96,6,No Muster Roll,Pending Recovery,271,6756,253449.77,684204.38,13,FIR Filed
Maharashtra,Mumbai,GP_Mumbai_51,01-08-2024,2024-25,MGNREGA,Toilet Construction,SAU Team B,1796915.8,89508.65,55970.77,9,Incomplete Work,Under Review,212,1032,600915.31,141773.37,23,FIR Filed
Maharashtra,Mumbai,GP_Mumbai_59,18-03-2022,2024-25,SBM-G,School Building,District Audit Unit,1034050.06,143655.62,39094.9,4,Ghost Beneficiary,Completed,280,4621,468907.49,192510.68,11,FIR Filed
Karnataka,Mysore,GP_Mysore_11,27-03-2023,2021-22,MGNREGA,Pond Desilting,SAU Team A,958251.88,134871.79,43894.15,5,Material Overbilling,Under Review,323,3822,547343.55,206641.84,12,Warning Issued
Kerala,Thrissur,GP_Thrissur_58,28-10-2023,2023-24,MGNREGA,Toilet Construction,SAU Team B,1188320.67,62676.31,29369.14,3,Fund Diversion,ATR Pending,80,4399,847522.93,,21,No Action
Tamil Nadu,Coimbatore,GP_Coimbatore_24,12-10-2022,2024-25,PMGSY,Toilet Construction,SAU Team A,152359.76,29864.46,23423.15,1,Ghost Beneficiary,ATR Pending,188,1167,967317,233580.9,18,Suspended Official
Andhra Pradesh,Vizag,GP_Vizag_6,12-03-2024,2023-24,PMAY-G,School Building,SAU Team B,144704.97,122332.84,43066.35,2,No Muster Roll,Under Review,140,1505,648877.25,391029.72,9,Recovery Initiated
Karnataka,Bangalore,GP_Bangalore_36,19-10-2023,2022-23,PMGSY,Pond Desilting,SAU Team A,1998693.35,83523.56,20026.77,3,Incomplete Work,Closed,121,7306,354864.37,756979.41,12,Warning Issued
Kerala,Ernakulam,GP_Ernakulam_69,26-08-2022,2024-25,MGNREGA,Toilet Construction,SAU Team A,1667568.71,129707.09,56786.38,6,Ghost Beneficiary,Pending Recovery,74,5159,879471.72,96128.3,16,Suspended Official
Bihar,Patna,GP_Patna_26,26-04-2024,2024-25,SBM-G,Road Construction,SAU Team A,742771.08,,,5,No Muster Roll,Pending Recovery,306,7836,175662.36,320686.19,22,Recovery Initiated
Karnataka,Mysore,GP_Mysore_38,20-08-2022,2023-24,PMAY-G,Road Construction,District Audit Unit,1372802.18,74889.85,,4,No Muster Roll,Completed,309,1084,390308.67,562262.07,11,Warning Issued
Uttar Pradesh,Kanpur,GP_Kanpur_21,11-01-2023,2022-23,PMAY-G,Road Construction,SAU Team B,1536111.51,,15938.94,8,Wage Delay,Completed,32,5156,920139.95,300838.68,9,Suspended Official
Kerala,Ernakulam,GP_Ernakulam_34,01-09-2022,2021-22,MGNREGA,Toilet Construction,SAU Team A,844341.88,83770.49,28733.89,4,Wage Delay,Under Review,411,5862,149265.86,26826.87,9,
Rajasthan,Jaipur,GP_Jaipur_75,04-12-2023,2023-24,PMAY-G,Water Tank,District Audit Unit,73213.71,30840.74,26421.39,8,Ghost Beneficiary,Pending Recovery,409,6714,508934.62,489946.22,0,Suspended Official
Kerala,Thrissur,GP_Thrissur_86,13-06-2022,2021-22,SBM-G,Toilet Construction,SAU Team A,1209098.3,133547.13,75992.21,3,Incomplete Work,Completed,401,6851,551998.24,,20,Warning Issued
Karnataka,Mysore,GP_Mysore_46,29-02-2024,2021-22,NSAP,School Building,SAU Team A,1123949.4,,47459.02,1,Ghost Beneficiary,Completed,413,5462,681267.78,621099.91,3,No Action
Kerala,Ernakulam,GP_Ernakulam_69,17-11-2022,2022-23,NSAP,Toilet Construction,SAU Team A,629042.94,142721.59,28498.52,6,Incomplete Work,ATR Pending,331,7034,78731.82,,23,No Action
Tamil Nadu,Coimbatore,GP_Coimbatore_97,27-11-2022,2024-25,NSAP,Water Tank,SAU Team A,455814.49,43871.1,47515,1,Incomplete Work,Closed,20,6277,207118.05,625750.18,23,Suspended Official
Bihar,Patna,GP_Patna_84,15-03-2024,2023-24,MGNREGA,Water Tank,SAU Team A,165709.55,133185.28,66511.27,0,Material Overbilling,Completed,296,993,136170.12,699368.2,8,Recovery Initiated
Karnataka,Bangalore,GP_Bangalore_72,17-06-2024,2023-24,MGNREGA,Road Construction,SAU Team B,818191.32,845.21,34461.95,11,No Muster Roll,ATR Pending,248,5151,523124.55,434480.19,17,Recovery Initiated
Bihar,Patna,GP_Patna_36,03-09-2022,2023-24,NSAP,Toilet Construction,SAU Team A,1018520.68,138808.01,14712.84,11,Incomplete Work,ATR Pending,77,6706,849699.41,312337.97,1,
Bihar,Patna,GP_Patna_58,25-03-2023,2022-23,PMAY-G,Road Construction,SAU Team B,1564352.25,112552.97,54062.78,9,Ghost Beneficiary,ATR Pending,160,6631,193554.76,537280.11,20,Suspended Official
Bihar,Patna,GP_Patna_87,26-12-2022,2021-22,NSAP,Road Construction,SAU Team B,676419.71,91723.7,7841.88,2,Fund Diversion,Closed,328,4209,940462.77,337135.79,21,Warning Issued
Uttar Pradesh,Kanpur,GP_Kanpur_16,13-09-2023,2021-22,PMAY-G,Water Tank,SAU Team B,95409.8,63493.27,31879.4,1,No Muster Roll,Closed,286,6055,306448.87,306847.54,21,Suspended Official
Maharashtra,Mumbai,GP_Mumbai_55,05-03-2022,2022-23,PMAY-G,Pond Desilting,SAU Team A,222453.3,66971.69,18023.11,7,Incomplete Work,Under Review,68,5902,514926.55,515419.66,0,Warning Issued
Bihar,Patna,GP_Patna_14,11-11-2022,2024-25,NSAP,Water Tank,SAU Team B,1381885.72,123517.62,36222.93,7,No Muster Roll,Under Review,381,6453,766277.16,701870.77,8,Suspended Official
Uttar Pradesh,Kanpur,GP_Kanpur_68,24-11-2023,2024-25,SBM-G,Pond Desilting,SAU Team A,542240.83,41326.2,,10,No Muster Roll,Completed,347,5686,237340,183553.22,9,FIR Filed
Andhra Pradesh,Vijayawada,GP_Vijayawada_24,29-06-2022,2022-23,PMAY-G,School Building,SAU Team A,794867.77,,45212.18,6,Ghost Beneficiary,Closed,160,3587,640690.75,37204.42,17,Warning Issued
Karnataka,Bangalore,GP_Bangalore_6,14-03-2022,2022-23,NSAP,Pond Desilting,District Audit Unit,1479397.22,115561.95,31916.66,6,,Completed,42,6349,81914.49,86148.95,15,No Action
Uttar Pradesh,Kanpur,GP_Kanpur_86,01-08-2023,2021-22,PMGSY,Pond Desilting,District Audit Unit,1698407.58,53181.63,42566.45,6,No Muster Roll,Under Review,364,1559,323107.51,302501.28,2,Recovery Initiated
Bihar,Patna,GP_Patna_46,20-06-2024,2022-23,PMAY-G,Water Tank,SAU Team A,959290.83,5422.9,4987.32,8,No Muster Roll,Under Review,115,1272,972386.25,644008.38,18,Recovery Initiated
Uttar Pradesh,Lucknow,GP_Lucknow_66,05-04-2023,2022-23,PMAY-G,Pond Desilting,SAU Team B,193423.43,57001.1,50123.71,9,Wage Delay,ATR Pending,152,4942,291440.65,529591.43,21,Suspended Official
Kerala,Ernakulam,GP_Ernakulam_99,22-08-2023,2023-24,PMGSY,Toilet Construction,SAU Team B,562950.45,147384.63,30995.33,10,,Pending Recovery,348,5430,85878.77,544158.25,20,FIR Filed
Rajasthan,Jaipur,GP_Jaipur_6,26-04-2023,2023-24,SBM-G,Toilet Construction,SAU Team B,1043491.34,44869.54,54173.03,9,No Muster Roll,ATR Pending,107,1369,274286.14,288973.81,8,
Bihar,Patna,GP_Patna_68,13-12-2023,2022-23,PMAY-G,Road Construction,SAU Team A,51993.48,69157.35,11507.41,9,Incomplete Work,ATR Pending,246,7566,299367.46,692411.92,19,Recovery Initiated
Kerala,Thrissur,GP_Thrissur_92,10-07-2023,2023-24,NSAP,Road Construction,District Audit Unit,1373136.25,106741.16,46102.45,3,,ATR Pending,138,4860,77078.58,358295.38,4,No Action
Andhra Pradesh,Vizag,GP_Vizag_38,08-07-2022,2024-25,MGNREGA,School Building,SAU Team B,177139.55,92326.28,12214.66,2,Ghost Beneficiary,ATR Pending,104,3847,800375.86,213980.34,22,Recovery Initiated
Uttar Pradesh,Kanpur,GP_Kanpur_9,14-12-2022,2023-24,PMAY-G,Road Construction,SAU Team B,387775.84,,62749.12,8,Incomplete Work,Pending Recovery,178,3099,438260.02,251943.56,17,Recovery Initiated
Maharashtra,Mumbai,GP_Mumbai_13,10-12-2023,2022-23,SBM-G,Road Construction,SAU Team B,640357.76,63825.07,,10,Material Overbilling,Pending Recovery,431,5953,906895.32,201477.4,13,No Action
Maharashtra,Mumbai,GP_Mumbai_92,21-12-2023,2021-22,MGNREGA,Water Tank,SAU Team B,540513.83,98929.55,30941.62,9,Material Overbilling,Closed,267,2239,729106.65,374761.11,4,Suspended Official
Karnataka,Mysore,GP_Mysore_51,07-08-2024,2023-24,SBM-G,Toilet Construction,District Audit Unit,1436312.79,93161.11,49338.39,7,Wage Delay,ATR Pending,26,7471,822676.31,504064.61,13,FIR Filed
Kerala,Thrissur,GP_Thrissur_50,20-09-2023,2022-23,PMGSY,Toilet Construction,SAU Team A,85991.59,77454.95,73636.96,11,Incomplete Work,Under Review,19,6844,50891.74,174387.3,22,FIR Filed
Andhra Pradesh,Vizag,GP_Vizag_11,10-08-2022,2022-23,MGNREGA,Road Construction,District Audit Unit,1642085.02,46796.76,58124.7,11,Wage Delay,Closed,472,7789,552605.42,269958.42,20,FIR Filed
Andhra Pradesh,Vijayawada,GP_Vijayawada_20,11-09-2023,2024-25,PMAY-G,School Building,SAU Team A,1470353.06,148301.33,,2,,Completed,178,4853,882259.63,711856.65,0,
Maharashtra,Mumbai,GP_Mumbai_44,12-09-2024,2022-23,NSAP,Road Construction,SAU Team B,1415418.58,19161.41,10959.75,4,Ghost Beneficiary,Closed,295,4627,759447.22,170066.4,10,Recovery Initiated
Andhra Pradesh,Vizag,GP_Vizag_71,20-09-2022,2023-24,MGNREGA,Road Construction,SAU Team B,887176.28,82010.54,16115.52,11,,Closed,249,6082,980722.55,334620.71,10,Recovery Initiated
Andhra Pradesh,Vizag,GP_Vizag_12,14-10-2023,2021-22,NSAP,Pond Desilting,SAU Team B,135010.1,,69887.54,9,Wage Delay,ATR Pending,162,7849,883156.67,,15,Warning Issued
Bihar,Patna,GP_Patna_94,15-06-2022,2021-22,PMAY-G,School Building,SAU Team B,415841.43,135916.76,1456.42,11,Incomplete Work,Under Review,157,3720,30677.56,613995.66,7,Warning Issued
Andhra Pradesh,Vizag,GP_Vizag_68,07-02-2024,2024-25,PMAY-G,Water Tank,SAU Team B,681615.37,75849.86,5845.81,0,Ghost Beneficiary,Closed,70,3527,156154.56,393671.3,5,Recovery Initiated
Bihar,Gaya,GP_Gaya_48,08-01-2022,2021-22,MGNREGA,School Building,SAU Team B,1799624.48,78223.29,70500.25,4,Wage Delay,Pending Recovery,349,419,887909.39,253966.94,8,No Action
Maharashtra,Pune,GP_Pune_53,15-04-2022,2023-24,SBM-G,Toilet Construction,District Audit Unit,1178040.6,78759.58,76560.55,0,Fund Diversion,Under Review,150,4261,80579.38,726092.59,6,FIR Filed
Tamil Nadu,Chennai,GP_Chennai_39,30-07-2022,2024-25,SBM-G,Water Tank,District Audit Unit,1787962.17,111526.37,42866.23,1,,Completed,386,4746,516886.25,,8,Recovery Initiated
Kerala,Thrissur,GP_Thrissur_8,30-01-2022,2024-25,MGNREGA,School Building,SAU Team A,255221.7,113711.46,35777.62,7,Material Overbilling,Closed,479,2360,339301.52,212191.78,21,Warning Issued
Uttar Pradesh,Lucknow,GP_Lucknow_19,01-03-2022,2024-25,PMGSY,Pond Desilting,District Audit Unit,1785429.23,134335.72,14212.47,10,Wage Delay,Completed,443,7943,62686.43,,7,Recovery Initiated
Kerala,Thrissur,GP_Thrissur_49,12-08-2022,2023-24,MGNREGA,Water Tank,District Audit Unit,1147654.66,84795.4,58098.06,5,No Muster Roll,Closed,246,5173,744192.1,194125.17,10,Suspended Official
Andhra Pradesh,Vizag,GP_Vizag_71,23-08-2022,2022-23,PMAY-G,Toilet Construction,District Audit Unit,611844,105223.59,3547.54,7,Material Overbilling,Under Review,481,7621,731973.39,687641.14,4,Warning Issued
Rajasthan,Udaipur,GP_Udaipur_4,15-12-2023,2023-24,PMGSY,Toilet Construction,SAU Team B,473039.29,38018.05,13523,10,Material Overbilling,Completed,296,6430,125276,285643.79,23,No Action
Karnataka,Bangalore,GP_Bangalore_68,15-03-2023,2023-24,PMGSY,Water Tank,SAU Team A,355583.13,71591.64,1763.14,8,No Muster Roll,Under Review,475,7168,212098.27,508883.64,14,Recovery Initiated
Maharashtra,Mumbai,GP_Mumbai_89,13-04-2024,2023-24,SBM-G,School Building,SAU Team A,545369.03,97851.94,19329.94,3,,Under Review,421,3658,988636.6,405656.7,19,No Action
Maharashtra,Mumbai,GP_Mumbai_80,06-04-2022,2022-23,SBM-G,Road Construction,SAU Team A,220525.71,97812.4,21175.87,8,Fund Diversion,ATR Pending,55,287,968927.69,716648.32,14,FIR Filed
Bihar,Patna,GP_Patna_84,25-11-2023,2023-24,NSAP,Road Construction,SAU Team B,1812761.02,54750.52,63260.39,10,No Muster Roll,Pending Recovery,391,3954,83968.9,636104.41,13,FIR Filed
Maharashtra,Pune,GP_Pune_95,26-05-2022,2021-22,PMGSY,Road Construction,SAU Team A,1691851.3,85556.43,72371.07,9,,Closed,58,4657,268687.36,,24,Warning Issued
Tamil Nadu,Coimbatore,GP_Coimbatore_3,26-07-2024,2024-25,SBM-G,School Building,District Audit Unit,1778843.87,57200.55,33259.92,1,No Muster Roll,Pending Recovery,459,941,963318.2,667262.34,19,Suspended Official
Kerala,Thrissur,GP_Thrissur_22,05-08-2022,2021-22,SBM-G,School Building,SAU Team B,166856.96,59840.67,70460.31,0,Material Overbilling,Completed,364,3018,488005.47,89278.64,3,Warning Issued
Rajasthan,Udaipur,GP_Udaipur_87,01-01-2024,2024-25,PMAY-G,Water Tank,SAU Team B,171145.25,105811.33,22564.82,5,Wage Delay,Under Review,403,4743,616348.72,447057.13,19,Warning Issued
Maharashtra,Mumbai,GP_Mumbai_41,29-08-2024,2024-25,NSAP,Water Tank,SAU Team A,1942670.13,127421.69,75060.37,4,Fund Diversion,Under Review,83,4336,595970.88,381176.62,1,Suspended Official
Andhra Pradesh,Vizag,GP_Vizag_98,14-06-2022,2021-22,PMAY-G,Pond Desilting,SAU Team B,1677980.74,11806.34,22646.12,9,Wage Delay,Under Review,126,3960,915638.25,,24,No Action
Rajasthan,Jaipur,GP_Jaipur_48,17-06-2024,2021-22,NSAP,School Building,SAU Team A,1352165.59,56951.94,56308.21,1,Material Overbilling,Completed,114,5184,327734.42,670711.12,17,No Action
Kerala,Thrissur,GP_Thrissur_10,09-06-2023,2022-23,MGNREGA,Water Tank,SAU Team B,1717422.89,112208.11,52871.6,10,Ghost Beneficiary,Closed,380,4261,478011.55,429730.79,19,
Maharashtra,Pune,GP_Pune_73,09-02-2022,2022-23,SBM-G,Road Construction,SAU Team A,87535.48,,47750.34,6,Wage Delay,ATR Pending,279,386,743956.48,671938.37,17,Suspended Official
Bihar,Gaya,GP_Gaya_12,24-07-2023,2023-24,PMAY-G,Water Tank,District Audit Unit,1189322.99,132708.68,40499.14,6,Wage Delay,ATR Pending,198,1217,514522.81,54978.62,20,
Uttar Pradesh,Lucknow,GP_Lucknow_5,10-02-2024,2024-25,PMAY-G,Toilet Construction,SAU Team A,1792926.66,,51038.35,9,Incomplete Work,Completed,385,6252,206855.21,567435.82,10,
Bihar,Gaya,GP_Gaya_10,19-01-2023,2023-24,PMAY-G,Water Tank,SAU Team A,483467.55,120321.66,6977.93,10,Ghost Beneficiary,Pending Recovery,88,303,951734.61,438631.13,10,Recovery Initiated
Rajasthan,Jaipur,GP_Jaipur_39,21-04-2022,2023-24,SBM-G,Water Tank,District Audit Unit,289537.96,,39582.15,4,Ghost Beneficiary,ATR Pending,281,7173,880693.52,133444.07,15,FIR Filed
Karnataka,Mysore,GP_Mysore_36,05-07-2022,2022-23,MGNREGA,Road Construction,SAU Team B,1474742,37101.7,38740.24,4,Wage Delay,Closed,129,3328,440540.85,276907.13,7,
Maharashtra,Mumbai,GP_Mumbai_76,22-06-2023,2024-25,NSAP,Road Construction,District Audit Unit,962819.16,10947.56,55801.75,10,Incomplete Work,Completed,338,2619,177329.28,28639.82,14,
Bihar,Patna,GP_Patna_9,19-09-2023,2024-25,NSAP,Toilet Construction,SAU Team B,1718246.79,,57397.89,3,Wage Delay,Under Review,14,6904,627800.74,669847.27,19,Suspended Official
Uttar Pradesh,Lucknow,GP_Lucknow_39,05-08-2022,2022-23,SBM-G,School Building,SAU Team A,1763919.78,20331.15,3119.31,11,Fund Diversion,ATR Pending,337,4441,119684.08,53126.32,7,Warning Issued
Tamil Nadu,Coimbatore,GP_Coimbatore_85,31-08-2023,2022-23,PMGSY,Water Tank,SAU Team B,951397.72,99258.1,53261.49,5,,Pending Recovery,67,5757,322092.83,597157.43,2,Warning Issued
Bihar,Gaya,GP_Gaya_41,12-03-2022,2022-23,PMAY-G,Road Construction,SAU Team A,1492044.95,144947.77,45034.5,5,No Muster Roll,Completed,62,7656,581861.92,215576.98,3,Warning Issued
Andhra Pradesh,Vizag,GP_Vizag_64,17-07-2024,2023-24,PMGSY,Water Tank,SAU Team A,920259,83046.78,79645.25,1,Incomplete Work,Under Review,36,6432,765456.25,772782.07,19,No Action
Bihar,Gaya,GP_Gaya_47,09-12-2022,2024-25,NSAP,Road Construction,SAU Team B,442438.21,136269.53,61700.25,5,Wage Delay,Pending Recovery,160,3628,94218.18,628949.32,24,FIR Filed
Rajasthan,Jaipur,GP_Jaipur_25,05-12-2022,2021-22,NSAP,Pond Desilting,SAU Team A,1814079.32,141740.41,51857.51,2,No Muster Roll,Closed,36,7104,158861.02,76963.29,7,Recovery Initiated
Uttar Pradesh,Lucknow,GP_Lucknow_9,21-12-2023,2023-24,PMGSY,Road Construction,SAU Team B,902392.33,108180.77,4120.02,3,,Under Review,407,4127,768176,340720.75,14,FIR Filed
Kerala,Ernakulam,GP_Ernakulam_65,22-07-2022,2021-22,MGNREGA,Toilet Construction,SAU Team B,894838.95,146539.71,36360.63,2,Fund Diversion,Closed,87,6536,275463.58,105027.99,19,Recovery Initiated
Tamil Nadu,Chennai,GP_Chennai_27,12-11-2023,2021-22,PMGSY,Pond Desilting,District Audit Unit,1394474.1,66625.89,56448.28,7,No Muster Roll,ATR Pending,135,7333,902135.19,677010.62,21,FIR Filed
Kerala,Thrissur,GP_Thrissur_21,13-03-2022,2022-23,PMAY-G,Water Tank,SAU Team A,840054.6,119209.4,5895.3,6,,Completed,343,1295,508586.49,106579.9,13,Suspended Official
Andhra Pradesh,Vizag,GP_Vizag_81,05-05-2023,2022-23,SBM-G,Toilet Construction,District Audit Unit,1403742.29,56326.2,30021.24,0,No Muster Roll,Closed,205,2744,167606.19,,1,Suspended Official
Bihar,Patna,GP_Patna_50,09-01-2022,2021-22,SBM-G,School Building,SAU Team B,763693,,29012.75,9,Incomplete Work,Under Review,61,6226,953768.22,737197.07,16,Warning Issued
Bihar,Patna,GP_Patna_9,02-03-2023,2021-22,PMAY-G,Toilet Construction,SAU Team A,1538829.07,43718.76,,3,Wage Delay,Under Review,338,2855,237070.77,,10,FIR Filed
Kerala,Thrissur,GP_Thrissur_33,05-09-2024,2023-24,SBM-G,School Building,SAU Team A,1546616.88,22581.12,36305.27,0,Incomplete Work,Pending Recovery,174,1228,184025.39,,15,No Action
Rajasthan,Udaipur,GP_Udaipur_63,10-09-2023,2024-25,NSAP,Pond Desilting,SAU Team A,402162.61,32492.41,74738.92,0,,Completed,31,5509,987613,626223.78,18,Warning Issued
Bihar,Patna,GP_Patna_1,20-03-2024,2021-22,PMGSY,School Building,SAU Team B,1911020.26,,,3,Fund Diversion,Completed,192,4625,250529.89,472350.84,14,Warning Issued
Uttar Pradesh,Lucknow,GP_Lucknow_51,24-01-2024,2021-22,MGNREGA,Water Tank,District Audit Unit,732056.29,54087.75,72201.8,0,,Closed,15,259,763777.52,213479.54,22,Warning Issued
Karnataka,Bangalore,GP_Bangalore_75,20-06-2022,2022-23,PMGSY,Toilet Construction,SAU Team B,1529608.45,25759.67,36421.15,1,Material Overbilling,Closed,470,7457,408354.91,43059.88,4,Warning Issued
Rajasthan,Jaipur,GP_Jaipur_70,05-06-2024,2021-22,MGNREGA,Road Construction,SAU Team A,1684673.53,14835.67,23118.63,11,No Muster Roll,Closed,456,7810,627881.27,,5,No Action
Bihar,Gaya,GP_Gaya_93,05-07-2023,2022-23,MGNREGA,Toilet Construction,SAU Team A,1571374.26,89228.33,51907.87,3,Ghost Beneficiary,Closed,429,126,123991.19,435176.88,9,FIR Filed
Bihar,Gaya,GP_Gaya_93,28-08-2024,2021-22,MGNREGA,Water Tank,SAU Team A,1737122.08,134983.96,19393.77,6,,ATR Pending,366,2964,586642.53,40768.65,8,FIR Filed
Uttar Pradesh,Kanpur,GP_Kanpur_82,21-08-2022,2024-25,SBM-G,Water Tank,SAU Team B,75873.65,,22266.17,9,Material Overbilling,Pending Recovery,433,7618,894529.57,118592.96,18,Recovery Initiated
Uttar Pradesh,Lucknow,GP_Lucknow_99,27-01-2022,2024-25,PMAY-G,Pond Desilting,SAU Team B,634205.68,118843.49,66657.74,5,No Muster Roll,Under Review,16,3647,498301.21,534027.43,18,
Tamil Nadu,Coimbatore,GP_Coimbatore_99,21-03-2023,2021-22,PMGSY,Toilet Construction,SAU Team A,460629.42,144411.09,75314.05,7,Fund Diversion,Completed,326,2931,382660.82,345879.36,11,Suspended Official
Rajasthan,Udaipur,GP_Udaipur_81,18-05-2022,2024-25,NSAP,Road Construction,SAU Team A,652144.46,125719.88,77054.83,9,Fund Diversion,Under Review,397,5450,136625.28,,11,
Karnataka,Mysore,GP_Mysore_91,18-06-2024,2021-22,MGNREGA,Pond Desilting,SAU Team A,1492072.65,45058.47,51780.36,10,Wage Delay,Under Review,111,3423,931565.34,342451.71,15,No Action
Maharashtra,Pune,GP_Pune_27,18-10-2023,2023-24,PMAY-G,Water Tank,SAU Team A,1574966.83,34615.26,17126.77,5,Fund Diversion,Pending Recovery,215,4338,162581.53,493836.64,24,No Action
Andhra Pradesh,Vijayawada,GP_Vijayawada_67,03-11-2023,2024-25,SBM-G,Water Tank,SAU Team A,1784421.18,,27078.87,11,Wage Delay,ATR Pending,49,7974,341964.41,507542.88,21,FIR Filed
Karnataka,Mysore,GP_Mysore_76,14-03-2024,2024-25,PMAY-G,Pond Desilting,SAU Team B,390663.74,,45008.12,3,Ghost Beneficiary,Closed,367,4288,339921.76,106170.31,7,Warning Issued
Andhra Pradesh,Vijayawada,GP_Vijayawada_65,10-10-2022,2021-22,SBM-G,Pond Desilting,SAU Team A,1423590.81,44553.03,58627.59,3,No Muster Roll,Closed,292,3457,114281.63,654790.94,2,Recovery Initiated
Andhra Pradesh,Vizag,GP_Vizag_95,14-04-2022,2021-22,MGNREGA,Road Construction,SAU Team B,576985.31,37889.26,39155.94,11,Ghost Beneficiary,Pending Recovery,378,6835,901011.23,558790.97,17,FIR Filed
Tamil Nadu,Chennai,GP_Chennai_13,25-11-2023,2024-25,NSAP,Road Construction,SAU Team A,122502.43,34474.58,42651.22,8,Fund Diversion,Closed,295,6752,234196.43,275113.11,24,Recovery Initiated
Maharashtra,Mumbai,GP_Mumbai_37,27-11-2023,2023-24,SBM-G,Road Construction,SAU Team A,1438630.21,80307.14,39203.22,4,Material Overbilling,Under Review,433,6916,794961.27,63066.54,1,FIR Filed
Maharashtra,Pune,GP_Pune_42,20-05-2023,2023-24,PMAY-G,Pond Desilting,SAU Team B,1488326.04,81977.41,17821.93,7,Ghost Beneficiary,Closed,215,6261,250564.05,286338.55,16,
Bihar,Patna,GP_Patna_1,26-05-2023,2021-22,MGNREGA,Water Tank,District Audit Unit,1174205.79,8945.94,,6,Material Overbilling,Under Review,96,1618,731356.86,284576.45,1,No Action
Karnataka,Mysore,GP_Mysore_89,12-02-2022,2024-25,NSAP,Pond Desilting,SAU Team A,1421445.35,29842.46,3539.54,10,No Muster Roll,Closed,429,5298,321963.88,278988.75,0,FIR Filed
Bihar,Patna,GP_Patna_79,10-07-2022,2021-22,PMAY-G,Road Construction,SAU Team A,1980462.2,2341.59,50277.43,6,No Muster Roll,Closed,496,3253,148407.94,167708.21,19,
Rajasthan,Udaipur,GP_Udaipur_84,10-06-2023,2023-24,PMGSY,Water Tank,SAU Team A,167429.71,56382.43,53581.51,9,,Completed,371,7608,255044.91,458247.25,5,No Action
Andhra Pradesh,Vizag,GP_Vizag_94,07-02-2022,2023-24,PMGSY,School Building,SAU Team B,829926.14,110563.15,,8,Material Overbilling,Completed,28,5706,889328.37,42263.95,20,FIR Filed
Rajasthan,Udaipur,GP_Udaipur_27,29-04-2024,2023-24,PMAY-G,Road Construction,SAU Team B,1651090.83,62155.44,39918.48,2,Wage Delay,Closed,315,7998,39533.52,213669.15,12,
Tamil Nadu,Coimbatore,GP_Coimbatore_20,20-04-2022,2021-22,PMGSY,Road Construction,SAU Team B,1490043.75,30858.72,3434.89,5,Material Overbilling,ATR Pending,284,5960,446056.69,99279.97,11,Suspended Official
Maharashtra,Pune,GP_Pune_32,02-05-2022,2023-24,MGNREGA,Toilet Construction,District Audit Unit,1347743.35,71922.09,66632.14,3,No Muster Roll,Under Review,179,2341,155043.78,582795.43,11,Warning Issued
Uttar Pradesh,Kanpur,GP_Kanpur_89,21-10-2022,2022-23,PMGSY,School Building,SAU Team B,1135601.32,4123.93,61487.71,1,Incomplete Work,Completed,112,5210,402506.95,552899.88,17,Suspended Official
Tamil Nadu,Coimbatore,GP_Coimbatore_36,29-02-2024,2021-22,SBM-G,Toilet Construction,SAU Team A,1236015.88,64364.67,55276.41,8,Material Overbilling,ATR Pending,29,3676,980461.07,493349.69,24,Suspended Official
Bihar,Patna,GP_Patna_59,15-02-2024,2022-23,PMAY-G,Toilet Construction,SAU Team A,304916.71,134966.23,,5,Wage Delay,Under Review,239,5239,424180.9,626625.57,16,Recovery Initiated
Andhra Pradesh,Vizag,GP_Vizag_27,18-11-2022,2023-24,MGNREGA,Road Construction,District Audit Unit,917966.52,140704.22,44239.73,10,Material Overbilling,Completed,171,4041,239365.54,285638.29,13,Recovery Initiated
Rajasthan,Jaipur,GP_Jaipur_48,22-12-2022,2024-25,MGNREGA,Pond Desilting,District Audit Unit,1452035.33,51996.06,77613.16,0,Fund Diversion,ATR Pending,156,7606,39027.25,135337.58,21,Warning Issued
Uttar Pradesh,Kanpur,GP_Kanpur_3,13-06-2022,2024-25,PMAY-G,Toilet Construction,SAU Team B,966126.7,78866.9,,7,,Pending Recovery,298,4816,162792.48,126635.94,7,Recovery Initiated
Tamil Nadu,Chennai,GP_Chennai_43,16-09-2024,2023-24,PMAY-G,Water Tank,SAU Team B,1512680.21,126230.77,60784.55,10,Ghost Beneficiary,Under Review,447,1112,643716.13,334711.42,4,Recovery Initiated
Andhra Pradesh,Vizag,GP_Vizag_5,26-09-2023,2021-22,PMAY-G,Pond Desilting,SAU Team A,1067555.29,114532.69,56855.03,6,,ATR Pending,142,7322,575463.85,590582.76,7,Warning Issued
Kerala,Thrissur,GP_Thrissur_23,16-01-2022,2022-23,PMGSY,Pond Desilting,SAU Team A,626418.29,105606.15,43799.07,8,Material Overbilling,ATR Pending,169,7004,833638.66,701456.67,18,Recovery Initiated
Bihar,Patna,GP_Patna_90,13-07-2023,2021-22,SBM-G,Water Tank,SAU Team B,1661477.61,68897.78,26856.51,11,Wage Delay,Completed,39,1160,61590.93,782432.6,5,Recovery Initiated
Bihar,Patna,GP_Patna_33,14-02-2023,2022-23,SBM-G,Water Tank,District Audit Unit,1709065.07,,26965.71,4,No Muster Roll,Completed,117,5940,384490.87,685947.4,9,No Action
Kerala,Thrissur,GP_Thrissur_35,25-03-2024,2021-22,SBM-G,Toilet Construction,SAU Team B,1014776.62,136291.61,52141.96,9,Ghost Beneficiary,Closed,354,1677,456307.88,553513.69,6,FIR Filed
Uttar Pradesh,Kanpur,GP_Kanpur_53,23-01-2024,2023-24,SBM-G,Road Construction,District Audit Unit,550950.72,14982.95,22475,11,Ghost Beneficiary,Pending Recovery,480,7968,797351.23,318334.54,4,Recovery Initiated
Uttar Pradesh,Lucknow,GP_Lucknow_53,21-03-2024,2022-23,NSAP,School Building,SAU Team A,1951823.4,38346.3,50222.65,0,Incomplete Work,Under Review,275,326,966248.03,315817.73,3,Recovery Initiated
Andhra Pradesh,Vijayawada,GP_Vijayawada_88,09-05-2023,2021-22,PMGSY,School Building,District Audit Unit,1986083.7,52820.77,7893.7,3,No Muster Roll,Pending Recovery,193,3328,198426.26,794609.21,20,Suspended Official
Bihar,Gaya,GP_Gaya_33,21-01-2023,2021-22,MGNREGA,Pond Desilting,SAU Team B,1382006.34,108942.97,27805.14,11,Wage Delay,Pending Recovery,404,982,693053.19,277752.48,15,Warning Issued
Bihar,Gaya,GP_Gaya_66,26-12-2022,2021-22,PMGSY,Pond Desilting,District Audit Unit,176760.7,30302.68,28201.48,7,,Pending Recovery,373,2789,694915.37,229412.35,2,Suspended Official
Tamil Nadu,Chennai,GP_Chennai_1,24-05-2022,2021-22,MGNREGA,Toilet Construction,SAU Team B,600613.83,39355.44,12829.27,1,Fund Diversion,Pending Recovery,188,1519,523760.27,539982.05,21,Suspended Official
Uttar Pradesh,Lucknow,GP_Lucknow_52,07-12-2023,2022-23,PMAY-G,Toilet Construction,District Audit Unit,266364.71,122108.23,47306.71,1,Ghost Beneficiary,Closed,410,4726,270706.56,793070.47,20,
Kerala,Thrissur,GP_Thrissur_78,22-07-2024,2024-25,NSAP,Toilet Construction,District Audit Unit,1903889.86,25056.02,9346.78,3,Incomplete Work,ATR Pending,16,5458,26159.83,91732.04,19,Warning Issued
Rajasthan,Jaipur,GP_Jaipur_63,29-08-2024,2022-23,SBM-G,Pond Desilting,SAU Team A,838981.47,205.2,1086.53,9,Fund Diversion,Pending Recovery,478,2376,360699.89,392125.85,12,Warning Issued
Karnataka,Bangalore,GP_Bangalore_70,19-04-2022,2021-22,MGNREGA,Water Tank,SAU Team A,1004925.52,117710.27,24283.27,7,No Muster Roll,Pending Recovery,383,7495,318993.08,484120.59,9,Suspended Official
Uttar Pradesh,Kanpur,GP_Kanpur_84,05-05-2023,2022-23,MGNREGA,Pond Desilting,SAU Team A,166436.26,,67509.46,8,No Muster Roll,Under Review,302,6562,821733,14400.3,13,Suspended Official
Karnataka,Mysore,GP_Mysore_42,30-04-2024,2021-22,PMAY-G,Pond Desilting,SAU Team B,305686.36,125780.24,53262.54,7,Fund Diversion,Completed,327,3724,199144.03,694239.59,15,Warning Issued
Maharashtra,Pune,GP_Pune_95,06-04-2024,2022-23,NSAP,Pond Desilting,SAU Team B,1407267.73,64812.56,65308.68,10,Wage Delay,Under Review,457,6760,475655.92,708811.25,14,No Action
Bihar,Gaya,GP_Gaya_74,17-09-2024,2022-23,PMGSY,Road Construction,SAU Team A,564723.67,17219.4,60672.68,6,No Muster Roll,Closed,243,2342,559136.88,,21,FIR Filed
Andhra Pradesh,Vizag,GP_Vizag_11,11-06-2024,2021-22,MGNREGA,Pond Desilting,SAU Team A,718880.18,22328.52,38789.72,3,,Completed,428,2873,687974.46,791854.88,1,
Andhra Pradesh,Vizag,GP_Vizag_64,25-05-2024,2023-24,PMAY-G,Toilet Construction,SAU Team A,1470288.03,134092.84,32335.37,10,,ATR Pending,457,415,637633.39,345352.14,20,No Action
Karnataka,Bangalore,GP_Bangalore_49,22-07-2023,2024-25,MGNREGA,Road Construction,SAU Team B,1441250.8,148376.88,39856.93,5,Ghost Beneficiary,ATR Pending,253,5798,737702.09,455247.89,5,Warning Issued
Uttar Pradesh,Lucknow,GP_Lucknow_81,02-09-2022,2022-23,MGNREGA,Toilet Construction,SAU Team B,973198.06,3005.16,26814.65,0,Fund Diversion,Under Review,21,455,796242.61,83677.14,17,FIR Filed
Uttar Pradesh,Kanpur,GP_Kanpur_55,08-09-2022,2021-22,MGNREGA,Road Construction,SAU Team A,1600420.55,40776.89,17980.7,5,Incomplete Work,Completed,366,1785,808787.79,747871.76,16,FIR Filed
Rajasthan,Udaipur,GP_Udaipur_28,10-02-2023,2023-24,PMGSY,School Building,District Audit Unit,1246379.37,123940.39,65984.14,11,Wage Delay,ATR Pending,353,2348,462844.84,712891.13,14,Recovery Initiated
Bihar,Gaya,GP_Gaya_99,23-10-2023,2021-22,MGNREGA,School Building,District Audit Unit,1659338.05,99820.94,52297.61,10,No Muster Roll,Pending Recovery,393,3292,780056.78,578720.71,5,
Uttar Pradesh,Kanpur,GP_Kanpur_62,13-04-2024,2022-23,NSAP,School Building,SAU Team B,463008.61,26343.72,45850.79,4,Wage Delay,ATR Pending,351,5654,442963.5,618520.61,12,Suspended Official
Maharashtra,Mumbai,GP_Mumbai_60,14-02-2022,2024-25,PMAY-G,Water Tank,SAU Team A,1332307.97,21852.38,44275.59,5,,ATR Pending,94,2916,993824.07,658771.87,22,Warning Issued
Andhra Pradesh,Vijayawada,GP_Vijayawada_28,13-12-2023,2022-23,NSAP,Road Construction,SAU Team A,1732437.66,103661.04,42960.58,11,Incomplete Work,Completed,137,5954,407287.42,295019.87,8,Suspended Official
Rajasthan,Jaipur,GP_Jaipur_22,24-02-2024,2024-25,MGNREGA,Toilet Construction,SAU Team A,56896.42,128195.43,8409.53,9,Material Overbilling,Pending Recovery,327,2300,36529.84,369429.22,5,Recovery Initiated
Karnataka,Mysore,GP_Mysore_70,16-04-2023,2021-22,PMAY-G,Pond Desilting,District Audit Unit,1138864.63,,79855.83,10,No Muster Roll,Closed,43,7126,448940.16,539232.07,10,Recovery Initiated
Maharashtra,Pune,GP_Pune_41,22-12-2022,2022-23,MGNREGA,School Building,SAU Team B,591215.99,38054.14,39426.01,1,Wage Delay,Completed,405,4350,398478.87,403092.71,17,FIR Filed
Uttar Pradesh,Lucknow,GP_Lucknow_16,01-12-2022,2021-22,MGNREGA,Pond Desilting,SAU Team A,1585138.09,92389.8,78369.11,10,Material Overbilling,ATR Pending,493,4726,262693.19,460101.1,10,No Action
Rajasthan,Jaipur,GP_Jaipur_52,29-05-2022,2022-23,PMGSY,School Building,SAU Team B,136730.52,84502.4,52473.39,8,Material Overbilling,Under Review,361,4902,38627.25,713137.85,6,Recovery Initiated
Tamil Nadu,Chennai,GP_Chennai_67,24-09-2024,2023-24,SBM-G,Water Tank,District Audit Unit,643517.18,41772.37,45963.02,1,Incomplete Work,Completed,64,3046,905655.38,533729.93,21,FIR Filed
Maharashtra,Mumbai,GP_Mumbai_13,02-12-2023,2023-24,SBM-G,Toilet Construction,District Audit Unit,1885453.48,133589.06,1003.86,7,Fund Diversion,Under Review,477,1659,145017.18,788864.02,20,Warning Issued
Rajasthan,Udaipur,GP_Udaipur_34,08-06-2024,2022-23,NSAP,School Building,SAU Team A,432552.18,29169.95,43268.77,11,Incomplete Work,Completed,91,7197,871382.28,12620.2,1,FIR Filed
Rajasthan,Jaipur,GP_Jaipur_68,05-02-2024,2022-23,MGNREGA,Toilet Construction,District Audit Unit,460551.34,125011.03,38597.76,11,Incomplete Work,Closed,458,6754,860242.37,200913.62,18,Suspended Official
Rajasthan,Udaipur,GP_Udaipur_55,16-01-2023,2023-24,PMAY-G,Toilet Construction,SAU Team A,275901.95,93346.99,24174.84,0,Material Overbilling,ATR Pending,291,1719,954885.93,214977.96,19,Warning Issued
Kerala,Ernakulam,GP_Ernakulam_62,20-04-2023,2021-22,MGNREGA,Toilet Construction,SAU Team A,1165171.05,149275.77,3969.02,1,,ATR Pending,453,1380,258487.43,,14,No Action
Bihar,Patna,GP_Patna_92,18-06-2023,2023-24,NSAP,School Building,SAU Team B,1881703.28,135656.53,76122.32,6,Incomplete Work,ATR Pending,417,2257,449374.82,576636.07,13,Warning Issued
Bihar,Gaya,GP_Gaya_6,01-03-2024,2024-25,NSAP,Water Tank,District Audit Unit,1499433.39,103906.1,72125.45,0,Wage Delay,ATR Pending,173,3812,536611.5,53756.94,15,Suspended Official
Karnataka,Bangalore,GP_Bangalore_50,18-01-2024,2022-23,NSAP,Pond Desilting,District Audit Unit,1741905.86,143225.88,78861.89,3,Ghost Beneficiary,Pending Recovery,445,2955,752493.67,115251.47,3,FIR Filed
Karnataka,Mysore,GP_Mysore_62,07-08-2024,2021-22,PMAY-G,Toilet Construction,SAU Team A,1291117.88,46680.8,43624.26,8,Material Overbilling,Under Review,403,6935,650436.43,486079.6,18,Suspended Official
Karnataka,Mysore,GP_Mysore_99,11-01-2023,2024-25,NSAP,Toilet Construction,SAU Team A,583716.23,83019.22,61419.85,1,No Muster Roll,ATR Pending,362,2616,437365.8,715589.94,0,Suspended Official
Rajasthan,Jaipur,GP_Jaipur_68,26-06-2024,2022-23,PMGSY,Pond Desilting,SAU Team B,1100068.47,33014.26,23357.36,10,Wage Delay,Pending Recovery,461,1171,466946.38,332546.03,8,FIR Filed
Uttar Pradesh,Lucknow,GP_Lucknow_47,22-12-2023,2021-22,SBM-G,Water Tank,SAU Team A,87240.43,52128.66,70789.83,5,No Muster Roll,Closed,257,6463,988193.32,394881.5,16,Warning Issued
Bihar,Patna,GP_Patna_26,09-08-2024,2023-24,SBM-G,Water Tank,SAU Team B,1728271.18,48213.19,2570.47,0,Material Overbilling,Completed,304,5912,812432.17,,2,Warning Issued
Rajasthan,Udaipur,GP_Udaipur_56,07-07-2024,2023-24,PMAY-G,Toilet Construction,District Audit Unit,1607981.56,148524.78,45635.98,9,Ghost Beneficiary,Closed,351,3050,445707,338758.86,1,Warning Issued
Andhra Pradesh,Vijayawada,GP_Vijayawada_60,29-07-2022,2021-22,PMGSY,School Building,SAU Team B,186026.17,23896.12,73464.22,8,Incomplete Work,Pending Recovery,259,5980,444973.01,427500.78,18,Recovery Initiated
Rajasthan,Jaipur,GP_Jaipur_66,28-11-2022,2024-25,SBM-G,Water Tank,District Audit Unit,278359.1,,55665.86,11,No Muster Roll,ATR Pending,148,4518,181480.37,693909.01,13,Warning Issued
Andhra Pradesh,Vizag,GP_Vizag_43,17-02-2024,2022-23,MGNREGA,Pond Desilting,District Audit Unit,1728416.99,51677.1,38795.12,10,,Completed,99,1350,264367.54,150916.25,9,Recovery Initiated
Tamil Nadu,Coimbatore,GP_Coimbatore_15,05-10-2022,2022-23,PMAY-G,School Building,District Audit Unit,944388.6,98521.13,,1,,Pending Recovery,92,4993,722935.98,105212.25,24,Recovery Initiated
Maharashtra,Mumbai,GP_Mumbai_41,11-08-2023,2021-22,PMAY-G,Water Tank,SAU Team B,1122575.54,117944.53,31588.56,8,Fund Diversion,Pending Recovery,18,6418,247366.08,162336.62,7,Recovery Initiated
Kerala,Ernakulam,GP_Ernakulam_45,15-03-2023,2023-24,NSAP,School Building,District Audit Unit,1644701.58,28030.83,34598.46,11,Fund Diversion,Completed,369,7537,703201.66,569100.11,20,
Kerala,Thrissur,GP_Thrissur_40,30-07-2022,2022-23,SBM-G,Pond Desilting,SAU Team B,875487.12,557.42,78681.64,8,Wage Delay,Pending Recovery,334,7612,260245.06,,21,No Action
Uttar Pradesh,Lucknow,GP_Lucknow_89,09-08-2022,2022-23,PMAY-G,School Building,District Audit Unit,1377177.55,79012.18,2041.91,4,Fund Diversion,Pending Recovery,475,6452,278292.61,82175.77,8,No Action
Karnataka,Mysore,GP_Mysore_61,02-10-2023,2023-24,NSAP,Pond Desilting,District Audit Unit,1425492.09,82486.26,68620.72,9,,Closed,120,7530,101682.34,786742.67,20,FIR Filed
Bihar,Patna,GP_Patna_34,03-08-2023,2022-23,SBM-G,Water Tank,SAU Team A,184810,26166.98,23612.48,2,Fund Diversion,Completed,43,887,639786.87,566225.6,20,Warning Issued
Uttar Pradesh,Kanpur,GP_Kanpur_32,23-02-2024,2021-22,NSAP,Toilet Construction,SAU Team B,1900502.55,4076.11,,3,Material Overbilling,ATR Pending,130,2287,602574.77,82984.08,11,
Kerala,Thrissur,GP_Thrissur_57,19-01-2024,2024-25,MGNREGA,Pond Desilting,SAU Team B,1761084.43,133730.88,14550.46,6,Material Overbilling,Pending Recovery,418,279,865524.31,454704.37,1,FIR Filed
Rajasthan,Jaipur,GP_Jaipur_53,14-04-2023,2024-25,NSAP,Toilet Construction,District Audit Unit,390664.28,48238.24,76166.19,10,Fund Diversion,Completed,182,7325,710343.18,723771.4,2,Recovery Initiated
Kerala,Ernakulam,GP_Ernakulam_29,21-12-2023,2022-23,PMGSY,Pond Desilting,SAU Team B,1856008.74,97126.16,48586.57,8,Ghost Beneficiary,Pending Recovery,175,4857,157476.66,736674.41,1,Warning Issued
Uttar Pradesh,Lucknow,GP_Lucknow_79,12-10-2022,2024-25,NSAP,Water Tank,SAU Team B,1536943.47,42752.69,63292.77,3,Fund Diversion,Pending Recovery,64,532,213075.56,171475.7,9,FIR Filed
Kerala,Ernakulam,GP_Ernakulam_25,09-09-2022,2023-24,NSAP,Water Tank,SAU Team A,1673430.28,60202.2,35439.32,0,No Muster Roll,Pending Recovery,412,671,940092.28,44446.67,22,Suspended Official
Andhra Pradesh,Vijayawada,GP_Vijayawada_21,05-07-2024,2024-25,PMAY-G,Toilet Construction,District Audit Unit,524382.51,101134.72,23993.04,5,Wage Delay,ATR Pending,45,4601,165178.39,227945.1,8,Warning Issued
Maharashtra,Pune,GP_Pune_65,04-10-2023,2024-25,NSAP,Road Construction,SAU Team A,1261699.99,,39203.4,8,Incomplete Work,Closed,290,199,85831.92,466387.35,7,Recovery Initiated
Kerala,Thrissur,GP_Thrissur_16,15-04-2023,2024-25,SBM-G,Toilet Construction,SAU Team A,506894.94,110597.29,33263.64,11,Fund Diversion,ATR Pending,222,4982,932951.98,352242.72,2,Warning Issued
Karnataka,Mysore,GP_Mysore_9,14-08-2024,2024-25,PMGSY,School Building,SAU Team B,767184.82,149007.92,8833.15,4,Incomplete Work,ATR Pending,256,6560,892522.93,118553.8,20,Suspended Official
Tamil Nadu,Chennai,GP_Chennai_85,21-03-2024,2021-22,PMAY-G,Pond Desilting,District Audit Unit,1035191.63,107740.92,3104.36,0,No Muster Roll,Completed,446,4932,467496.41,388937.07,8,Warning Issued
Andhra Pradesh,Vizag,GP_Vizag_73,21-05-2023,2022-23,PMGSY,Toilet Construction,District Audit Unit,1412827.87,37530.67,,8,Wage Delay,Completed,157,1627,54539.56,32048.75,11,No Action
Kerala,Thrissur,GP_Thrissur_96,28-02-2023,2024-25,SBM-G,Water Tank,District Audit Unit,958590.7,38304.84,21713.2,11,Incomplete Work,Pending Recovery,69,7563,98999.06,642014.6,24,Warning Issued
Uttar Pradesh,Kanpur,GP_Kanpur_84,02-03-2024,2021-22,NSAP,Toilet Construction,District Audit Unit,1423354.33,43989.91,11652.17,0,Ghost Beneficiary,Pending Recovery,183,2993,638371.33,58078.73,16,Suspended Official
Maharashtra,Pune,GP_Pune_25,01-07-2022,2021-22,PMAY-G,Water Tank,District Audit Unit,1551484.95,112866.3,12733.18,10,Wage Delay,Pending Recovery,478,7088,257987.42,751361.13,9,No Action
Bihar,Gaya,GP_Gaya_13,20-01-2023,2023-24,NSAP,Road Construction,SAU Team B,1011824.82,120362.74,57163.34,7,Incomplete Work,Closed,164,2082,644990.75,400801.27,12,
Andhra Pradesh,Vizag,GP_Vizag_28,16-04-2023,2023-24,PMAY-G,Toilet Construction,SAU Team A,192450.96,45370.17,45658.82,5,Ghost Beneficiary,ATR Pending,281,5483,251204.63,715141.18,11,Recovery Initiated
Tamil Nadu,Chennai,GP_Chennai_84,29-11-2023,2023-24,MGNREGA,School Building,SAU Team B,1603480.63,83493.59,56784.07,3,Material Overbilling,Completed,412,7583,96017.53,315331.83,6,No Action
Bihar,Patna,GP_Patna_96,14-06-2023,2021-22,NSAP,School Building,SAU Team B,576503.99,29045.01,78242.74,1,Ghost Beneficiary,Closed,474,1068,31739.12,422720.74,8,FIR Filed
Tamil Nadu,Chennai,GP_Chennai_89,12-02-2022,2024-25,SBM-G,Water Tank,SAU Team A,263060.04,100025.44,51816.91,6,No Muster Roll,Completed,376,7398,948611.39,357568.7,8,Warning Issued
Tamil Nadu,Chennai,GP_Chennai_13,25-11-2023,2024-25,NSAP,Road Construction,SAU Team A,122502.43,34474.58,42651.22,8,Fund Diversion,Closed,295,6752,234196.43,275113.11,24,Recovery Initiated
Andhra Pradesh,Vijayawada,GP_Vijayawada_41,13-01-2022,2022-23,NSAP,Pond Desilting,SAU Team B,425965.45,128580.05,42017.46,2,Wage Delay,Closed,82,4684,747044.52,461841.37,0,Warning Issued
Karnataka,Mysore,GP_Mysore_97,10-07-2023,2024-25,PMAY-G,School Building,SAU Team B,316415.91,130737.11,49637.5,2,Wage Delay,ATR Pending,188,6047,832001.68,72263.56,12,Suspended Official
Maharashtra,Pune,GP_Pune_67,11-08-2024,2023-24,PMAY-G,Road Construction,SAU Team A,667657.01,47479.22,50876.02,0,Fund Diversion,Under Review,452,2504,527862.36,66035.54,9,Recovery Initiated
Tamil Nadu,Coimbatore,GP_Coimbatore_55,30-06-2024,2024-25,MGNREGA,Toilet Construction,District Audit Unit,821039.77,,20970.48,7,No Muster Roll,Closed,337,7257,987054.15,581102.2,24,FIR Filed
Andhra Pradesh,Vijayawada,GP_Vijayawada_28,14-05-2023,2023-24,SBM-G,School Building,SAU Team B,1760880.32,60209.57,,2,Fund Diversion,Pending Recovery,117,5462,993693.7,411341.58,19,Recovery Initiated
Rajasthan,Jaipur,GP_Jaipur_49,09-02-2022,2024-25,PMGSY,Road Construction,SAU Team A,1656761.76,133559.82,73377.72,1,Fund Diversion,Completed,243,314,857780.16,283306.42,11,No Action
Rajasthan,Jaipur,GP_Jaipur_13,19-03-2023,2024-25,PMAY-G,Toilet Construction,SAU Team B,851078.06,,15136.72,11,Ghost Beneficiary,Closed,154,6510,785475.8,432224.58,22,Suspended Official
Andhra Pradesh,Vijayawada,GP_Vijayawada_17,09-10-2022,2022-23,SBM-G,School Building,SAU Team A,691700.96,91952.09,78591.6,5,Incomplete Work,ATR Pending,358,1436,680441.48,198103.45,3,Suspended Official
Karnataka,Mysore,GP_Mysore_31,01-06-2022,2022-23,PMGSY,School Building,SAU Team B,1469276.62,7497.41,,1,Incomplete Work,Under Review,437,6218,575829.64,255878.06,24,No Action
Tamil Nadu,Coimbatore,GP_Coimbatore_9,11-07-2022,2022-23,MGNREGA,Water Tank,SAU Team B,1429172.44,90100.09,32194.46,4,Wage Delay,Under Review,302,4425,514848.81,484484.25,19,
Tamil Nadu,Coimbatore,GP_Coimbatore_75,19-02-2024,2023-24,PMGSY,Road Construction,SAU Team B,699516.82,123464.34,60188.92,11,,Completed,178,3187,619109.62,29071.21,20,FIR Filed
Rajasthan,Udaipur,GP_Udaipur_41,12-01-2022,2024-25,PMGSY,School Building,SAU Team B,862856.02,,27987.12,9,Material Overbilling,ATR Pending,33,4309,902333.16,643138.94,15,FIR Filed
Andhra Pradesh,Vizag,GP_Vizag_82,29-12-2022,2023-24,MGNREGA,Road Construction,SAU Team A,660981.42,130868.34,66330.56,8,Material Overbilling,Pending Recovery,349,443,802319.57,253348.66,8,No Action
Andhra Pradesh,Vizag,GP_Vizag_72,18-06-2022,2024-25,PMAY-G,Road Construction,SAU Team B,655480.37,102008.53,,6,Ghost Beneficiary,ATR Pending,166,7334,279984.08,425075.54,1,Warning Issued
Rajasthan,Udaipur,GP_Udaipur_91,21-12-2022,2022-23,PMAY-G,Toilet Construction,SAU Team A,1317988.9,111817.86,3304.65,1,Incomplete Work,Closed,65,2056,880916.13,327653.27,4,Warning Issued
Uttar Pradesh,Kanpur,GP_Kanpur_21,05-01-2024,2023-24,PMGSY,School Building,SAU Team A,1120455.9,63590.59,32823.85,11,Wage Delay,Under Review,462,975,194468.94,391295.41,1,No Action
Bihar,Gaya,GP_Gaya_82,26-01-2022,2021-22,MGNREGA,Water Tank,District Audit Unit,1670527.08,111928.57,52597.87,3,Material Overbilling,Closed,80,7610,254812.73,708046.96,10,
Uttar Pradesh,Lucknow,GP_Lucknow_19,13-03-2022,2023-24,PMAY-G,School Building,District Audit Unit,408270.26,24051.7,14366.5,3,Wage Delay,Pending Recovery,18,2308,507416.64,199675.76,3,Recovery Initiated
Bihar,Patna,GP_Patna_17,13-03-2022,2023-24,PMAY-G,Pond Desilting,SAU Team B,1116234.89,,73597.32,11,,ATR Pending,103,4172,142530.98,,13,No Action
Tamil Nadu,Coimbatore,GP_Coimbatore_30,18-11-2023,2023-24,NSAP,Water Tank,SAU Team A,234997.89,,27642.86,0,Incomplete Work,ATR Pending,448,506,403379.37,162615.29,8,No Action
Karnataka,Mysore,GP_Mysore_77,27-09-2023,2021-22,NSAP,School Building,SAU Team A,1590450.78,,58181.17,11,Wage Delay,Under Review,400,4411,245579.82,770273.69,10,FIR Filed
Uttar Pradesh,Kanpur,GP_Kanpur_28,17-02-2022,2023-24,MGNREGA,School Building,SAU Team B,1062913.88,4809.68,35673.92,7,Ghost Beneficiary,Closed,87,5117,775477.77,631774.32,3,Recovery Initiated
Kerala,Thrissur,GP_Thrissur_70,10-08-2024,2022-23,MGNREGA,Road Construction,District Audit Unit,1719484.99,85776.99,13143.41,0,Wage Delay,Closed,390,6536,506281.76,407806.2,4,No Action
Maharashtra,Pune,GP_Pune_54,05-03-2024,2023-24,SBM-G,Water Tank,SAU Team A,507175.26,112661.88,22306.65,6,Fund Diversion,Under Review,18,6154,726859.84,503088.34,5,No Action
Karnataka,Mysore,GP_Mysore_49,16-05-2022,2024-25,NSAP,School Building,SAU Team B,1442557.39,127449.51,56916.34,6,Wage Delay,Under Review,28,5601,165126.08,319198.62,9,Suspended Official
Kerala,Thrissur,GP_Thrissur_8,23-08-2024,2021-22,PMAY-G,School Building,District Audit Unit,414946.78,,53879.18,1,No Muster Roll,Pending Recovery,229,7271,334699.59,720795.46,8,Recovery Initiated
Rajasthan,Udaipur,GP_Udaipur_93,21-05-2022,2023-24,NSAP,Water Tank,SAU Team A,1263846.8,99053,79859.51,5,Fund Diversion,Under Review,150,7095,483709.79,424875.58,3,Warning Issued
Andhra Pradesh,Vizag,GP_Vizag_61,05-12-2023,2021-22,PMAY-G,Road Construction,District Audit Unit,857901.21,99459.46,7816.33,8,Ghost Beneficiary,Completed,192,4550,940376.05,466692.55,23,Recovery Initiated
Tamil Nadu,Chennai,GP_Chennai_21,17-12-2022,2022-23,PMGSY,Road Construction,SAU Team B,1709952.8,76104.82,21947.79,3,Incomplete Work,Closed,50,376,509472.89,,23,FIR Filed
Andhra Pradesh,Vijayawada,GP_Vijayawada_43,12-01-2023,2021-22,SBM-G,Pond Desilting,District Audit Unit,1477591.82,122900.19,25985.83,1,Fund Diversion,Pending Recovery,479,4304,288100.14,,17,Suspended Official
Karnataka,Bangalore,GP_Bangalore_24,06-08-2022,2024-25,PMAY-G,School Building,SAU Team B,549771.67,23755.95,30031.62,1,,Under Review,265,618,23543.54,,8,FIR Filed
Rajasthan,Udaipur,GP_Udaipur_70,12-07-2022,2022-23,PMGSY,School Building,SAU Team B,542494.09,36914.12,69251.01,0,,Under Review,207,4027,801367.86,732911.94,17,Warning Issued
Bihar,Patna,GP_Patna_56,14-10-2022,2022-23,SBM-G,Toilet Construction,SAU Team B,950452.21,81906.91,55322.74,6,No Muster Roll,Completed,246,7028,167588.27,532038.27,0,Recovery Initiated
Kerala,Thrissur,GP_Thrissur_4,13-07-2024,2024-25,MGNREGA,Pond Desilting,SAU Team B,1179790.47,56510.81,37078.22,1,Ghost Beneficiary,Under Review,492,2524,262125.31,191722.78,3,Warning Issued
Maharashtra,Mumbai,GP_Mumbai_87,09-04-2023,2022-23,PMAY-G,Water Tank,District Audit Unit,315691.43,65492.18,42625.99,8,,Completed,349,6119,347726.16,595940.93,16,Suspended Official
Maharashtra,Pune,GP_Pune_32,03-03-2024,2024-25,PMGSY,Toilet Construction,SAU Team B,783957.57,128816.29,14754.68,2,Material Overbilling,Under Review,49,7462,765800.19,544739.56,6,FIR Filed
Andhra Pradesh,Vijayawada,GP_Vijayawada_47,07-11-2023,2022-23,MGNREGA,Toilet Construction,SAU Team B,1654389.67,104965.36,44469.71,6,Wage Delay,Pending Recovery,217,3882,994481.6,294728.52,5,Suspended Official
Uttar Pradesh,Lucknow,GP_Lucknow_71,14-03-2024,2021-22,MGNREGA,School Building,SAU Team B,685368.54,50405.45,16822.62,3,No Muster Roll,Completed,39,5704,126834.45,470155.3,8,Suspended Official
Andhra Pradesh,Vijayawada,GP_Vijayawada_34,17-04-2024,2021-22,PMAY-G,Water Tank,District Audit Unit,607544.86,104434.59,66789.26,10,,Completed,371,5132,310005.33,590883.88,4,
Kerala,Thrissur,GP_Thrissur_66,03-04-2022,2023-24,MGNREGA,Water Tank,SAU Team B,1547744.27,134853.56,74495.73,2,Material Overbilling,Under Review,302,209,943890.35,497472.81,1,No Action
Rajasthan,Udaipur,GP_Udaipur_99,09-11-2023,2024-25,SBM-G,Water Tank,SAU Team B,425127.53,130973.9,,11,Wage Delay,Closed,405,4406,498791.79,136276.36,13,Suspended Official
Kerala,Ernakulam,GP_Ernakulam_1,27-11-2022,2024-25,PMGSY,Road Construction,District Audit Unit,1497720,86087.15,71813.47,0,Material Overbilling,Closed,326,1203,594164.6,80705.51,5,No Action
Kerala,Ernakulam,GP_Ernakulam_83,02-08-2023,2021-22,PMAY-G,Toilet Construction,District Audit Unit,1763108.56,17760.24,49983.66,4,Material Overbilling,Under Review,39,7526,549046.65,66958.26,19,
Kerala,Thrissur,GP_Thrissur_56,21-12-2023,2022-23,PMGSY,Water Tank,District Audit Unit,548050.32,86501,78836.49,9,Incomplete Work,Closed,143,999,907285.37,,15,Warning Issued
Rajasthan,Jaipur,GP_Jaipur_44,01-10-2023,2022-23,NSAP,Toilet Construction,SAU Team B,1940168.55,56248.82,,9,Wage Delay,Under Review,21,228,977292.74,448610.44,17,
Rajasthan,Jaipur,GP_Jaipur_7,08-07-2024,2021-22,PMGSY,School Building,SAU Team B,523462.92,105814.9,17791.31,8,Wage Delay,Under Review,373,440,866118.83,39518.87,6,Recovery Initiated
Bihar,Gaya,GP_Gaya_89,18-04-2022,2021-22,SBM-G,Pond Desilting,SAU Team B,354007.42,147363.57,23486.85,2,Fund Diversion,ATR Pending,133,2550,630903.35,585756.9,1,No Action
Maharashtra,Mumbai,GP_Mumbai_72,25-09-2024,2023-24,PMGSY,Toilet Construction,SAU Team B,984471.7,,67328.5,3,Wage Delay,Under Review,342,7613,901372.02,197050.09,19,Suspended Official
Karnataka,Mysore,GP_Mysore_20,21-01-2024,2023-24,SBM-G,Water Tank,SAU Team B,1512619.58,12344.03,,6,Material Overbilling,Closed,473,2010,906674.41,406495.49,7,FIR Filed
Rajasthan,Udaipur,GP_Udaipur_7,18-10-2022,2021-22,PMAY-G,Pond Desilting,District Audit Unit,1617844.44,141364.37,4907.8,11,Incomplete Work,Pending Recovery,127,5394,796697.77,782168.41,2,No Action
Rajasthan,Jaipur,GP_Jaipur_84,14-08-2024,2022-23,NSAP,Road Construction,SAU Team B,571225.41,541.94,79501.6,7,Incomplete Work,Completed,251,6948,321864.84,646243.12,11,FIR Filed
Tamil Nadu,Chennai,GP_Chennai_69,22-10-2023,2022-23,SBM-G,Water Tank,District Audit Unit,1377810.65,93201,3702.39,4,,ATR Pending,242,7169,556655.83,700265.5,11,
Kerala,Ernakulam,GP_Ernakulam_66,05-05-2023,2021-22,MGNREGA,Toilet Construction,SAU Team A,89930.31,47716.61,27472.81,7,Ghost Beneficiary,Completed,281,1550,554356.88,49814.26,22,Recovery Initiated
Andhra Pradesh,Vijayawada,GP_Vijayawada_47,25-08-2023,2023-24,PMAY-G,Pond Desilting,SAU Team B,1349616.88,62116.36,,5,Wage Delay,Under Review,291,6627,634178.32,29951.1,3,Warning Issued
Karnataka,Mysore,GP_Mysore_54,26-02-2024,2021-22,MGNREGA,School Building,SAU Team B,1677603.62,108970.73,31122.51,5,,Under Review,286,6511,757600.92,103864.84,17,No Action
Maharashtra,Pune,GP_Pune_54,22-01-2022,2024-25,PMGSY,Road Construction,SAU Team B,947657.6,139741.21,,3,Incomplete Work,Completed,303,6587,162938.45,310860.35,8,Recovery Initiated
Uttar Pradesh,Lucknow,GP_Lucknow_26,02-08-2024,2023-24,PMAY-G,Toilet Construction,SAU Team A,1090529.95,87267.09,19155.21,9,Fund Diversion,Under Review,375,7195,670860.88,462211.06,21,Warning Issued
Kerala,Ernakulam,GP_Ernakulam_51,05-08-2024,2023-24,NSAP,Road Construction,SAU Team B,1353312.19,,57008.49,2,No Muster Roll,Pending Recovery,187,3921,83581.63,431091.73,20,Recovery Initiated
Rajasthan,Udaipur,GP_Udaipur_26,08-07-2024,2021-22,NSAP,Toilet Construction,SAU Team A,430783,50716.2,8164.94,2,,Completed,264,4960,641875.46,68475.79,2,FIR Filed
Karnataka,Mysore,GP_Mysore_28,06-06-2023,2022-23,NSAP,Pond Desilting,District Audit Unit,1942577.4,41949.21,,1,Fund Diversion,Closed,223,1905,843679.77,717153.47,24,FIR Filed
Uttar Pradesh,Kanpur,GP_Kanpur_83,24-12-2022,2022-23,PMGSY,Pond Desilting,SAU Team A,1994192.52,32397.79,75993.99,10,Ghost Beneficiary,Completed,298,6441,860187.95,335969.54,17,No Action
Andhra Pradesh,Vijayawada,GP_Vijayawada_33,28-07-2023,2023-24,NSAP,School Building,SAU Team B,992457.32,84650.88,22630.89,0,Fund Diversion,Closed,449,4440,403247.5,94321.98,14,FIR Filed
Rajasthan,Udaipur,GP_Udaipur_50,25-10-2023,2023-24,MGNREGA,Road Construction,SAU Team A,658632.96,18103.1,77517.45,0,Material Overbilling,Pending Recovery,372,5361,842813.34,388482.62,0,Recovery Initiated
Bihar,Patna,GP_Patna_3,27-01-2023,2021-22,PMAY-G,Toilet Construction,District Audit Unit,1833167.13,107998.38,47876.94,5,Ghost Beneficiary,Under Review,393,5543,897420.64,641324.07,4,
Uttar Pradesh,Lucknow,GP_Lucknow_43,10-05-2023,2024-25,MGNREGA,Road Construction,SAU Team B,1096426.36,19202.66,10950.31,9,No Muster Roll,Completed,184,7236,858091.89,778201.29,22,Suspended Official
Maharashtra,Mumbai,GP_Mumbai_84,13-11-2022,2022-23,MGNREGA,School Building,SAU Team B,939052.63,57253.25,64574.93,5,No Muster Roll,ATR Pending,131,7736,461292.65,531788.62,23,
Kerala,Thrissur,GP_Thrissur_75,11-05-2022,2023-24,NSAP,Toilet Construction,SAU Team A,121716.7,98034.33,52777.39,9,Ghost Beneficiary,Under Review,73,3919,892337.83,87045.53,0,FIR Filed
Rajasthan,Udaipur,GP_Udaipur_41,13-05-2023,2024-25,PMAY-G,Pond Desilting,District Audit Unit,377776.64,74390.38,48402.48,11,Fund Diversion,Closed,115,2509,398143.6,509714.06,21,Suspended Official
Uttar Pradesh,Lucknow,GP_Lucknow_79,17-03-2024,2021-22,NSAP,Water Tank,SAU Team A,1157289.87,86484.59,9763.48,9,Ghost Beneficiary,Closed,497,5806,756032.72,168513.51,4,Recovery Initiated
Tamil Nadu,Coimbatore,GP_Coimbatore_89,20-03-2023,2022-23,PMGSY,Toilet Construction,District Audit Unit,321165.3,94235.92,62587.71,9,Incomplete Work,Completed,238,2672,316931.11,256171.44,21,Warning Issued
Andhra Pradesh,Vizag,GP_Vizag_55,11-08-2022,2021-22,MGNREGA,Pond Desilting,SAU Team A,874379.62,134098.15,30230.85,3,Material Overbilling,ATR Pending,374,2731,359866.18,692469.97,3,Recovery Initiated
Bihar,Patna,GP_Patna_48,18-07-2023,2022-23,MGNREGA,Road Construction,SAU Team A,1608193.17,133780.2,,8,Wage Delay,ATR Pending,197,799,174553.49,781287.19,17,Warning Issued
Andhra Pradesh,Vijayawada,GP_Vijayawada_39,10-08-2023,2022-23,SBM-G,Toilet Construction,SAU Team A,455696.62,102719.31,12440.99,2,,Closed,449,6444,917022.37,384367.47,15,Warning Issued
Karnataka,Mysore,GP_Mysore_31,19-11-2023,2022-23,PMAY-G,Pond Desilting,SAU Team A,1227562.08,,77134.1,5,Material Overbilling,Under Review,125,560,793435.2,781205.59,1,Suspended Official
Tamil Nadu,Coimbatore,GP_Coimbatore_48,31-08-2023,2023-24,NSAP,Pond Desilting,SAU Team A,1421840.88,139146.41,,0,Wage Delay,Under Review,263,6028,593623.93,677133.88,10,Warning Issued
Bihar,Patna,GP_Patna_17,30-11-2023,2021-22,NSAP,School Building,SAU Team A,1412036.91,,5031.86,11,Wage Delay,ATR Pending,497,1922,339846.72,466241.82,10,No Action
Karnataka,Mysore,GP_Mysore_64,17-09-2022,2022-23,PMAY-G,School Building,SAU Team A,1341237.37,129130.52,35873.3,2,Wage Delay,Completed,164,2021,238690.19,55448.7,2,No Action
Rajasthan,Udaipur,GP_Udaipur_9,26-11-2022,2024-25,PMAY-G,School Building,SAU Team A,1989140.45,140756.81,54312.39,7,Fund Diversion,Closed,462,5269,462497.65,765702.04,5,Recovery Initiated
Tamil Nadu,Chennai,GP_Chennai_36,25-01-2023,2022-23,SBM-G,School Building,District Audit Unit,438084.5,1110.52,13566.88,10,Fund Diversion,ATR Pending,256,2685,528456.02,596897.99,0,FIR Filed
Maharashtra,Mumbai,GP_Mumbai_28,23-07-2024,2024-25,NSAP,Road Construction,SAU Team A,1244961.12,107593.6,75558.78,10,Fund Diversion,ATR Pending,366,1384,400288.05,721347.25,0,Warning Issued
Tamil Nadu,Coimbatore,GP_Coimbatore_57,25-05-2024,2024-25,NSAP,Toilet Construction,District Audit Unit,1612675.89,116763.09,46671.19,10,Material Overbilling,Pending Recovery,135,2277,521520.77,748765.9,4,Warning Issued
Karnataka,Bangalore,GP_Bangalore_77,23-01-2023,2022-23,PMAY-G,School Building,SAU Team A,230483.12,145650.78,53719.73,10,,Pending Recovery,76,1319,662318.95,215190.91,15,Warning Issued
Maharashtra,Mumbai,GP_Mumbai_83,22-11-2022,2021-22,PMAY-G,Road Construction,SAU Team A,542262.8,131144.56,31379.85,2,,Closed,494,2441,354025.02,617830.27,6,FIR Filed
Uttar Pradesh,Kanpur,GP_Kanpur_54,17-01-2023,2021-22,PMGSY,Pond Desilting,SAU Team A,1987589.12,149204.87,76633,5,No Muster Roll,Pending Recovery,71,2868,830261.78,268962.77,16,Suspended Official
Kerala,Thrissur,GP_Thrissur_48,16-11-2023,2023-24,SBM-G,School Building,SAU Team B,1902303.02,102728.17,25510.18,10,Incomplete Work,Closed,272,6903,886698.44,611781.31,10,Suspended Official
Kerala,Thrissur,GP_Thrissur_43,12-07-2023,2021-22,NSAP,School Building,SAU Team B,484360.1,21255.58,37632.61,7,Material Overbilling,ATR Pending,389,546,153857.16,113736.82,9,Recovery Initiated
Bihar,Patna,GP_Patna_76,14-06-2023,2022-23,NSAP,Water Tank,SAU Team B,1625751.45,114750.35,32391.78,10,Fund Diversion,Completed,435,6048,112991.39,438750.67,22,Warning Issued
Rajasthan,Jaipur,GP_Jaipur_36,05-03-2022,2023-24,PMGSY,Pond Desilting,SAU Team B,586356.17,94733.02,70267.19,3,Incomplete Work,Closed,57,6480,400207.01,261683.75,0,Suspended Official
Kerala,Thrissur,GP_Thrissur_27,23-02-2022,2024-25,SBM-G,Pond Desilting,District Audit Unit,1438506.34,16730,31547.26,9,Material Overbilling,ATR Pending,145,4084,697268.38,264798.27,0,FIR Filed
Rajasthan,Jaipur,GP_Jaipur_43,16-02-2022,2022-23,PMAY-G,School Building,District Audit Unit,792725.99,44536.88,74210.7,11,Material Overbilling,Closed,445,1427,83096.42,359283.29,17,Recovery Initiated
Andhra Pradesh,Vizag,GP_Vizag_98,13-10-2022,2023-24,MGNREGA,School Building,SAU Team A,1442438.79,48638.64,37247.64,10,Fund Diversion,ATR Pending,186,5513,701399.56,93165.72,0,FIR Filed
Tamil Nadu,Chennai,GP_Chennai_76,03-07-2024,2024-25,SBM-G,School Building,District Audit Unit,725676.73,40894.58,28997.06,4,No Muster Roll,Closed,434,6353,223144.83,230914.28,19,Warning Issued
Andhra Pradesh,Vizag,GP_Vizag_58,05-06-2024,2023-24,PMGSY,Toilet Construction,District Audit Unit,69643.64,137716.7,5254.47,9,Material Overbilling,Completed,35,4945,572121.15,,4,Warning Issued
Kerala,Thrissur,GP_Thrissur_83,02-09-2024,2021-22,PMAY-G,School Building,District Audit Unit,1679600.55,140236.77,79773.85,8,No Muster Roll,Under Review,208,2999,790590.8,214984.96,15,Suspended Official
Karnataka,Mysore,GP_Mysore_4,06-11-2023,2021-22,SBM-G,Toilet Construction,District Audit Unit,1215926.43,123171.31,58953.06,11,Wage Delay,ATR Pending,257,470,783805.19,586163.39,3,
Karnataka,Bangalore,GP_Bangalore_12,31-08-2024,2021-22,SBM-G,Water Tank,SAU Team B,1322986.07,14802.14,13447.8,9,Wage Delay,Under Review,230,2303,185879.46,254185.44,21,Warning Issued
Maharashtra,Mumbai,GP_Mumbai_66,17-08-2024,2023-24,NSAP,School Building,SAU Team A,564167.14,6855.72,29568.44,11,Incomplete Work,ATR Pending,156,4254,593846.04,,18,Suspended Official
Andhra Pradesh,Vizag,GP_Vizag_90,07-08-2024,2021-22,NSAP,Pond Desilting,District Audit Unit,1498672,84228.69,35660.13,8,Wage Delay,ATR Pending,33,1584,651387.41,455578.8,7,Suspended Official
Maharashtra,Pune,GP_Pune_38,31-07-2023,2021-22,NSAP,Toilet Construction,District Audit Unit,796587.17,,46184.51,3,Fund Diversion,ATR Pending,69,6497,915038.62,,20,Suspended Official
Karnataka,Mysore,GP_Mysore_19,21-02-2023,2024-25,MGNREGA,Toilet Construction,District Audit Unit,1161466.5,44075.54,32137.27,9,Material Overbilling,Closed,421,5663,791739.78,395364.36,2,Warning Issued
Tamil Nadu,Coimbatore,GP_Coimbatore_85,26-07-2022,2023-24,PMGSY,School Building,SAU Team B,967053.68,20420.47,15182.31,3,Material Overbilling,Under Review,222,3569,219742.31,537458.76,9,Recovery Initiated
Rajasthan,Udaipur,GP_Udaipur_51,22-08-2022,2022-23,SBM-G,Toilet Construction,SAU Team B,1044368.37,131985.81,7647.5,3,No Muster Roll,Pending Recovery,402,1285,517303.35,163162.36,22,Recovery Initiated
Kerala,Ernakulam,GP_Ernakulam_94,16-04-2022,2021-22,NSAP,Road Construction,SAU Team B,1495958.64,117491.65,3222.5,3,Ghost Beneficiary,Completed,104,2516,263532.28,639059.92,2,No Action
Bihar,Gaya,GP_Gaya_59,29-05-2022,2021-22,NSAP,Water Tank,SAU Team A,62665.28,96432.6,47004.51,1,Ghost Beneficiary,Pending Recovery,265,5630,547899.05,210564.28,10,Warning Issued
Andhra Pradesh,Vijayawada,GP_Vijayawada_65,06-09-2022,2023-24,NSAP,Water Tank,SAU Team B,1094448.82,125826.9,19694.99,6,Material Overbilling,Under Review,461,1515,135697.72,36206.48,16,Recovery Initiated
Uttar Pradesh,Kanpur,GP_Kanpur_82,17-09-2024,2024-25,PMGSY,School Building,District Audit Unit,1264120.75,59036.67,20750.72,5,No Muster Roll,Under Review,45,1338,394922.23,343207.37,18,No Action
Andhra Pradesh,Vijayawada,GP_Vijayawada_72,19-01-2023,2023-24,PMAY-G,Pond Desilting,District Audit Unit,1722096.24,88367.45,77978.96,4,Fund Diversion,Completed,294,1182,140286.13,355297.83,6,FIR Filed
Bihar,Patna,GP_Patna_39,29-10-2022,2024-25,NSAP,Road Construction,SAU Team A,1892761.28,26579.07,27882.54,5,Ghost Beneficiary,Pending Recovery,438,2803,246824.11,795637.29,0,Suspended Official
Maharashtra,Pune,GP_Pune_81,18-09-2024,2022-23,MGNREGA,Pond Desilting,District Audit Unit,1543937.42,97736.84,27336.19,5,Wage Delay,Under Review,277,7287,487324.07,48254.13,8,
Tamil Nadu,Coimbatore,GP_Coimbatore_73,08-05-2023,2021-22,MGNREGA,Water Tank,SAU Team A,647371.92,116600.02,46309.84,10,Wage Delay,Under Review,135,7763,80836.91,489076.93,8,Warning Issued
Andhra Pradesh,Vizag,GP_Vizag_3,23-11-2023,2022-23,PMGSY,Water Tank,SAU Team A,719539.1,50769.56,72965.43,1,No Muster Roll,Under Review,143,5886,353209.08,581091.08,2,No Action
Karnataka,Bangalore,GP_Bangalore_65,03-06-2023,2021-22,PMAY-G,Toilet Construction,District Audit Unit,1360623.2,69993.11,,8,No Muster Roll,Closed,155,772,348752.68,270974.93,8,No Action
Tamil Nadu,Coimbatore,GP_Coimbatore_23,27-06-2024,2023-24,PMAY-G,Toilet Construction,District Audit Unit,625758.23,60112.27,35464.54,4,,Pending Recovery,498,252,845121.47,336763.44,0,FIR Filed
Rajasthan,Udaipur,GP_Udaipur_8,21-02-2022,2024-25,MGNREGA,Water Tank,District Audit Unit,552429.54,8613.52,52537.07,9,Ghost Beneficiary,Under Review,323,3728,703547.07,53096.96,3,FIR Filed
Tamil Nadu,Chennai,GP_Chennai_54,02-01-2023,2021-22,PMAY-G,Pond Desilting,SAU Team A,1066240.37,117642.87,27782.18,11,Ghost Beneficiary,ATR Pending,69,6697,422080,66791.43,7,Suspended Official
Maharashtra,Mumbai,GP_Mumbai_92,14-10-2023,2024-25,SBM-G,Water Tank,SAU Team B,965115.33,91561.78,8003.46,6,,ATR Pending,181,622,504629.17,224472.63,12,
Rajasthan,Jaipur,GP_Jaipur_64,29-04-2022,2024-25,NSAP,Road Construction,District Audit Unit,1867599.61,126404.24,69095.72,11,Ghost Beneficiary,ATR Pending,45,3595,267325.03,584899.67,22,FIR Filed
Uttar Pradesh,Kanpur,GP_Kanpur_80,25-10-2023,2024-25,PMGSY,Road Construction,SAU Team A,815281.18,110080.51,72734.16,0,No Muster Roll,Closed,158,3334,516627.6,275704.43,6,Recovery Initiated
Andhra Pradesh,Vizag,GP_Vizag_97,05-05-2023,2021-22,NSAP,Pond Desilting,SAU Team A,411272.64,67059.23,6300.87,9,Material Overbilling,Closed,98,3487,861700.02,583463.74,3,Suspended Official
Uttar Pradesh,Kanpur,GP_Kanpur_29,19-03-2023,2024-25,PMGSY,Water Tank,District Audit Unit,541677.41,145235.27,32109.4,7,No Muster Roll,Pending Recovery,399,3006,643041.21,608429.19,4,Recovery Initiated
Maharashtra,Mumbai,GP_Mumbai_92,14-10-2023,2024-25,SBM-G,Water Tank,SAU Team B,965115.33,91561.78,8003.46,6,,ATR Pending,181,622,504629.17,224472.63,12,
Uttar Pradesh,Lucknow,GP_Lucknow_70,05-02-2023,2023-24,SBM-G,Pond Desilting,SAU Team A,1520751.08,132583.84,3924.71,10,Incomplete Work,Closed,467,889,178012.07,349583.06,24,No Action
Karnataka,Bangalore,GP_Bangalore_47,15-03-2023,2022-23,NSAP,Road Construction,District Audit Unit,308044.58,143519.52,71343.34,9,Wage Delay,Completed,101,162,240498.7,337600.27,5,Suspended Official
Bihar,Patna,GP_Patna_93,01-07-2024,2022-23,NSAP,Road Construction,District Audit Unit,195075.37,116175.62,27897.38,3,Wage Delay,Under Review,269,1290,753903.65,663022.66,2,Recovery Initiated
Tamil Nadu,Coimbatore,GP_Coimbatore_84,10-12-2023,2022-23,PMGSY,Water Tank,SAU Team B,999273.8,48701.84,25339.89,9,Fund Diversion,ATR Pending,312,3389,238121.65,109273.41,5,FIR Filed
Uttar Pradesh,Kanpur,GP_Kanpur_7,01-12-2023,2022-23,SBM-G,School Building,SAU Team B,402596.03,126741.01,2328.12,9,Material Overbilling,Closed,391,1415,112761.29,50697.03,18,Suspended Official
Uttar Pradesh,Kanpur,GP_Kanpur_43,29-12-2022,2023-24,NSAP,Pond Desilting,District Audit Unit,1660228.99,124423.6,73519.69,2,Ghost Beneficiary,Pending Recovery,287,5770,496106.9,213379.18,13,Warning Issued
Kerala,Thrissur,GP_Thrissur_55,13-03-2023,2024-25,PMAY-G,Road Construction,SAU Team B,1367038.65,61768.16,10605.55,8,Incomplete Work,Under Review,139,2451,175206.42,,16,Warning Issued
Bihar,Gaya,GP_Gaya_13,16-09-2023,2024-25,MGNREGA,School Building,SAU Team B,179500.32,92510.71,22254.37,10,,Under Review,148,6043,142064.28,524592.71,19,No Action
Rajasthan,Udaipur,GP_Udaipur_13,08-10-2022,2021-22,NSAP,Pond Desilting,SAU Team A,1549453.41,,45592.3,10,Material Overbilling,Under Review,129,1529,83256.85,249954.46,17,Recovery Initiated
Tamil Nadu,Chennai,GP_Chennai_52,20-08-2024,2022-23,PMAY-G,Toilet Construction,District Audit Unit,706745.59,36914.87,2158.8,9,Incomplete Work,ATR Pending,368,3679,220789.48,531410.27,18,Suspended Official
Andhra Pradesh,Vizag,GP_Vizag_66,14-09-2022,2023-24,NSAP,School Building,SAU Team A,1823558.77,141445.53,68934.24,5,Wage Delay,Pending Recovery,433,2787,398719.41,159706.56,7,No Action
Andhra Pradesh,Vizag,GP_Vizag_37,30-12-2022,2023-24,NSAP,Road Construction,SAU Team A,962571.46,78803.82,77468.78,11,Ghost Beneficiary,Under Review,133,6425,666105.64,583478.73,17,No Action
Rajasthan,Jaipur,GP_Jaipur_90,01-12-2023,2021-22,NSAP,Road Construction,SAU Team B,744945.74,15087.85,10180.12,3,Ghost Beneficiary,Under Review,251,4714,329758.12,547391.25,16,Suspended Official
Maharashtra,Pune,GP_Pune_28,26-02-2023,2021-22,PMGSY,Pond Desilting,District Audit Unit,1813128.67,30943.77,,2,Wage Delay,ATR Pending,478,7128,407144.51,,12,Warning Issued
Bihar,Patna,GP_Patna_91,21-04-2023,2022-23,SBM-G,School Building,SAU Team A,1416373.92,53900.28,45572.86,7,Incomplete Work,Closed,414,2856,787920.8,723687.47,15,Suspended Official
Bihar,Patna,GP_Patna_32,27-03-2023,2022-23,PMAY-G,School Building,SAU Team B,1654362.53,39784.12,64300.86,5,Wage Delay,ATR Pending,198,7141,928116.42,138379.07,20,FIR Filed
Kerala,Ernakulam,GP_Ernakulam_28,31-01-2022,2023-24,NSAP,School Building,District Audit Unit,1530151.42,29918.8,49171.39,6,No Muster Roll,Pending Recovery,202,1967,411994.7,85222.28,24,Warning Issued
Andhra Pradesh,Vizag,GP_Vizag_48,06-05-2024,2023-24,PMAY-G,Water Tank,SAU Team B,1100606.54,,25610,5,Wage Delay,Pending Recovery,321,4707,373632.93,765620.07,1,Warning Issued
Karnataka,Mysore,GP_Mysore_96,28-04-2024,2022-23,PMGSY,Toilet Construction,SAU Team A,140667.28,72585.52,74306.74,5,Ghost Beneficiary,ATR Pending,137,3073,351743.41,505085.02,10,Warning Issued
Tamil Nadu,Coimbatore,GP_Coimbatore_68,20-09-2023,2023-24,PMAY-G,Toilet Construction,SAU Team A,601747.76,25345.82,32856.75,5,Material Overbilling,Closed,328,6765,250741.14,62492.21,10,Recovery Initiated
Tamil Nadu,Coimbatore,GP_Coimbatore_23,17-04-2023,2023-24,SBM-G,Road Construction,SAU Team B,1509701.2,98972,70429.57,1,Ghost Beneficiary,ATR Pending,103,5526,392257.54,239652.85,7,
Andhra Pradesh,Vizag,GP_Vizag_29,28-05-2023,2022-23,PMAY-G,Toilet Construction,District Audit Unit,1874949.02,21878.87,12251.85,10,No Muster Roll,Completed,425,6726,386947.43,439965.42,15,Warning Issued
Uttar Pradesh,Lucknow,GP_Lucknow_59,27-05-2024,2021-22,PMGSY,Road Construction,SAU Team B,109680.72,100647.35,11265.54,3,Wage Delay,Pending Recovery,92,3708,662887.95,761603.6,18,Recovery Initiated
Andhra Pradesh,Vijayawada,GP_Vijayawada_29,29-03-2024,2023-24,MGNREGA,School Building,SAU Team A,549494.23,59490.92,4933.3,6,No Muster Roll,ATR Pending,165,3393,804677.63,327037.13,4,Recovery Initiated
Kerala,Thrissur,GP_Thrissur_11,15-12-2022,2022-23,PMAY-G,Toilet Construction,SAU Team A,399282.6,52304.97,50074.81,4,Fund Diversion,Under Review,67,7167,481646.13,483085.48,15,Recovery Initiated
Uttar Pradesh,Kanpur,GP_Kanpur_55,16-11-2023,2023-24,PMAY-G,Water Tank,SAU Team A,352789.38,130608.95,9248.95,4,Wage Delay,Under Review,477,4504,383299.29,795316.99,14,Suspended Official
Karnataka,Mysore,GP_Mysore_53,03-04-2022,2022-23,PMGSY,Pond Desilting,SAU Team A,977460.2,92213.61,62220.66,7,Wage Delay,Pending Recovery,462,4690,287797.21,651515.74,8,No Action
Andhra Pradesh,Vijayawada,GP_Vijayawada_26,21-08-2024,2024-25,PMAY-G,School Building,SAU Team A,54258.98,,32792.88,5,Ghost Beneficiary,Under Review,385,3988,195844.12,748517.73,11,
Karnataka,Mysore,GP_Mysore_33,07-07-2024,2024-25,NSAP,Pond Desilting,SAU Team B,148514.44,121752.58,29676.37,7,Wage Delay,Under Review,393,7452,41395.24,467824.3,21,
Rajasthan,Jaipur,GP_Jaipur_45,03-12-2023,2023-24,NSAP,Toilet Construction,SAU Team A,432760.04,59994.01,73887.49,11,Ghost Beneficiary,Pending Recovery,264,5500,386525.1,95037.51,5,FIR Filed
Rajasthan,Udaipur,GP_Udaipur_4,25-08-2022,2023-24,PMGSY,Water Tank,District Audit Unit,359577.93,,58313.1,10,Incomplete Work,Completed,340,6985,162507.83,357529.25,18,Suspended Official
Karnataka,Mysore,GP_Mysore_41,20-08-2024,2024-25,MGNREGA,Road Construction,SAU Team B,669214.03,17.8,30776.93,3,Wage Delay,Closed,428,6555,151401.48,453116.95,19,Suspended Official
Kerala,Ernakulam,GP_Ernakulam_53,03-04-2023,2021-22,PMAY-G,Road Construction,SAU Team B,1059798.36,148476.21,63714.85,3,Ghost Beneficiary,Closed,422,5132,248540.82,,22,Suspended Official
Tamil Nadu,Chennai,GP_Chennai_28,29-02-2024,2023-24,PMAY-G,Toilet Construction,SAU Team B,694242.82,74607.17,,7,Material Overbilling,Closed,292,5280,73668.5,313702.15,9,No Action
Bihar,Patna,GP_Patna_65,26-12-2023,2024-25,PMAY-G,Toilet Construction,District Audit Unit,687145.07,64622.61,64422.3,4,Wage Delay,ATR Pending,305,5599,628547.1,350619.16,7,Suspended Official
Bihar,Patna,GP_Patna_35,09-07-2024,2023-24,SBM-G,Toilet Construction,SAU Team B,792356.29,127925.19,38552.66,1,Material Overbilling,Under Review,150,1069,95772.42,59816.24,10,No Action
Uttar Pradesh,Lucknow,GP_Lucknow_18,26-07-2022,2021-22,NSAP,Road Construction,SAU Team B,1167337.61,,38024.29,3,Fund Diversion,Closed,303,4965,289715.52,480460.33,0,FIR Filed
Bihar,Patna,GP_Patna_24,26-05-2024,2023-24,SBM-G,Road Construction,SAU Team A,1866250.14,52045.06,60047.79,2,No Muster Roll,Under Review,429,2381,205388.43,,6,
Tamil Nadu,Coimbatore,GP_Coimbatore_12,29-03-2023,2024-25,NSAP,Toilet Construction,SAU Team B,1572015.12,103917.23,3005.83,0,,Pending Recovery,45,4219,213122.26,682131.51,17,Recovery Initiated
Tamil Nadu,Chennai,GP_Chennai_40,09-08-2024,2023-24,NSAP,Road Construction,District Audit Unit,1198810.14,26371.48,47530.85,6,Ghost Beneficiary,Under Review,124,6882,773435.42,57133.16,4,Warning Issued
Andhra Pradesh,Vizag,GP_Vizag_3,04-01-2023,2024-25,PMGSY,Road Construction,District Audit Unit,1551370.2,20582.22,62677.48,7,Fund Diversion,Pending Recovery,248,1217,635493.44,396878.21,19,Recovery Initiated
Kerala,Thrissur,GP_Thrissur_42,17-01-2024,2022-23,PMAY-G,School Building,SAU Team A,400401.53,51101.46,43890.65,8,,ATR Pending,368,3784,521978.6,443751.82,3,Recovery Initiated
Rajasthan,Udaipur,GP_Udaipur_27,03-10-2023,2024-25,MGNREGA,Pond Desilting,SAU Team B,711194.59,6706.54,22983.98,1,Fund Diversion,Under Review,224,1228,388466.94,340705.84,7,Suspended Official
Bihar,Patna,GP_Patna_69,18-09-2024,2023-24,PMGSY,Water Tank,SAU Team B,966687.12,,,11,Fund Diversion,ATR Pending,168,2923,573750.55,712800.78,3,Recovery Initiated
Bihar,Gaya,GP_Gaya_67,17-11-2022,2022-23,NSAP,Road Construction,District Audit Unit,183277.86,124839.27,22159.17,4,Wage Delay,Completed,137,5546,875414.05,565554.75,5,Warning Issued
Kerala,Ernakulam,GP_Ernakulam_58,15-06-2023,2023-24,MGNREGA,Road Construction,SAU Team B,1837905.92,37156.65,,5,Fund Diversion,Pending Recovery,309,1044,724104.73,304890.1,16,FIR Filed
Kerala,Thrissur,GP_Thrissur_87,07-05-2024,2021-22,PMGSY,Toilet Construction,SAU Team B,323969.76,141833,20031.95,8,Fund Diversion,Under Review,105,4544,306949.88,415581.32,13,Suspended Official
Bihar,Gaya,GP_Gaya_14,29-05-2023,2023-24,PMGSY,Water Tank,District Audit Unit,739502.73,17632.99,9363.57,11,Material Overbilling,Completed,406,3751,499029.79,700807.59,3,Suspended Official
Bihar,Patna,GP_Patna_69,18-01-2023,2024-25,PMGSY,Pond Desilting,SAU Team A,1508093.75,58197.97,44842.53,8,Wage Delay,Under Review,372,4372,785410.09,29147.7,20,No Action
Andhra Pradesh,Vijayawada,GP_Vijayawada_30,06-06-2024,2023-24,SBM-G,Road Construction,SAU Team A,188752.75,67973.51,41666.66,7,,Pending Recovery,294,173,435948.85,,17,No Action
Rajasthan,Jaipur,GP_Jaipur_32,12-08-2024,2023-24,MGNREGA,Road Construction,SAU Team A,437888.85,41657.35,19464.23,0,,Under Review,241,4154,132369.94,640043.6,22,Suspended Official
Kerala,Thrissur,GP_Thrissur_1,19-05-2024,2021-22,PMAY-G,Pond Desilting,SAU Team A,1831902.71,2341.12,57384.67,5,Fund Diversion,Under Review,371,1465,36690.83,124546.65,11,FIR Filed
Maharashtra,Mumbai,GP_Mumbai_22,26-05-2023,2021-22,NSAP,Toilet Construction,SAU Team B,1005366.92,120488.86,61569.29,9,Ghost Beneficiary,Pending Recovery,393,401,884772.78,692880.44,4,
Rajasthan,Udaipur,GP_Udaipur_59,05-03-2024,2022-23,NSAP,Pond Desilting,SAU Team A,267693.02,122230.05,49675.69,2,Fund Diversion,Under Review,206,1599,815165.84,28323.37,12,Warning Issued
Maharashtra,Mumbai,GP_Mumbai_83,25-07-2022,2023-24,SBM-G,Road Construction,SAU Team B,1765377.37,,70884.07,3,Ghost Beneficiary,ATR Pending,421,7898,998816.99,,10,
Rajasthan,Udaipur,GP_Udaipur_82,07-04-2023,2022-23,MGNREGA,Road Construction,District Audit Unit,1177662.8,66186.88,30645.02,8,,ATR Pending,90,4702,621735.11,694409.73,23,Suspended Official
Rajasthan,Udaipur,GP_Udaipur_3,24-06-2023,2022-23,PMGSY,Toilet Construction,District Audit Unit,400797.82,101997.83,21521.11,5,Wage Delay,Pending Recovery,485,5297,919115.92,62145.01,23,
Uttar Pradesh,Lucknow,GP_Lucknow_98,13-07-2024,2024-25,NSAP,Toilet Construction,District Audit Unit,85759.86,128485.79,46576.07,0,No Muster Roll,Completed,471,6284,852179.81,454954.31,2,No Action
Rajasthan,Jaipur,GP_Jaipur_70,23-03-2022,2024-25,SBM-G,Pond Desilting,District Audit Unit,529685.57,81160.18,62041.53,8,Wage Delay,Completed,25,5199,871816.09,527434.75,19,FIR Filed
Uttar Pradesh,Lucknow,GP_Lucknow_88,04-04-2023,2024-25,MGNREGA,Road Construction,District Audit Unit,875679.2,71891.41,20929.62,1,Fund Diversion,Under Review,446,4788,220039.84,343978.76,10,No Action
Bihar,Gaya,GP_Gaya_35,25-11-2023,2021-22,SBM-G,Toilet Construction,SAU Team A,1742174.99,116182.55,17954.02,8,,Closed,395,3203,872378.32,36962.62,14,No Action
Tamil Nadu,Chennai,GP_Chennai_69,28-10-2023,2024-25,NSAP,Toilet Construction,SAU Team B,1789019.53,27036.91,47779.52,7,Ghost Beneficiary,Closed,349,836,822016.87,674349.33,1,Warning Issued
Kerala,Thrissur,GP_Thrissur_49,12-09-2022,2023-24,PMAY-G,School Building,SAU Team B,251354.68,49006.38,73786.05,9,No Muster Roll,Closed,13,7009,160606.19,225605.89,15,FIR Filed
Tamil Nadu,Coimbatore,GP_Coimbatore_28,06-08-2022,2022-23,PMAY-G,Toilet Construction,SAU Team B,328307.62,123597.76,73630.11,7,Wage Delay,Completed,225,4318,563651.38,415497.8,4,Suspended Official
Rajasthan,Jaipur,GP_Jaipur_33,03-12-2023,2023-24,PMAY-G,Pond Desilting,SAU Team A,488652.59,80065.49,68744.85,10,Ghost Beneficiary,Pending Recovery,41,3455,801499.94,698245.19,5,Recovery Initiated
Bihar,Gaya,GP_Gaya_25,29-08-2023,2023-24,NSAP,School Building,SAU Team A,439314.85,142015.72,,1,Wage Delay,Closed,216,1092,605593.49,676462.79,16,FIR Filed
Rajasthan,Udaipur,GP_Udaipur_16,02-05-2024,2023-24,MGNREGA,Water Tank,SAU Team A,1958227.87,111077.84,10107.59,3,Fund Diversion,ATR Pending,213,1868,743624.32,119836.99,23,
Rajasthan,Udaipur,GP_Udaipur_40,26-09-2022,2023-24,SBM-G,Road Construction,SAU Team B,1157165.07,111506.87,52025.87,9,Wage Delay,Completed,404,6473,568640.07,64953.33,24,No Action
Uttar Pradesh,Kanpur,GP_Kanpur_16,05-08-2022,2024-25,SBM-G,School Building,District Audit Unit,1511010.84,105815.13,45997.65,1,Fund Diversion,Completed,124,7757,59332.35,673920.03,17,No Action
Uttar Pradesh,Kanpur,GP_Kanpur_56,22-02-2024,2022-23,MGNREGA,School Building,SAU Team A,424384.3,46636.8,55949.68,1,No Muster Roll,Pending Recovery,55,2333,86771.58,98836.03,6,Warning Issued
Karnataka,Mysore,GP_Mysore_39,31-05-2023,2022-23,PMAY-G,Toilet Construction,SAU Team B,1590824.45,136046.14,2943.5,8,Wage Delay,Closed,207,2560,188079.63,300416.61,13,No Action
Andhra Pradesh,Vijayawada,GP_Vijayawada_68,19-09-2024,2022-23,PMGSY,Road Construction,District Audit Unit,656827.52,117942.35,,10,Ghost Beneficiary,Closed,196,2476,667514.39,517694.16,8,Recovery Initiated
Maharashtra,Mumbai,GP_Mumbai_48,21-07-2024,2024-25,SBM-G,Water Tank,SAU Team A,97132.19,140370.15,77137.62,5,No Muster Roll,Pending Recovery,115,7583,298526.38,780098.14,19,FIR Filed
Karnataka,Mysore,GP_Mysore_47,24-01-2024,2023-24,SBM-G,Toilet Construction,District Audit Unit,950577.15,,10129.59,11,Incomplete Work,Pending Recovery,216,2944,776875.6,753888.43,14,Warning Issued
Andhra Pradesh,Vizag,GP_Vizag_36,07-07-2022,2021-22,PMAY-G,Pond Desilting,District Audit Unit,585735.69,105145.45,10677.52,7,Ghost Beneficiary,Completed,165,2905,462220.15,246146.14,4,
Bihar,Gaya,GP_Gaya_24,29-08-2023,2023-24,PMGSY,Water Tank,SAU Team B,1648059.94,133383.99,73564.71,0,No Muster Roll,Pending Recovery,314,3802,714390.34,477795.02,22,Recovery Initiated
Bihar,Patna,GP_Patna_94,14-03-2022,2021-22,MGNREGA,Pond Desilting,SAU Team A,1492738.31,145773.66,68822.98,5,Material Overbilling,Pending Recovery,32,862,785758.84,490014.69,11,Recovery Initiated
Bihar,Patna,GP_Patna_10,06-11-2022,2023-24,MGNREGA,Pond Desilting,SAU Team A,1937908.42,99234.69,28614.17,10,Ghost Beneficiary,ATR Pending,357,1528,98242.15,432514.18,24,No Action
Kerala,Thrissur,GP_Thrissur_91,17-09-2024,2023-24,SBM-G,Toilet Construction,SAU Team B,843925.7,28545.47,70580.25,1,Material Overbilling,Completed,64,6169,830821.53,437856.71,22,No Action
Tamil Nadu,Chennai,GP_Chennai_10,13-02-2023,2023-24,SBM-G,School Building,District Audit Unit,1929493.56,47659.58,78753.28,8,Ghost Beneficiary,Under Review,243,1938,689829.17,429124.15,13,No Action
Andhra Pradesh,Vizag,GP_Vizag_54,04-06-2022,2021-22,NSAP,School Building,District Audit Unit,930896.42,10132.93,27988.19,7,Ghost Beneficiary,Closed,281,3432,781336.43,718454.71,14,
Rajasthan,Jaipur,GP_Jaipur_79,23-05-2023,2021-22,PMAY-G,Road Construction,SAU Team A,495450.78,113490.62,20488.57,6,No Muster Roll,Under Review,197,4486,779707.09,573959.71,5,No Action
Karnataka,Mysore,GP_Mysore_74,10-09-2023,2022-23,PMAY-G,Pond Desilting,SAU Team A,136210.95,90185.41,12337.82,3,Material Overbilling,Under Review,221,5690,708691.64,635598.2,17,Warning Issued
Karnataka,Bangalore,GP_Bangalore_96,18-01-2023,2024-25,MGNREGA,Road Construction,District Audit Unit,417551.7,31778.84,10566.3,2,Incomplete Work,Completed,309,5432,479316.27,,4,
Kerala,Thrissur,GP_Thrissur_90,28-01-2023,2021-22,SBM-G,Water Tank,District Audit Unit,209629.94,13141.01,55669.09,3,Wage Delay,ATR Pending,378,4476,856935.11,339055.26,15,FIR Filed
Tamil Nadu,Coimbatore,GP_Coimbatore_38,10-04-2023,2021-22,MGNREGA,Road Construction,District Audit Unit,303036.36,76606.99,35252.29,9,Ghost Beneficiary,Pending Recovery,445,7095,58803.66,589373.33,1,FIR Filed
Karnataka,Bangalore,GP_Bangalore_76,08-08-2023,2021-22,PMAY-G,Road Construction,SAU Team B,174627.08,88915.84,3031.55,6,Fund Diversion,Closed,366,6455,854441.59,744695.4,9,FIR Filed
Maharashtra,Mumbai,GP_Mumbai_42,08-01-2024,2024-25,NSAP,School Building,District Audit Unit,960281.27,6837.15,5558.95,1,Fund Diversion,Pending Recovery,149,5255,808282.23,595510.61,23,FIR Filed
Andhra Pradesh,Vizag,GP_Vizag_33,29-07-2023,2023-24,SBM-G,Toilet Construction,District Audit Unit,668292.78,19102.32,1672.51,4,Material Overbilling,Closed,206,7896,124859.97,782963.04,22,Warning Issued
Rajasthan,Udaipur,GP_Udaipur_30,15-10-2022,2023-24,PMGSY,Toilet Construction,SAU Team A,1666930.52,142162.01,74860.24,0,No Muster Roll,Closed,312,3203,632512.98,472100.62,10,FIR Filed
Tamil Nadu,Chennai,GP_Chennai_8,20-02-2024,2024-25,PMAY-G,Pond Desilting,SAU Team B,1180013.66,22704.14,31740.07,0,No Muster Roll,Completed,31,4193,830439.25,259048.48,10,Recovery Initiated
Kerala,Ernakulam,GP_Ernakulam_28,03-06-2024,2021-22,PMGSY,School Building,SAU Team A,1848749.44,1171,76422.9,3,,ATR Pending,150,1783,784090.68,704332.94,7,
Maharashtra,Pune,GP_Pune_64,26-04-2023,2022-23,SBM-G,Road Construction,SAU Team A,84853.39,74282.28,52625.81,8,Wage Delay,Closed,187,3874,380039.54,292215.98,9,Recovery Initiated
Tamil Nadu,Chennai,GP_Chennai_11,05-05-2024,2024-25,PMGSY,Water Tank,District Audit Unit,1949061.65,10235.65,,9,Wage Delay,Closed,494,6400,416239.6,228096.81,19,Warning Issued
Bihar,Patna,GP_Patna_60,22-06-2022,2022-23,SBM-G,School Building,District Audit Unit,229589.98,110277.59,61570.96,2,Material Overbilling,Closed,438,7697,996874.72,184248.78,15,
Kerala,Ernakulam,GP_Ernakulam_1,07-03-2023,2024-25,PMAY-G,School Building,SAU Team A,903104.41,81280.49,49226.08,3,Incomplete Work,Completed,228,2833,663735.84,639801.17,8,Suspended Official
Kerala,Ernakulam,GP_Ernakulam_11,19-11-2023,2022-23,MGNREGA,Water Tank,SAU Team A,1933809.46,137338.8,35405.66,1,Incomplete Work,Pending Recovery,68,1023,886244.09,29291.88,0,Suspended Official
Bihar,Patna,GP_Patna_91,02-05-2024,2022-23,NSAP,Toilet Construction,SAU Team B,1149416.61,,8193.34,4,Material Overbilling,Closed,319,6073,850472.47,730855.24,9,FIR Filed
Maharashtra,Pune,GP_Pune_46,25-06-2024,2022-23,SBM-G,Road Construction,District Audit Unit,1373366.4,120679.89,20638.07,1,No Muster Roll,Completed,148,1000,719100.2,692457.42,2,FIR Filed
Uttar Pradesh,Lucknow,GP_Lucknow_61,28-05-2023,2022-23,MGNREGA,Toilet Construction,SAU Team A,1428033.21,73253.19,52552.33,7,Incomplete Work,Completed,158,4489,226637.69,108590.41,14,No Action
Karnataka,Bangalore,GP_Bangalore_97,05-04-2024,2024-25,NSAP,Pond Desilting,District Audit Unit,113617.23,66560.74,33758.57,7,Fund Diversion,Completed,189,3852,969390.72,183571.27,1,Suspended Official
Uttar Pradesh,Kanpur,GP_Kanpur_4,23-05-2022,2022-23,PMAY-G,Pond Desilting,District Audit Unit,605498.85,109022.8,24111.87,5,No Muster Roll,Closed,336,1425,170051.26,,19,Suspended Official
Bihar,Patna,GP_Patna_94,18-10-2023,2021-22,PMGSY,Water Tank,SAU Team B,1582896.26,69190.58,,10,No Muster Roll,ATR Pending,472,4003,648917.04,557144.24,23,Recovery Initiated
Uttar Pradesh,Kanpur,GP_Kanpur_26,15-04-2022,2024-25,MGNREGA,Road Construction,District Audit Unit,1794760.98,9168.43,,3,,Under Review,469,4034,295652.88,,14,Warning Issued
Tamil Nadu,Coimbatore,GP_Coimbatore_3,20-02-2024,2023-24,MGNREGA,Road Construction,SAU Team B,1469139.88,31862.21,,0,Fund Diversion,ATR Pending,267,3407,795365.97,609144.05,20,
Uttar Pradesh,Lucknow,GP_Lucknow_57,10-04-2024,2023-24,PMGSY,Road Construction,SAU Team B,882957.48,35839.32,51122.6,3,Wage Delay,Under Review,348,6144,280986.07,486765.63,2,No Action
Andhra Pradesh,Vizag,GP_Vizag_86,08-04-2023,2021-22,PMGSY,Road Construction,District Audit Unit,1670520.81,80061.3,53915.83,1,Material Overbilling,Pending Recovery,308,630,486530.17,371742.41,10,Recovery Initiated
Rajasthan,Udaipur,GP_Udaipur_91,06-10-2023,2021-22,SBM-G,Pond Desilting,District Audit Unit,705142.1,118936.87,40761.06,1,,Pending Recovery,300,165,293013.47,452725.09,22,Recovery Initiated
Uttar Pradesh,Kanpur,GP_Kanpur_8,25-08-2023,2023-24,SBM-G,Road Construction,SAU Team A,970785.79,63825.86,1771.2,0,,Pending Recovery,119,6523,656687.22,396841.72,10,Recovery Initiated
Kerala,Ernakulam,GP_Ernakulam_10,04-06-2023,2023-24,PMGSY,Water Tank,SAU Team B,802965.98,56894.82,69840.5,1,Fund Diversion,ATR Pending,350,4048,827057.81,327825.94,10,Recovery Initiated
Tamil Nadu,Chennai,GP_Chennai_51,15-06-2022,2023-24,NSAP,Toilet Construction,District Audit Unit,1070103.72,108597.64,26416.99,0,No Muster Roll,ATR Pending,233,1757,69767.97,202823.21,10,FIR Filed
Rajasthan,Udaipur,GP_Udaipur_65,10-07-2023,2022-23,MGNREGA,Pond Desilting,District Audit Unit,1901724.19,125593.48,31864.83,4,Wage Delay,Pending Recovery,149,2527,159303.44,417653.86,1,Suspended Official
Karnataka,Mysore,GP_Mysore_94,02-04-2023,2021-22,NSAP,School Building,SAU Team A,166755.52,11707.43,53582.96,3,Fund Diversion,Closed,54,1684,427523.18,377592.69,6,Warning Issued
Uttar Pradesh,Lucknow,GP_Lucknow_59,16-11-2023,2022-23,NSAP,Road Construction,SAU Team A,1924861.55,123238.74,5237.15,3,Incomplete Work,ATR Pending,158,1597,801834.5,330488.7,1,Recovery Initiated
Rajasthan,Jaipur,GP_Jaipur_65,29-12-2023,2021-22,MGNREGA,Pond Desilting,SAU Team B,938939.68,109296.35,2215.19,10,Incomplete Work,Completed,146,4274,820235.87,742130.74,16,FIR Filed
Karnataka,Mysore,GP_Mysore_41,05-03-2023,2021-22,NSAP,Pond Desilting,SAU Team A,440684.16,52505.84,20236.84,11,Fund Diversion,Closed,255,2302,821082.78,369805.22,16,Recovery Initiated
Rajasthan,Udaipur,GP_Udaipur_98,02-01-2024,2022-23,NSAP,Pond Desilting,District Audit Unit,788756.74,20454.85,12671.14,6,No Muster Roll,Closed,263,7972,176495.72,465332.78,0,Recovery Initiated
Rajasthan,Jaipur,GP_Jaipur_73,19-01-2022,2023-24,NSAP,Pond Desilting,SAU Team B,845589.01,16930.41,12505.38,8,Material Overbilling,Completed,105,3878,396631.28,136318.91,20,
Kerala,Thrissur,GP_Thrissur_22,31-08-2024,2021-22,SBM-G,Road Construction,District Audit Unit,954937.06,7250.84,,5,Material Overbilling,Pending Recovery,174,2645,988482.78,749683.82,12,Recovery Initiated
Bihar,Gaya,GP_Gaya_97,22-11-2022,2023-24,PMGSY,Road Construction,SAU Team A,416886.51,,76348.43,11,Incomplete Work,Completed,236,2392,562199.11,435444.05,6,No Action
Uttar Pradesh,Kanpur,GP_Kanpur_34,07-06-2024,2023-24,PMAY-G,Road Construction,SAU Team B,1492512.4,81435.32,45458.23,4,Fund Diversion,Pending Recovery,230,4067,867537.14,284121.56,22,No Action
Andhra Pradesh,Vijayawada,GP_Vijayawada_5,10-05-2024,2021-22,SBM-G,School Building,District Audit Unit,1841860.39,59151.62,61509.42,0,,Closed,273,7120,996229.85,513257.18,17,Suspended Official
Bihar,Patna,GP_Patna_63,25-08-2024,2023-24,PMGSY,Pond Desilting,SAU Team A,484359.23,129495.53,,3,Material Overbilling,Under Review,17,5641,236851.22,360366.09,23,Warning Issued
Kerala,Ernakulam,GP_Ernakulam_40,10-03-2023,2024-25,NSAP,School Building,SAU Team B,1107168.14,63696.6,11263.99,9,No Muster Roll,Closed,283,4035,91523.06,549726.3,15,FIR Filed
Uttar Pradesh,Lucknow,GP_Lucknow_29,05-11-2023,2024-25,SBM-G,Toilet Construction,SAU Team B,697944.19,44287.06,76566.79,9,No Muster Roll,Completed,449,6385,463378.35,319853.98,12,Recovery Initiated
Maharashtra,Mumbai,GP_Mumbai_28,07-05-2024,2024-25,NSAP,Road Construction,SAU Team A,1460297.44,13192.95,59323.21,6,Wage Delay,Under Review,310,3169,844532.41,84412.04,14,No Action
Kerala,Ernakulam,GP_Ernakulam_70,13-05-2024,2024-25,MGNREGA,School Building,District Audit Unit,1308017.39,35193.34,70139.99,11,Fund Diversion,Closed,302,1013,596286.76,707169.57,8,No Action
Uttar Pradesh,Lucknow,GP_Lucknow_37,21-12-2022,2022-23,MGNREGA,Pond Desilting,SAU Team B,1443880.85,107829.61,24187.5,10,,Completed,127,3355,991572.53,724865.23,12,No Action
Tamil Nadu,Coimbatore,GP_Coimbatore_20,10-10-2022,2021-22,MGNREGA,Road Construction,District Audit Unit,1920305.32,96417.4,77431.01,0,,ATR Pending,388,6886,570220.04,46256.16,10,Suspended Official
Tamil Nadu,Chennai,GP_Chennai_49,26-06-2024,2023-24,MGNREGA,Water Tank,SAU Team B,75800.99,,29574.94,7,Fund Diversion,ATR Pending,269,2414,786456.18,34626.74,5,Suspended Official
Andhra Pradesh,Vijayawada,GP_Vijayawada_79,26-04-2023,2023-24,MGNREGA,Pond Desilting,SAU Team B,559911.16,16605.85,47478.88,9,Fund Diversion,Under Review,20,2839,470778.75,685791.95,4,FIR Filed
Andhra Pradesh,Vizag,GP_Vizag_17,27-06-2023,2023-24,PMAY-G,Toilet Construction,SAU Team B,833296.61,35971.75,53244.51,9,Wage Delay,Completed,450,1222,742966.32,728797.99,3,FIR Filed
Andhra Pradesh,Vizag,GP_Vizag_19,20-07-2022,2023-24,PMGSY,Road Construction,District Audit Unit,771391.06,143767.55,,4,Material Overbilling,Completed,488,7831,643024.57,769811.43,11,
Tamil Nadu,Coimbatore,GP_Coimbatore_75,24-04-2023,2022-23,NSAP,Toilet Construction,SAU Team A,1957734.68,87691.25,20310.2,1,Material Overbilling,Closed,349,4901,747528.86,207146.39,6,No Action
Tamil Nadu,Coimbatore,GP_Coimbatore_76,30-08-2023,2023-24,PMGSY,School Building,SAU Team A,1384726.45,139156.82,17050.97,1,No Muster Roll,ATR Pending,82,3300,700788.77,552177.89,13,Warning Issued
Karnataka,Mysore,GP_Mysore_99,29-01-2024,2022-23,PMGSY,Toilet Construction,SAU Team A,580331.96,23098.2,29092.73,3,Fund Diversion,Under Review,439,5577,355087.78,337113.06,20,Recovery Initiated
Uttar Pradesh,Kanpur,GP_Kanpur_46,06-01-2022,2023-24,NSAP,School Building,District Audit Unit,1086214,63800.19,15053.73,2,Incomplete Work,Under Review,35,5604,668379.27,85124.1,17,No Action
Tamil Nadu,Chennai,GP_Chennai_84,27-02-2022,2024-25,PMGSY,Toilet Construction,SAU Team A,704279,59539.81,16227.26,2,No Muster Roll,ATR Pending,114,5139,750323.32,178022.91,18,No Action
Maharashtra,Mumbai,GP_Mumbai_75,18-05-2023,2023-24,PMGSY,Pond Desilting,SAU Team A,1601150.75,93737.44,39392.86,0,Wage Delay,ATR Pending,12,5166,310403.65,767798.48,13,
Maharashtra,Pune,GP_Pune_69,08-01-2022,2022-23,PMAY-G,Road Construction,District Audit Unit,1781617.25,140972.73,59053.49,10,Ghost Beneficiary,Closed,26,2204,242699.93,798724.06,11,FIR Filed
Rajasthan,Udaipur,GP_Udaipur_96,16-05-2022,2022-23,PMAY-G,School Building,SAU Team B,668079.12,7869.07,28877.72,5,Wage Delay,ATR Pending,71,811,666914.75,73690.55,16,No Action
Uttar Pradesh,Lucknow,GP_Lucknow_93,25-01-2024,2023-24,SBM-G,School Building,SAU Team B,795536.02,106540.93,52082.66,3,No Muster Roll,Under Review,437,6151,300735.52,179041.31,8,No Action
Maharashtra,Pune,GP_Pune_72,03-07-2022,2022-23,SBM-G,Toilet Construction,District Audit Unit,252824.29,56063.01,74618.58,9,Incomplete Work,Closed,414,2159,93676.97,638531.05,13,Recovery Initiated
Karnataka,Bangalore,GP_Bangalore_81,10-09-2023,2023-24,MGNREGA,Pond Desilting,SAU Team B,427096.19,62500.21,21675.8,9,Incomplete Work,Under Review,64,3710,97132.86,309858.74,16,FIR Filed
Tamil Nadu,Coimbatore,GP_Coimbatore_7,03-08-2024,2023-24,PMAY-G,Water Tank,SAU Team A,799024.08,31109.81,75412.78,7,No Muster Roll,Pending Recovery,135,836,548969.2,,15,Suspended Official
Bihar,Patna,GP_Patna_82,23-05-2022,2022-23,PMGSY,Toilet Construction,SAU Team B,1014450.07,70503.03,,3,Material Overbilling,Pending Recovery,209,440,309093.09,,11,No Action
Kerala,Thrissur,GP_Thrissur_12,09-01-2024,2024-25,NSAP,Pond Desilting,SAU Team A,1110676,,54384.33,4,Material Overbilling,Closed,89,4282,976125.94,498007.66,23,FIR Filed
Rajasthan,Udaipur,GP_Udaipur_2,21-12-2023,2021-22,NSAP,School Building,SAU Team B,1628218.52,17993.43,,7,Wage Delay,Under Review,73,7969,116963.97,200231.45,23,FIR Filed
Kerala,Ernakulam,GP_Ernakulam_40,21-06-2023,2024-25,PMGSY,School Building,SAU Team A,640054.7,134992.71,77594.98,9,Ghost Beneficiary,Under Review,275,6326,702297.48,126197.93,3,Recovery Initiated
Tamil Nadu,Chennai,GP_Chennai_27,04-09-2024,2023-24,PMAY-G,Pond Desilting,SAU Team B,850507.45,127163.74,,7,Material Overbilling,ATR Pending,114,3237,789391.44,11145.75,4,Suspended Official
Maharashtra,Mumbai,GP_Mumbai_73,19-11-2022,2024-25,SBM-G,Toilet Construction,District Audit Unit,1264797.13,145483.7,10836.69,8,Fund Diversion,Closed,110,5988,399611.32,429735.25,1,Warning Issued
Karnataka,Bangalore,GP_Bangalore_22,01-01-2023,2022-23,SBM-G,Toilet Construction,District Audit Unit,509505.88,,23119.27,0,Fund Diversion,Closed,169,2525,976362.93,,13,FIR Filed
Kerala,Thrissur,GP_Thrissur_98,06-08-2024,2021-22,PMAY-G,Pond Desilting,SAU Team B,698662.89,11458.83,52374.07,6,Incomplete Work,Closed,355,4064,811943.55,14233.85,23,Warning Issued
Kerala,Thrissur,GP_Thrissur_39,28-01-2024,2022-23,PMGSY,Water Tank,SAU Team B,350331.83,,36703.19,9,Incomplete Work,Pending Recovery,113,6616,338298.61,381568.3,2,Warning Issued
Maharashtra,Pune,GP_Pune_56,09-11-2023,2021-22,SBM-G,Pond Desilting,District Audit Unit,276233.9,145886.76,25446.12,3,Ghost Beneficiary,ATR Pending,104,5259,272647.84,,21,No Action
Maharashtra,Pune,GP_Pune_12,10-05-2023,2021-22,NSAP,School Building,SAU Team A,826509.43,,58970,4,Incomplete Work,ATR Pending,492,243,40420.09,584236.82,4,
Karnataka,Bangalore,GP_Bangalore_47,29-03-2023,2022-23,NSAP,Water Tank,SAU Team A,1760459.28,126996.61,79250.25,9,No Muster Roll,ATR Pending,39,5928,34968.36,536532.43,13,Warning Issued
Tamil Nadu,Coimbatore,GP_Coimbatore_92,11-02-2023,2021-22,SBM-G,Water Tank,SAU Team A,1900249.39,86362.45,68839.2,5,Wage Delay,Closed,242,7837,545083.08,,16,Recovery Initiated
Andhra Pradesh,Vizag,GP_Vizag_37,30-12-2022,2023-24,NSAP,Road Construction,SAU Team A,962571.46,78803.82,77468.78,11,Ghost Beneficiary,Under Review,133,6425,666105.64,583478.73,17,No Action
Rajasthan,Jaipur,GP_Jaipur_90,01-12-2023,2021-22,NSAP,Road Construction,SAU Team B,744945.74,15087.85,10180.12,3,Ghost Beneficiary,Under Review,251,4714,329758.12,547391.25,16,Suspended Official
Andhra Pradesh,Vizag,GP_Vizag_80,10-10-2022,2024-25,NSAP,Toilet Construction,District Audit Unit,1216375.08,131501.93,57342.12,1,Fund Diversion,Pending Recovery,489,7556,954695.33,525267.98,12,Recovery Initiated
Maharashtra,Mumbai,GP_Mumbai_6,21-07-2022,2021-22,SBM-G,Pond Desilting,SAU Team B,80561.13,71336.61,54190.03,11,Incomplete Work,ATR Pending,229,975,556078.24,693078.72,19,Suspended Official
Tamil Nadu,Chennai,GP_Chennai_4,08-12-2022,2024-25,SBM-G,Road Construction,District Audit Unit,1850600.1,57843.09,33924.17,4,Ghost Beneficiary,Closed,487,7770,308099.06,,3,Warning Issued
Uttar Pradesh,Lucknow,GP_Lucknow_43,29-01-2022,2021-22,PMAY-G,Pond Desilting,SAU Team A,1626345.74,59386.67,58752.41,8,Ghost Beneficiary,Completed,54,1167,717659.31,442443.75,19,Recovery Initiated
Bihar,Patna,GP_Patna_86,16-08-2023,2024-25,MGNREGA,Water Tank,SAU Team B,1859806.87,102582.6,56231.94,8,Fund Diversion,Under Review,388,4947,295668.9,778408.34,9,Recovery Initiated
Uttar Pradesh,Kanpur,GP_Kanpur_46,27-06-2024,2021-22,MGNREGA,Road Construction,SAU Team A,1632841.52,23426.6,49218.2,4,No Muster Roll,ATR Pending,178,2349,58362.6,680935.81,13,No Action
Andhra Pradesh,Vizag,GP_Vizag_98,04-02-2023,2021-22,SBM-G,Road Construction,District Audit Unit,969503.25,92366.45,8682.22,0,Ghost Beneficiary,Completed,256,1400,34918.02,492044.58,23,FIR Filed
Kerala,Ernakulam,GP_Ernakulam_99,05-09-2023,2023-24,PMGSY,Toilet Construction,District Audit Unit,1959251.62,,47495.68,4,No Muster Roll,Pending Recovery,253,5623,618789.06,647328.35,16,No Action
Bihar,Gaya,GP_Gaya_85,09-06-2024,2022-23,PMGSY,Water Tank,SAU Team A,845583.39,32024.61,65306.75,11,No Muster Roll,Pending Recovery,342,2023,286208.31,215473.02,18,Recovery Initiated
Rajasthan,Jaipur,GP_Jaipur_37,05-07-2023,2021-22,PMGSY,Pond Desilting,District Audit Unit,186567.52,,74143.1,8,Material Overbilling,ATR Pending,177,7761,543026.37,655120.6,20,Suspended Official
Maharashtra,Pune,GP_Pune_71,10-11-2022,2024-25,NSAP,Water Tank,District Audit Unit,1598418.22,36120.53,60854.6,11,Ghost Beneficiary,ATR Pending,447,7237,789562.21,315439.43,2,Recovery Initiated
Bihar,Gaya,GP_Gaya_97,27-07-2022,2021-22,PMAY-G,School Building,SAU Team A,893272.35,20955.36,23177.43,1,Ghost Beneficiary,ATR Pending,48,7647,332646.72,,14,Recovery Initiated
Kerala,Ernakulam,GP_Ernakulam_68,20-04-2024,2024-25,SBM-G,Pond Desilting,SAU Team B,1927372.93,94899.94,64775.75,7,Material Overbilling,Under Review,72,7540,25724.77,128251.68,20,
Maharashtra,Mumbai,GP_Mumbai_39,24-02-2024,2024-25,SBM-G,Road Construction,District Audit Unit,1462854.31,132382.4,78687.26,6,Incomplete Work,Completed,397,3611,469558.66,83581,15,Recovery Initiated
Uttar Pradesh,Lucknow,GP_Lucknow_60,23-02-2022,2021-22,NSAP,Road Construction,District Audit Unit,1801381.13,,55715.38,3,Fund Diversion,Closed,404,5381,890539.05,489951.7,11,Recovery Initiated
Rajasthan,Udaipur,GP_Udaipur_54,28-01-2022,2021-22,PMGSY,Pond Desilting,SAU Team B,1380861.42,14347.29,25220.5,5,No Muster Roll,Completed,162,5337,116461.27,406897.75,5,Suspended Official
Bihar,Patna,GP_Patna_67,27-03-2024,2023-24,PMGSY,Toilet Construction,District Audit Unit,1020271.53,108153.16,25039.02,0,Material Overbilling,Pending Recovery,133,2912,416699.5,250210.19,16,Warning Issued
Kerala,Ernakulam,GP_Ernakulam_54,16-06-2023,2022-23,NSAP,School Building,SAU Team A,847045.02,65203.56,78431.32,2,Ghost Beneficiary,Pending Recovery,290,6661,201299.7,568967.99,10,Warning Issued
Bihar,Patna,GP_Patna_51,10-04-2024,2022-23,PMAY-G,Pond Desilting,SAU Team B,523853.73,103991.16,36366.68,4,,ATR Pending,244,2656,103824.65,682311.01,6,
Bihar,Gaya,GP_Gaya_15,02-06-2024,2022-23,MGNREGA,Toilet Construction,SAU Team A,764662.48,124190.15,60240.82,8,Material Overbilling,Under Review,273,5077,491501.54,,1,Suspended Official
Andhra Pradesh,Vizag,GP_Vizag_30,07-11-2023,2022-23,PMAY-G,Road Construction,District Audit Unit,1390629.08,102610.63,57318.24,10,Wage Delay,Completed,263,4533,101930.24,,4,FIR Filed
Karnataka,Mysore,GP_Mysore_73,13-07-2024,2024-25,MGNREGA,Pond Desilting,SAU Team B,1154307.66,52211.41,13486.56,2,Material Overbilling,Completed,126,6145,988294.6,125074.21,11,
Tamil Nadu,Chennai,GP_Chennai_54,03-04-2022,2021-22,MGNREGA,School Building,SAU Team B,1796022.72,,55838.08,6,Wage Delay,Completed,415,2356,619741.25,685827.89,15,No Action
Maharashtra,Mumbai,GP_Mumbai_59,20-09-2022,2021-22,NSAP,Toilet Construction,District Audit Unit,1809278.87,113763.71,58708.79,3,Wage Delay,Under Review,352,117,381753.19,279532.24,19,Recovery Initiated
Maharashtra,Pune,GP_Pune_54,15-04-2024,2021-22,PMGSY,Toilet Construction,SAU Team A,1089136.14,64857.36,32749.85,1,Fund Diversion,Under Review,42,5120,814546.24,587462.37,8,Warning Issued
Tamil Nadu,Coimbatore,GP_Coimbatore_58,17-02-2022,2022-23,MGNREGA,Pond Desilting,SAU Team B,1134302.23,115991.43,38883.61,5,Wage Delay,ATR Pending,414,1750,588514.69,572786.23,6,Recovery Initiated
Bihar,Gaya,GP_Gaya_85,18-03-2022,2021-22,PMGSY,Pond Desilting,District Audit Unit,474051.06,80021.96,,1,Ghost Beneficiary,Under Review,360,6295,877799.05,,12,Warning Issued
Bihar,Patna,GP_Patna_77,15-10-2023,2021-22,MGNREGA,Pond Desilting,SAU Team B,985105.19,,288.51,6,No Muster Roll,ATR Pending,372,188,361080.25,786268.03,15,No Action
Maharashtra,Mumbai,GP_Mumbai_61,08-06-2024,2024-25,SBM-G,Toilet Construction,SAU Team B,232235.13,132662.7,51666.79,3,,Closed,384,5397,771442.86,696359.17,0,Suspended Official
Rajasthan,Udaipur,GP_Udaipur_21,11-04-2022,2024-25,PMAY-G,Road Construction,SAU Team B,882857.8,1858.25,55230.21,6,Ghost Beneficiary,Pending Recovery,100,1887,231409.02,354314.47,8,Warning Issued
Karnataka,Bangalore,GP_Bangalore_84,16-03-2022,2024-25,PMGSY,Pond Desilting,District Audit Unit,1781970.41,143629.08,4806.81,2,,Closed,386,2597,870335.1,185985.04,7,Warning Issued
Maharashtra,Pune,GP_Pune_88,05-02-2022,2021-22,NSAP,Road Construction,SAU Team B,1883608.01,69299.93,1575.14,5,Fund Diversion,Closed,448,6330,852913.21,360864.95,7,FIR Filed
Tamil Nadu,Coimbatore,GP_Coimbatore_83,27-11-2023,2024-25,NSAP,Water Tank,SAU Team A,1155544.42,103216.56,74456.64,6,Incomplete Work,ATR Pending,466,1985,851665.63,543925.24,2,Suspended Official
Andhra Pradesh,Vizag,GP_Vizag_3,06-04-2022,2023-24,PMAY-G,Pond Desilting,District Audit Unit,1887685.59,31152.61,15090.52,2,No Muster Roll,Completed,40,5721,840540.06,770026.17,4,Suspended Official
Karnataka,Bangalore,GP_Bangalore_99,29-06-2024,2023-24,SBM-G,Pond Desilting,SAU Team A,1976551.88,75129.74,18246.21,8,No Muster Roll,Pending Recovery,138,2740,181525.45,715206.15,12,Suspended Official
Bihar,Gaya,GP_Gaya_38,03-07-2024,2022-23,SBM-G,Toilet Construction,District Audit Unit,752626.22,97255.96,,8,No Muster Roll,Completed,395,2477,673127.12,276896.01,7,Warning Issued
Andhra Pradesh,Vizag,GP_Vizag_24,21-03-2023,2024-25,PMGSY,Road Construction,District Audit Unit,1039047.68,47725.9,38577.3,3,Wage Delay,ATR Pending,32,7704,326625.25,707216.76,5,Suspended Official
Rajasthan,Jaipur,GP_Jaipur_44,19-03-2024,2023-24,NSAP,Toilet Construction,SAU Team B,378351.33,98808.65,61276.65,7,Incomplete Work,Pending Recovery,135,6232,501447.46,761466.76,22,Suspended Official
Rajasthan,Jaipur,GP_Jaipur_29,24-03-2022,2023-24,PMAY-G,Toilet Construction,SAU Team B,169284.92,,70634.09,8,Material Overbilling,ATR Pending,63,7847,216727.34,500435.23,18,Suspended Official
Karnataka,Bangalore,GP_Bangalore_11,25-11-2023,2023-24,PMAY-G,Pond Desilting,District Audit Unit,1884845.08,100906.88,48114.13,6,Ghost Beneficiary,Completed,85,2898,789477.4,110522.11,10,Warning Issued
Uttar Pradesh,Kanpur,GP_Kanpur_46,28-04-2022,2023-24,NSAP,Pond Desilting,SAU Team A,1178500.12,8393.38,22202.3,5,No Muster Roll,Completed,217,4793,130950.38,368743.21,16,Recovery Initiated
Rajasthan,Jaipur,GP_Jaipur_91,16-12-2023,2022-23,NSAP,Toilet Construction,District Audit Unit,1269173.26,34464.1,29597.32,11,Wage Delay,Completed,15,1213,656825.89,751642.73,12,Recovery Initiated
Kerala,Ernakulam,GP_Ernakulam_39,14-04-2022,2024-25,MGNREGA,School Building,SAU Team B,351109.14,149950.45,6097.09,10,Incomplete Work,Pending Recovery,355,4454,751910.04,400658.13,3,Suspended Official
Karnataka,Mysore,GP_Mysore_40,28-07-2024,2023-24,MGNREGA,School Building,District Audit Unit,1697909.19,,37235.12,10,Ghost Beneficiary,Closed,499,2502,953304.47,512528.53,16,Recovery Initiated
Rajasthan,Jaipur,GP_Jaipur_33,14-07-2024,2023-24,PMAY-G,School Building,SAU Team B,1645885.16,145872.68,42227.51,1,Incomplete Work,Completed,474,5688,524974.03,220612.09,12,Recovery Initiated
Rajasthan,Jaipur,GP_Jaipur_4,04-01-2024,2021-22,MGNREGA,Toilet Construction,SAU Team B,1349226.77,104052.57,23975.34,4,,Under Review,388,6761,589776.67,716921.27,2,
Maharashtra,Pune,GP_Pune_29,30-11-2022,2023-24,MGNREGA,Toilet Construction,SAU Team B,548971.63,74141.15,36919.66,10,Ghost Beneficiary,Completed,464,3828,699226,783382.96,7,
Rajasthan,Udaipur,GP_Udaipur_23,09-05-2022,2021-22,SBM-G,Water Tank,SAU Team A,215053.08,47422.6,14921.75,2,Ghost Beneficiary,Under Review,23,736,135999.89,160118.8,18,No Action
Bihar,Patna,GP_Patna_49,06-03-2022,2023-24,NSAP,Pond Desilting,SAU Team B,1542048.66,,7365.6,3,Fund Diversion,Closed,422,4960,740974.97,682323.53,16,No Action
Bihar,Patna,GP_Patna_27,19-01-2022,2021-22,MGNREGA,Toilet Construction,SAU Team B,858173.47,91986.18,45747.14,6,Fund Diversion,Closed,474,3688,149513.07,,22,Recovery Initiated
Kerala,Ernakulam,GP_Ernakulam_45,15-03-2023,2023-24,NSAP,School Building,District Audit Unit,1644701.58,28030.83,34598.46,11,Fund Diversion,Completed,369,7537,703201.66,569100.11,20,
Uttar Pradesh,Kanpur,GP_Kanpur_69,25-04-2022,2024-25,MGNREGA,Toilet Construction,SAU Team A,264076.76,84768.4,54345.24,0,Wage Delay,Under Review,148,6111,846737.63,49238.28,3,No Action
Maharashtra,Mumbai,GP_Mumbai_35,18-02-2022,2022-23,NSAP,Road Construction,SAU Team B,147543.42,110955.47,34515.6,6,Fund Diversion,ATR Pending,175,7479,879302.62,308469.19,6,Warning Issued
Karnataka,Mysore,GP_Mysore_59,19-12-2023,2022-23,MGNREGA,Toilet Construction,District Audit Unit,71541.93,146608.34,68528.5,10,Incomplete Work,Closed,63,2568,418129.18,569486.56,8,Warning Issued
Uttar Pradesh,Kanpur,GP_Kanpur_61,17-05-2024,2023-24,PMGSY,Water Tank,SAU Team A,1028924.62,79386.76,33274.61,7,Wage Delay,Pending Recovery,258,358,540740.51,730158.61,18,FIR Filed
Karnataka,Mysore,GP_Mysore_73,26-03-2024,2024-25,PMGSY,Water Tank,SAU Team B,856272.87,72579.2,68662.38,11,Incomplete Work,Completed,180,197,217507.18,703477.15,8,Warning Issued
Karnataka,Bangalore,GP_Bangalore_95,17-08-2024,2021-22,SBM-G,Toilet Construction,SAU Team A,1655527.58,63966.12,30251.31,3,,Under Review,295,4443,245760.31,349180.76,24,Recovery Initiated
Maharashtra,Mumbai,GP_Mumbai_17,22-09-2023,2021-22,PMAY-G,School Building,District Audit Unit,310036.41,42620.38,73748.29,5,No Muster Roll,Closed,317,1755,412624.3,,17,Suspended Official
Rajasthan,Udaipur,GP_Udaipur_72,02-08-2022,2022-23,MGNREGA,Toilet Construction,SAU Team A,1874313.8,98221.7,8773.11,11,No Muster Roll,Completed,357,1039,392375.43,454745.7,7,
Kerala,Ernakulam,GP_Ernakulam_88,17-10-2023,2022-23,NSAP,Road Construction,District Audit Unit,1651340.4,33945.64,,4,Wage Delay,Pending Recovery,145,5296,562458.38,781253.35,0,Recovery Initiated
Maharashtra,Pune,GP_Pune_12,21-11-2023,2024-25,PMGSY,Road Construction,SAU Team B,887176.62,136493.26,76178.98,7,Fund Diversion,Completed,471,4500,112280.53,573686.36,9,FIR Filed
Kerala,Thrissur,GP_Thrissur_21,20-09-2024,2024-25,MGNREGA,Road Construction,SAU Team A,1506666.57,112939.51,5713.82,6,Fund Diversion,Completed,63,1115,773336.69,471028.35,11,No Action
Rajasthan,Udaipur,GP_Udaipur_41,22-01-2022,2021-22,NSAP,Water Tank,SAU Team A,864075.38,122673.5,76746.33,0,,ATR Pending,355,4874,339609.68,589485.85,8,Recovery Initiated
Maharashtra,Mumbai,GP_Mumbai_8,10-10-2022,2022-23,MGNREGA,Pond Desilting,SAU Team A,1512018.11,96061.6,62568.1,5,Fund Diversion,Under Review,233,2301,556732.01,349340.9,20,Suspended Official
Andhra Pradesh,Vijayawada,GP_Vijayawada_73,06-11-2023,2022-23,NSAP,Road Construction,District Audit Unit,714983.33,60538.42,44971.56,5,Material Overbilling,Pending Recovery,382,6030,260229.52,756905.93,11,FIR Filed
Maharashtra,Pune,GP_Pune_53,02-09-2022,2023-24,PMGSY,Toilet Construction,District Audit Unit,1002459.57,103091.49,44677.75,7,No Muster Roll,Under Review,422,2615,972770.36,321565.81,6,Warning Issued
Rajasthan,Jaipur,GP_Jaipur_47,30-09-2023,2024-25,SBM-G,Pond Desilting,SAU Team B,1207905.05,,25393.29,10,No Muster Roll,ATR Pending,477,1216,472916.52,244944.24,13,Recovery Initiated
Rajasthan,Jaipur,GP_Jaipur_62,27-02-2024,2022-23,NSAP,Toilet Construction,SAU Team B,1277545.13,104109.91,34936.53,10,Material Overbilling,Pending Recovery,398,5437,158486.49,,5,Warning Issued
Uttar Pradesh,Lucknow,GP_Lucknow_33,22-12-2023,2022-23,PMAY-G,Road Construction,SAU Team A,1167889.54,72093.11,29729.84,9,Ghost Beneficiary,Under Review,333,5907,591109.81,,16,No Action
Bihar,Gaya,GP_Gaya_17,12-03-2022,2021-22,PMAY-G,Water Tank,SAU Team B,1018701.72,6133.06,55900.38,6,Wage Delay,Closed,266,452,113102.71,731769.87,11,FIR Filed
Maharashtra,Pune,GP_Pune_91,14-09-2024,2021-22,PMGSY,Water Tank,SAU Team A,1289141.5,26791.19,72463.61,5,Fund Diversion,Closed,354,5157,938032.77,661029.21,10,Suspended Official
Bihar,Gaya,GP_Gaya_11,23-04-2023,2024-25,MGNREGA,Road Construction,SAU Team A,1790571.54,67093.73,31524.76,6,Wage Delay,Pending Recovery,422,2264,471978.42,360773.14,17,FIR Filed
Bihar,Patna,GP_Patna_20,11-06-2024,2022-23,PMGSY,Water Tank,SAU Team A,1740189.8,31326.06,1207.04,5,Fund Diversion,Under Review,125,553,939996.18,786015.76,4,Recovery Initiated
Bihar,Gaya,GP_Gaya_77,11-11-2022,2023-24,PMAY-G,School Building,SAU Team A,543646.64,60484.58,25799.78,10,Wage Delay,Closed,243,2504,636466.05,511173.84,20,No Action
Andhra Pradesh,Vizag,GP_Vizag_68,20-06-2024,2021-22,MGNREGA,Water Tank,SAU Team A,1680169.68,33287.34,32393.09,3,Fund Diversion,Under Review,303,3949,357676.86,791002.09,21,Suspended Official
Tamil Nadu,Coimbatore,GP_Coimbatore_86,27-05-2022,2022-23,NSAP,Water Tank,SAU Team B,1253717.6,48304.83,15370.35,6,Wage Delay,Pending Recovery,40,5507,735140.79,463858.42,17,No Action
Tamil Nadu,Chennai,GP_Chennai_93,21-02-2024,2023-24,MGNREGA,Pond Desilting,SAU Team B,417910.97,12152.23,62799.14,11,Fund Diversion,Under Review,453,7271,895650.34,133112.8,14,No Action
Tamil Nadu,Chennai,GP_Chennai_80,20-05-2024,2021-22,PMGSY,Toilet Construction,District Audit Unit,1442979.14,71853.56,,7,Ghost Beneficiary,Pending Recovery,400,1175,811016.88,,1,Warning Issued
Uttar Pradesh,Lucknow,GP_Lucknow_81,02-09-2022,2022-23,MGNREGA,Toilet Construction,SAU Team B,973198.06,3005.16,26814.65,0,Fund Diversion,Under Review,21,455,796242.61,83677.14,17,FIR Filed
Tamil Nadu,Chennai,GP_Chennai_47,04-11-2022,2021-22,PMAY-G,Water Tank,SAU Team B,1968102.94,128296.26,33120.08,2,Ghost Beneficiary,ATR Pending,303,1969,760459.29,513455.66,13,Recovery Initiated
Uttar Pradesh,Lucknow,GP_Lucknow_17,08-07-2022,2024-25,MGNREGA,Road Construction,SAU Team A,1930793.63,134068.11,3825.31,2,Fund Diversion,Closed,440,2599,645798.38,293232.52,6,
Maharashtra,Mumbai,GP_Mumbai_94,26-09-2022,2022-23,SBM-G,Toilet Construction,District Audit Unit,944673.56,36705.28,51249.72,5,Incomplete Work,Closed,30,6009,866789.09,739386.53,11,No Action
Bihar,Gaya,GP_Gaya_82,25-09-2024,2024-25,PMAY-G,Pond Desilting,District Audit Unit,895412.99,65093.49,29877.49,5,Material Overbilling,ATR Pending,219,7220,737648.38,769913.09,24,No Action
Tamil Nadu,Chennai,GP_Chennai_59,15-06-2024,2022-23,PMAY-G,School Building,SAU Team A,1506989.63,93993.76,75831.17,9,Ghost Beneficiary,Under Review,461,4806,852423.36,687706.23,23,FIR Filed
Karnataka,Bangalore,GP_Bangalore_37,03-07-2024,2022-23,PMAY-G,Water Tank,SAU Team B,628599.03,118667.12,72719.84,8,Incomplete Work,ATR Pending,81,614,345591.86,269996.33,1,FIR Filed
Andhra Pradesh,Vijayawada,GP_Vijayawada_51,25-07-2023,2024-25,NSAP,School Building,SAU Team A,373689.2,134429.67,49463.11,1,Ghost Beneficiary,Completed,195,7503,517216.27,582875.73,12,Recovery Initiated
Andhra Pradesh,Vizag,GP_Vizag_87,23-04-2022,2024-25,PMAY-G,School Building,SAU Team B,915244.77,15083.54,28120.6,4,,Pending Recovery,458,7629,794814.79,12592.09,19,Recovery Initiated
Karnataka,Mysore,GP_Mysore_70,18-01-2023,2021-22,PMAY-G,Toilet Construction,SAU Team B,1003119.81,4347.09,66153.91,8,No Muster Roll,Pending Recovery,203,882,431556.32,297923.28,7,Recovery Initiated
Bihar,Patna,GP_Patna_76,14-06-2023,2022-23,NSAP,Water Tank,SAU Team B,1625751.45,114750.35,32391.78,10,Fund Diversion,Completed,435,6048,112991.39,438750.67,22,Warning Issued
Tamil Nadu,Chennai,GP_Chennai_92,08-05-2022,2022-23,MGNREGA,Toilet Construction,District Audit Unit,938168.78,141804.96,,5,Ghost Beneficiary,Pending Recovery,140,2644,791660.46,233766.76,16,FIR Filed
Rajasthan,Udaipur,GP_Udaipur_49,07-10-2023,2021-22,NSAP,Water Tank,District Audit Unit,1439456.92,100640.84,72344.83,9,Wage Delay,Closed,363,4796,453899.2,662890.38,18,FIR Filed
Uttar Pradesh,Kanpur,GP_Kanpur_54,13-01-2023,2024-25,PMAY-G,Road Construction,SAU Team A,1242068.9,4469.96,26993.18,8,No Muster Roll,Closed,127,3617,736445.05,454351.78,20,Warning Issued
Kerala,Ernakulam,GP_Ernakulam_37,14-12-2022,2024-25,PMAY-G,Toilet Construction,District Audit Unit,560168.37,36159.8,18320.11,9,Incomplete Work,Completed,72,5153,363830.87,396225.58,6,No Action
Maharashtra,Mumbai,GP_Mumbai_73,10-03-2024,2024-25,MGNREGA,Water Tank,SAU Team B,732639.06,90501.74,33479.26,10,Fund Diversion,Pending Recovery,237,6248,293137.86,534843.37,0,No Action
Maharashtra,Pune,GP_Pune_49,05-03-2024,2021-22,PMGSY,Water Tank,District Audit Unit,1930458.65,140108.97,53572.89,3,,Under Review,104,7278,315005.57,44257.01,13,FIR Filed
Maharashtra,Pune,GP_Pune_31,01-02-2024,2023-24,NSAP,Road Construction,SAU Team A,1022524.21,8615.28,11152.28,7,Incomplete Work,Pending Recovery,337,4216,850129.71,51364.7,23,Suspended Official
Karnataka,Bangalore,GP_Bangalore_45,16-10-2023,2022-23,SBM-G,School Building,District Audit Unit,1984192.29,,76629.48,4,No Muster Roll,Pending Recovery,66,3988,892281.51,671990.12,13,FIR Filed
Tamil Nadu,Chennai,GP_Chennai_65,19-08-2024,2024-25,NSAP,School Building,SAU Team A,86800.9,19728.78,78334.12,3,,Pending Recovery,370,5792,928311.57,319449.74,19,No Action
Bihar,Patna,GP_Patna_94,20-09-2024,2023-24,PMGSY,School Building,SAU Team A,1496238.58,37949.96,29242.3,1,Ghost Beneficiary,Closed,99,1061,971473.43,382505.13,19,No Action
Bihar,Patna,GP_Patna_59,15-05-2022,2021-22,PMGSY,Water Tank,SAU Team A,1542819.29,135220.74,14197.84,10,Wage Delay,ATR Pending,338,7163,464568.41,634352.99,7,Warning Issued
Kerala,Thrissur,GP_Thrissur_1,19-05-2024,2021-22,PMAY-G,Pond Desilting,SAU Team A,1831902.71,2341.12,57384.67,5,Fund Diversion,Under Review,371,1465,36690.83,124546.65,11,FIR Filed
Tamil Nadu,Coimbatore,GP_Coimbatore_35,17-03-2022,2023-24,PMAY-G,Road Construction,District Audit Unit,82774.2,96520.79,68185.85,9,Material Overbilling,Under Review,140,3254,112638.19,304262.39,22,Warning Issued
Karnataka,Bangalore,GP_Bangalore_37,22-01-2024,2022-23,NSAP,Water Tank,District Audit Unit,1684904.83,132862.13,78987.56,11,Material Overbilling,ATR Pending,194,7934,467468.91,596205.8,1,Suspended Official
Uttar Pradesh,Kanpur,GP_Kanpur_32,30-06-2022,2022-23,NSAP,Toilet Construction,SAU Team A,1393261.13,97782.81,15257.28,8,Ghost Beneficiary,ATR Pending,233,6131,993441.05,215094.12,4,Suspended Official
Rajasthan,Udaipur,GP_Udaipur_19,13-06-2024,2023-24,MGNREGA,Water Tank,District Audit Unit,166269.77,40889.14,9862.91,10,Wage Delay,ATR Pending,331,7448,500165.87,347709.18,3,FIR Filed
Rajasthan,Jaipur,GP_Jaipur_52,07-06-2024,2022-23,PMGSY,Road Construction,SAU Team A,823746.12,119730.57,42158.9,3,Ghost Beneficiary,Pending Recovery,354,544,626074.6,81569.58,24,Suspended Official
Uttar Pradesh,Lucknow,GP_Lucknow_89,02-02-2023,2022-23,SBM-G,Water Tank,SAU Team B,1855194.23,17991.03,26605.04,7,Fund Diversion,Closed,237,6041,437484.98,135660.43,3,Suspended Official
Rajasthan,Udaipur,GP_Udaipur_78,23-03-2023,2024-25,SBM-G,School Building,District Audit Unit,1083325.69,108953.55,4437.26,8,Incomplete Work,Completed,377,1252,987951.69,392196.65,24,
Karnataka,Mysore,GP_Mysore_86,12-06-2022,2023-24,SBM-G,Water Tank,SAU Team A,154156.84,107948.26,59103.78,1,Fund Diversion,Completed,264,3317,379208.27,785844.7,18,Suspended Official
Rajasthan,Jaipur,GP_Jaipur_68,12-12-2023,2022-23,PMGSY,Water Tank,SAU Team B,712662.7,27512.44,37289.16,2,Incomplete Work,Pending Recovery,109,1232,344913.32,237082.02,20,Recovery Initiated
Tamil Nadu,Chennai,GP_Chennai_28,18-06-2023,2024-25,PMAY-G,School Building,SAU Team A,873469.62,57742.63,36093.43,1,No Muster Roll,Completed,498,7674,669866.16,183549.48,8,Warning Issued
Tamil Nadu,Chennai,GP_Chennai_57,03-02-2022,2023-24,PMGSY,Road Construction,District Audit Unit,110634.51,64950.74,78120.58,2,No Muster Roll,Closed,338,7629,625805.18,518094.51,19,Recovery Initiated
Rajasthan,Jaipur,GP_Jaipur_17,18-09-2024,2021-22,SBM-G,Road Construction,District Audit Unit,809267.62,56258.16,,4,Incomplete Work,Under Review,366,5121,689279.04,759742.77,8,FIR Filed
Kerala,Ernakulam,GP_Ernakulam_84,23-07-2023,2022-23,MGNREGA,Water Tank,SAU Team A,1209372.7,105332.01,32035.62,1,Incomplete Work,Completed,442,2431,399314.3,729912.92,10,Warning Issued
Bihar,Gaya,GP_Gaya_13,16-09-2023,2024-25,MGNREGA,School Building,SAU Team B,179500.32,92510.71,22254.37,10,,Under Review,148,6043,142064.28,524592.71,19,No Action
Rajasthan,Jaipur,GP_Jaipur_20,29-01-2022,2023-24,SBM-G,Water Tank,SAU Team A,1787112.17,,71550.25,1,Incomplete Work,ATR Pending,337,5233,718549.48,563552.46,19,No Action
Tamil Nadu,Chennai,GP_Chennai_33,23-07-2022,2023-24,SBM-G,Road Construction,SAU Team B,1016273.02,95737.65,20180.75,4,Fund Diversion,Pending Recovery,111,5149,820881.89,793411.04,14,Suspended Official
Rajasthan,Jaipur,GP_Jaipur_49,24-08-2022,2021-22,PMAY-G,Toilet Construction,SAU Team B,1650773.79,147281.59,5831.94,5,Fund Diversion,Closed,354,6800,724968.72,295185.86,16,Recovery Initiated
Kerala,Ernakulam,GP_Ernakulam_47,21-04-2022,2022-23,PMAY-G,Road Construction,District Audit Unit,375908.21,40565.12,14423.64,7,Wage Delay,ATR Pending,495,3804,185577.9,420489.61,21,Suspended Official
Rajasthan,Udaipur,GP_Udaipur_73,07-09-2023,2021-22,SBM-G,Toilet Construction,District Audit Unit,1925250.21,93803.46,21510.65,10,Wage Delay,ATR Pending,430,2003,178743.27,630193,24,Warning Issued
Tamil Nadu,Coimbatore,GP_Coimbatore_42,05-06-2024,2022-23,SBM-G,School Building,SAU Team A,1816912.71,60883.16,5804.51,4,No Muster Roll,Completed,342,2575,663052.12,357745.74,5,Recovery Initiated
Tamil Nadu,Coimbatore,GP_Coimbatore_96,26-04-2022,2023-24,PMAY-G,Pond Desilting,SAU Team A,1779624.79,104620.92,16100.25,11,Wage Delay,Pending Recovery,478,3150,958178.35,493566.43,1,Recovery Initiated
Tamil Nadu,Chennai,GP_Chennai_39,09-11-2023,2024-25,PMGSY,Toilet Construction,District Audit Unit,642279.52,66571.91,,8,No Muster Roll,Closed,20,1995,659408.99,,11,No Action
Bihar,Patna,GP_Patna_34,15-07-2024,2024-25,MGNREGA,Toilet Construction,District Audit Unit,1614780.9,21146.9,26876.74,10,Incomplete Work,Completed,178,3572,537509.98,141553.85,5,Warning Issued
Maharashtra,Pune,GP_Pune_4,20-06-2022,2022-23,NSAP,School Building,SAU Team A,1012302.99,123604.39,79088.84,1,Wage Delay,ATR Pending,374,2629,701228.43,,21,Warning Issued
Karnataka,Bangalore,GP_Bangalore_75,28-07-2022,2022-23,MGNREGA,Pond Desilting,SAU Team A,851947.62,127655.54,17035.16,3,No Muster Roll,ATR Pending,412,1392,685305.7,514299.33,5,
Andhra Pradesh,Vijayawada,GP_Vijayawada_45,30-04-2024,2022-23,MGNREGA,Road Construction,SAU Team A,63231.83,138706.35,65777.92,10,Material Overbilling,Under Review,401,5837,632552.5,53191.73,22,No Action
Uttar Pradesh,Kanpur,GP_Kanpur_80,10-06-2022,2024-25,PMAY-G,Water Tank,SAU Team A,1498188.4,133850.77,40225.35,1,Incomplete Work,Under Review,410,4197,124556.27,,14,Warning Issued
Bihar,Gaya,GP_Gaya_50,09-05-2022,2021-22,PMGSY,Road Construction,SAU Team B,1868358.97,55930.55,59533.26,8,Ghost Beneficiary,ATR Pending,139,2479,211381.41,,16,Suspended Official
Karnataka,Mysore,GP_Mysore_21,30-08-2023,2022-23,MGNREGA,School Building,District Audit Unit,976430.7,123571.58,31400.35,0,Incomplete Work,ATR Pending,186,3468,463874.21,217952.49,18,
Kerala,Ernakulam,GP_Ernakulam_93,28-03-2023,2021-22,SBM-G,Water Tank,SAU Team B,1006198.17,125163.43,,8,Wage Delay,Closed,343,1824,413586.2,526243.29,9,Recovery Initiated
Andhra Pradesh,Vizag,GP_Vizag_37,05-11-2023,2023-24,PMAY-G,School Building,SAU Team A,1555330.65,68763.88,45152.23,7,Ghost Beneficiary,Under Review,36,7596,84914.71,291821.65,21,No Action
Tamil Nadu,Coimbatore,GP_Coimbatore_35,24-11-2022,2023-24,MGNREGA,Water Tank,SAU Team B,1087055.85,100137.6,4403.84,5,Wage Delay,ATR Pending,210,7876,304699.22,419821.94,9,Warning Issued
Karnataka,Mysore,GP_Mysore_7,02-09-2023,2022-23,SBM-G,School Building,SAU Team A,93860.04,81491.7,68884.41,5,Material Overbilling,ATR Pending,31,4018,210358.26,767920.95,6,
Uttar Pradesh,Lucknow,GP_Lucknow_39,25-06-2023,2023-24,NSAP,Pond Desilting,SAU Team B,1233376.63,17800.87,29594.4,0,Wage Delay,ATR Pending,33,6721,298889.12,,12,FIR Filed
Maharashtra,Mumbai,GP_Mumbai_54,02-10-2022,2024-25,NSAP,Water Tank,SAU Team B,1404074.79,105752.58,50674.43,0,No Muster Roll,Completed,114,2509,278174.54,244039.44,24,Warning Issued
Karnataka,Mysore,GP_Mysore_32,09-02-2023,2021-22,SBM-G,Toilet Construction,District Audit Unit,1537790.31,17293.69,78473.42,10,Ghost Beneficiary,Closed,43,3659,346377.65,431948.35,13,Warning Issued
Uttar Pradesh,Kanpur,GP_Kanpur_34,23-10-2022,2024-25,PMGSY,Road Construction,SAU Team B,1452083.45,121480.74,12169.31,11,Ghost Beneficiary,Under Review,419,6774,553956.49,772179.17,18,Suspended Official
Tamil Nadu,Coimbatore,GP_Coimbatore_94,05-02-2023,2024-25,SBM-G,Water Tank,District Audit Unit,288560.22,55059.37,713.02,11,Ghost Beneficiary,Completed,86,3119,732671.37,355084.31,7,No Action
Uttar Pradesh,Lucknow,GP_Lucknow_28,19-07-2022,2021-22,NSAP,Pond Desilting,SAU Team B,1878618.38,,10441.71,0,Wage Delay,Pending Recovery,229,3160,618070.04,281077.09,17,Recovery Initiated
Tamil Nadu,Coimbatore,GP_Coimbatore_91,09-11-2023,2024-25,NSAP,School Building,District Audit Unit,908249.01,,19871.73,1,Fund Diversion,ATR Pending,199,4704,799663.77,213006.36,18,Recovery Initiated
Karnataka,Bangalore,GP_Bangalore_78,17-03-2022,2024-25,NSAP,Pond Desilting,SAU Team A,1501608.69,64659.19,3666.69,5,Incomplete Work,ATR Pending,331,266,646845.45,420383.37,24,Suspended Official
Andhra Pradesh,Vizag,GP_Vizag_57,14-03-2024,2023-24,NSAP,Water Tank,SAU Team A,1109279.18,102937.49,8299.95,4,Material Overbilling,ATR Pending,162,407,941183.62,575727.72,14,
Maharashtra,Pune,GP_Pune_73,24-11-2022,2023-24,PMAY-G,Pond Desilting,SAU Team B,1297146.09,37577.02,2067.89,4,Material Overbilling,ATR Pending,462,2941,249713.42,93972.94,23,
Maharashtra,Mumbai,GP_Mumbai_39,24-02-2024,2024-25,SBM-G,Road Construction,District Audit Unit,1462854.31,132382.4,78687.26,6,Incomplete Work,Completed,397,3611,469558.66,83581,15,Recovery Initiated
Uttar Pradesh,Lucknow,GP_Lucknow_3,21-09-2022,2021-22,MGNREGA,Road Construction,SAU Team B,1920790.72,7323.31,33547.76,11,No Muster Roll,Closed,32,6684,228875.71,605609.87,6,Warning Issued
Maharashtra,Pune,GP_Pune_74,14-04-2024,2022-23,SBM-G,School Building,SAU Team A,184525.25,68410.49,70227.53,4,Incomplete Work,ATR Pending,349,7905,497848.8,560814.18,20,Warning Issued
Karnataka,Bangalore,GP_Bangalore_78,08-09-2023,2024-25,MGNREGA,Water Tank,SAU Team B,1365143.49,56534.25,75591.12,10,No Muster Roll,Under Review,476,5715,881683.25,180761.52,11,FIR Filed
Rajasthan,Udaipur,GP_Udaipur_35,14-07-2022,2023-24,PMGSY,Toilet Construction,District Audit Unit,672550.58,9705.05,30162.91,8,Material Overbilling,Under Review,301,6708,525664.4,705929.41,19,FIR Filed
Bihar,Gaya,GP_Gaya_47,21-06-2024,2023-24,PMAY-G,Road Construction,SAU Team A,956991.02,102188.34,,5,,Pending Recovery,489,2549,875720.41,502264.4,13,Warning Issued
Kerala,Thrissur,GP_Thrissur_2,20-03-2023,2023-24,NSAP,Road Construction,SAU Team B,1271049.93,39089.68,19403.16,4,Wage Delay,ATR Pending,405,2017,410343.86,,15,Suspended Official
Uttar Pradesh,Lucknow,GP_Lucknow_34,29-09-2022,2023-24,NSAP,Pond Desilting,SAU Team B,1218281.44,51256.45,,4,Fund Diversion,Closed,457,7901,446899.62,574330.6,14,Recovery Initiated
Karnataka,Mysore,GP_Mysore_27,10-09-2023,2021-22,PMGSY,Toilet Construction,SAU Team A,1427115.32,94708.45,8287.77,0,,Under Review,294,1235,716493.21,476488.16,0,Recovery Initiated
Bihar,Patna,GP_Patna_50,08-08-2024,2024-25,PMAY-G,Toilet Construction,SAU Team A,1745238.05,61099.74,,9,Fund Diversion,Pending Recovery,280,506,83231.96,492982.34,11,Warning Issued
Rajasthan,Udaipur,GP_Udaipur_78,06-07-2023,2024-25,MGNREGA,School Building,SAU Team A,1366340.91,71773.63,17238.85,2,Incomplete Work,Completed,349,2943,733971.75,284020.88,4,Recovery Initiated
Andhra Pradesh,Vizag,GP_Vizag_57,27-02-2022,2021-22,PMAY-G,Pond Desilting,SAU Team A,967062.53,12788.73,39402.54,1,No Muster Roll,ATR Pending,171,7106,848983.63,584303.41,22,FIR Filed
Maharashtra,Pune,GP_Pune_39,22-09-2022,2022-23,PMGSY,Toilet Construction,SAU Team B,1825029.95,109574.72,,11,Fund Diversion,Closed,127,7698,789213.91,527066.43,19,No Action
Uttar Pradesh,Kanpur,GP_Kanpur_23,10-08-2022,2021-22,PMAY-G,Pond Desilting,SAU Team A,1157264.82,101879.62,71929.77,2,Material Overbilling,Closed,56,2733,481055.68,441575.48,4,Recovery Initiated
Andhra Pradesh,Vizag,GP_Vizag_15,30-01-2023,2021-22,PMGSY,Road Construction,SAU Team B,1831655.72,49096.98,27555.3,4,Material Overbilling,Closed,42,509,716639.54,387115.61,1,Recovery Initiated
Maharashtra,Mumbai,GP_Mumbai_79,11-03-2023,2023-24,NSAP,Water Tank,SAU Team B,1592806.2,88308.46,39218.41,0,Wage Delay,Pending Recovery,348,3521,303197.46,,19,No Action
Maharashtra,Mumbai,GP_Mumbai_15,18-04-2022,2022-23,NSAP,Water Tank,SAU Team B,896427.26,63623.34,53140.72,11,Incomplete Work,Pending Recovery,453,566,783246.98,555301.73,17,No Action
Karnataka,Mysore,GP_Mysore_60,27-07-2024,2024-25,PMAY-G,Water Tank,SAU Team B,645550.54,80776.33,41362.07,8,Incomplete Work,ATR Pending,390,3730,233198.44,191330.98,23,No Action
Rajasthan,Jaipur,GP_Jaipur_87,12-08-2024,2024-25,PMGSY,Pond Desilting,District Audit Unit,790280.19,53331.53,25681.08,3,Incomplete Work,Pending Recovery,325,570,527329.98,,22,No Action
Rajasthan,Jaipur,GP_Jaipur_19,12-06-2023,2024-25,SBM-G,Pond Desilting,District Audit Unit,954476.97,109254.2,,1,Ghost Beneficiary,Pending Recovery,305,2077,135574.53,679757.44,7,No Action
Bihar,Patna,GP_Patna_80,06-01-2023,2024-25,PMGSY,Road Construction,District Audit Unit,1541006.53,107203.76,19612.24,11,Fund Diversion,ATR Pending,407,2794,413204.6,679618.05,13,Recovery Initiated
Karnataka,Mysore,GP_Mysore_87,08-05-2022,2023-24,PMAY-G,Pond Desilting,SAU Team A,1894370.78,18084.67,69792.77,10,Material Overbilling,ATR Pending,367,415,675230.33,595721.71,15,Suspended Official
Andhra Pradesh,Vijayawada,GP_Vijayawada_28,27-12-2023,2024-25,NSAP,Pond Desilting,SAU Team A,1672181.72,14215.63,,7,Material Overbilling,ATR Pending,34,6489,444740.56,403736.34,8,FIR Filed
Tamil Nadu,Coimbatore,GP_Coimbatore_1,31-01-2022,2021-22,MGNREGA,School Building,SAU Team A,1246218.67,15540.58,53044.31,5,Fund Diversion,Pending Recovery,52,5722,876477.98,279850.61,23,FIR Filed
Tamil Nadu,Chennai,GP_Chennai_46,25-02-2022,2021-22,NSAP,Water Tank,District Audit Unit,1575898.42,105293.03,18007.33,9,No Muster Roll,Under Review,248,2348,39605.06,676792.32,1,Recovery Initiated
Uttar Pradesh,Kanpur,GP_Kanpur_74,17-03-2023,2022-23,PMGSY,Pond Desilting,SAU Team A,568308.87,102512.42,10161.66,11,Material Overbilling,Under Review,142,561,764029.15,712133.85,1,Suspended Official
Maharashtra,Pune,GP_Pune_38,24-09-2022,2023-24,MGNREGA,Toilet Construction,SAU Team B,1964079.11,122337.47,16838.63,1,,ATR Pending,261,6328,427517.37,471626.73,16,Warning Issued
Karnataka,Mysore,GP_Mysore_76,14-03-2024,2024-25,PMAY-G,Pond Desilting,SAU Team B,390663.74,,45008.12,3,Ghost Beneficiary,Closed,367,4288,339921.76,106170.31,7,Warning Issued
Rajasthan,Jaipur,GP_Jaipur_65,14-12-2022,2022-23,PMGSY,Water Tank,SAU Team B,339278.33,,43717.35,9,No Muster Roll,Completed,479,3724,301004.9,192122.75,12,Suspended Official
Maharashtra,Pune,GP_Pune_18,01-04-2022,2022-23,NSAP,Pond Desilting,District Audit Unit,1783055.49,51437.95,54371.28,0,Material Overbilling,ATR Pending,378,1679,220491.7,700233.02,24,FIR Filed
Maharashtra,Pune,GP_Pune_99,07-05-2024,2024-25,NSAP,Road Construction,District Audit Unit,985554.15,140353.26,22996.57,5,No Muster Roll,Pending Recovery,182,4180,412396.64,15682.44,17,No Action
Andhra Pradesh,Vijayawada,GP_Vijayawada_98,11-10-2023,2022-23,SBM-G,Road Construction,SAU Team A,421247.38,,60691.89,6,No Muster Roll,ATR Pending,87,7485,350571.47,101177.25,8,Suspended Official
Kerala,Thrissur,GP_Thrissur_85,24-04-2023,2022-23,NSAP,Road Construction,SAU Team A,298220.44,17203.4,52491.6,2,Incomplete Work,Closed,376,1800,927097.26,74636.93,10,FIR Filed
Andhra Pradesh,Vizag,GP_Vizag_99,10-08-2024,2022-23,SBM-G,Pond Desilting,SAU Team A,276985.56,51122.52,9590.73,3,Fund Diversion,Under Review,432,4159,823640.96,111594.28,4,FIR Filed
Karnataka,Mysore,GP_Mysore_37,31-08-2023,2022-23,NSAP,Road Construction,SAU Team A,1892823.06,6378.7,79540.27,4,Wage Delay,Closed,380,3363,28881.84,786981.04,1,
Kerala,Thrissur,GP_Thrissur_83,01-07-2022,2022-23,SBM-G,Water Tank,District Audit Unit,552431.19,48604.19,67239.4,8,Material Overbilling,Closed,136,7605,628141.61,109256.37,14,No Action
Karnataka,Bangalore,GP_Bangalore_6,04-07-2024,2023-24,MGNREGA,Toilet Construction,District Audit Unit,1190012.92,83000.05,,9,Material Overbilling,Closed,491,5199,966567.31,382706.62,22,Suspended Official
Tamil Nadu,Coimbatore,GP_Coimbatore_40,25-05-2023,2022-23,SBM-G,Pond Desilting,District Audit Unit,1501885.87,58525.61,9920.24,9,Fund Diversion,ATR Pending,104,1955,522023.38,326681.96,2,FIR Filed
Rajasthan,Jaipur,GP_Jaipur_85,11-08-2024,2022-23,MGNREGA,School Building,District Audit Unit,1769011.68,147963.98,63612.66,11,Fund Diversion,ATR Pending,497,2890,471881.12,,1,Suspended Official
Maharashtra,Mumbai,GP_Mumbai_80,06-04-2022,2022-23,SBM-G,Road Construction,SAU Team A,220525.71,97812.4,21175.87,8,Fund Diversion,ATR Pending,55,287,968927.69,716648.32,14,FIR Filed
Andhra Pradesh,Vizag,GP_Vizag_39,22-10-2023,2023-24,PMGSY,School Building,SAU Team B,1659169.14,2366.16,73989.78,1,Incomplete Work,Pending Recovery,221,3347,47016.88,99957.3,12,Suspended Official
Tamil Nadu,Coimbatore,GP_Coimbatore_29,07-04-2023,2023-24,NSAP,Pond Desilting,SAU Team B,1103573.77,58049.86,42124.44,9,,Completed,307,4815,771467.59,19390.26,22,Warning Issued
Andhra Pradesh,Vizag,GP_Vizag_26,06-01-2023,2024-25,PMAY-G,Toilet Construction,SAU Team B,186962.75,81481.65,38245,11,Wage Delay,ATR Pending,438,937,73864.78,343584.82,21,Recovery Initiated
Kerala,Ernakulam,GP_Ernakulam_22,05-10-2022,2022-23,PMAY-G,Pond Desilting,SAU Team A,1291234.1,81467.75,59068.37,9,Material Overbilling,Completed,66,998,471876.78,109757.95,0,FIR Filed
Bihar,Gaya,GP_Gaya_37,16-08-2022,2022-23,NSAP,School Building,SAU Team A,65765.12,34755.1,,11,Fund Diversion,Pending Recovery,415,1635,225000.9,97449.52,6,No Action
Karnataka,Mysore,GP_Mysore_48,01-01-2024,2022-23,PMGSY,Pond Desilting,District Audit Unit,738046.03,129720.57,,1,No Muster Roll,ATR Pending,461,5577,886207.75,534577.07,3,Recovery Initiated
Kerala,Ernakulam,GP_Ernakulam_29,21-12-2023,2022-23,PMGSY,Pond Desilting,SAU Team B,1856008.74,97126.16,48586.57,8,Ghost Beneficiary,Pending Recovery,175,4857,157476.66,736674.41,1,Warning Issued
Maharashtra,Mumbai,GP_Mumbai_51,23-12-2023,2021-22,MGNREGA,Toilet Construction,SAU Team B,1661951.52,137325.13,34143.28,1,Ghost Beneficiary,Under Review,355,2028,734386.12,55611.66,17,No Action
Tamil Nadu,Chennai,GP_Chennai_26,29-10-2023,2024-25,MGNREGA,Pond Desilting,SAU Team B,788752.56,12820.02,,3,Fund Diversion,Closed,335,7653,672477.23,449918.42,1,FIR Filed
Maharashtra,Pune,GP_Pune_25,01-07-2022,2021-22,PMAY-G,Water Tank,District Audit Unit,1551484.95,112866.3,12733.18,10,Wage Delay,Pending Recovery,478,7088,257987.42,751361.13,9,No Action
Uttar Pradesh,Kanpur,GP_Kanpur_66,04-04-2024,2021-22,PMGSY,Pond Desilting,SAU Team A,1550321.76,118532.36,35496.87,11,Fund Diversion,Under Review,474,867,379219.92,582100.65,4,FIR Filed
Bihar,Gaya,GP_Gaya_84,09-05-2023,2021-22,MGNREGA,School Building,SAU Team B,427277.91,,,11,Incomplete Work,Closed,460,2618,252123.5,788299.85,20,FIR Filed
Bihar,Gaya,GP_Gaya_19,16-02-2024,2021-22,PMAY-G,Road Construction,SAU Team A,797006.55,11673.52,75548.17,1,No Muster Roll,Completed,309,3645,914472.09,219384.39,17,No Action
Uttar Pradesh,Kanpur,GP_Kanpur_22,30-11-2023,2022-23,NSAP,Pond Desilting,SAU Team B,1307811.1,7799.01,48877.89,6,Wage Delay,Under Review,232,2498,314243.87,126721.38,0,Suspended Official
Andhra Pradesh,Vijayawada,GP_Vijayawada_56,28-01-2024,2023-24,PMGSY,Road Construction,District Audit Unit,1773467.18,94898.91,68147.16,4,Incomplete Work,ATR Pending,351,1885,821345.33,47310.63,3,No Action
Andhra Pradesh,Vijayawada,GP_Vijayawada_17,20-06-2024,2024-25,PMGSY,Toilet Construction,SAU Team A,771674.1,62214.65,56791.69,3,,Pending Recovery,381,4728,767414.46,94479.49,5,No Action
Bihar,Patna,GP_Patna_1,20-01-2024,2021-22,MGNREGA,Road Construction,SAU Team A,1473976.12,131404.93,,4,Ghost Beneficiary,Closed,10,2571,536126.63,417295.52,22,Suspended Official
Uttar Pradesh,Lucknow,GP_Lucknow_43,02-03-2024,2022-23,NSAP,School Building,SAU Team A,357342.13,117065.95,,11,No Muster Roll,Closed,458,7442,69103.32,527771.63,3,Recovery Initiated
Karnataka,Mysore,GP_Mysore_49,18-03-2024,2024-25,SBM-G,Water Tank,District Audit Unit,1772082.84,93709.93,18873.61,2,Fund Diversion,Under Review,200,4176,560964.19,,13,Warning Issued
Karnataka,Bangalore,GP_Bangalore_3,12-09-2024,2023-24,PMGSY,Pond Desilting,District Audit Unit,362729.76,134914.02,23354.4,2,Incomplete Work,Completed,159,5479,881931.16,743082.28,17,No Action
Karnataka,Bangalore,GP_Bangalore_91,30-12-2022,2024-25,MGNREGA,Road Construction,District Audit Unit,448687.99,143199.92,73803.42,10,Fund Diversion,ATR Pending,493,5421,924521.51,705336.02,4,Suspended Official
Kerala,Thrissur,GP_Thrissur_55,04-01-2023,2023-24,PMGSY,Water Tank,District Audit Unit,1776771.49,73914.06,16360.83,7,Material Overbilling,Closed,384,5270,211592.54,340907.08,8,No Action
Rajasthan,Jaipur,GP_Jaipur_45,26-07-2024,2021-22,PMAY-G,Pond Desilting,SAU Team A,1680023.69,76017.51,57383.69,0,Incomplete Work,Pending Recovery,73,2397,62029.02,529612.29,19,
Andhra Pradesh,Vijayawada,GP_Vijayawada_17,29-07-2023,2024-25,MGNREGA,Toilet Construction,District Audit Unit,489641.9,136194.41,30212.79,5,No Muster Roll,Pending Recovery,347,6662,594186.15,766939.09,15,Recovery Initiated
Uttar Pradesh,Lucknow,GP_Lucknow_92,30-11-2023,2024-25,SBM-G,Water Tank,District Audit Unit,89959.49,119612.69,,2,Ghost Beneficiary,Pending Recovery,367,4037,180255.68,477269.11,6,
Tamil Nadu,Chennai,GP_Chennai_59,30-05-2023,2024-25,MGNREGA,Water Tank,SAU Team B,481749.32,115972.29,60263.77,1,Wage Delay,Pending Recovery,82,1735,708304.43,175786.08,2,FIR Filed
Bihar,Patna,GP_Patna_87,07-04-2024,2022-23,SBM-G,Water Tank,District Audit Unit,1009559.33,,67623.05,8,Incomplete Work,Closed,195,7810,408478.03,650096.27,2,Warning Issued
Karnataka,Bangalore,GP_Bangalore_49,27-02-2023,2021-22,PMAY-G,School Building,District Audit Unit,1112333.98,35495.51,59423.27,0,Wage Delay,Pending Recovery,160,2485,113495.37,439412.87,10,FIR Filed
Andhra Pradesh,Vijayawada,GP_Vijayawada_11,08-04-2022,2024-25,PMAY-G,Water Tank,SAU Team A,654578.82,19629.53,34150.94,4,,Under Review,181,6536,439145.52,594859.5,14,Warning Issued
Andhra Pradesh,Vijayawada,GP_Vijayawada_1,16-05-2024,2024-25,MGNREGA,School Building,SAU Team A,1076477.65,50633.59,48200.91,4,Wage Delay,Completed,401,4687,439903.64,762099.18,20,FIR Filed
Bihar,Patna,GP_Patna_88,13-06-2023,2022-23,SBM-G,School Building,District Audit Unit,1699706.68,124290.92,61067.12,11,Material Overbilling,ATR Pending,252,1277,24517.74,,9,FIR Filed
Karnataka,Mysore,GP_Mysore_73,10-05-2023,2022-23,NSAP,School Building,SAU Team B,1607802.96,103287.48,60130.46,9,No Muster Roll,ATR Pending,305,5078,843310.9,755450.18,0,No Action
Maharashtra,Pune,GP_Pune_37,08-07-2024,2023-24,PMGSY,Toilet Construction,SAU Team A,469680.26,46651.55,26456.22,8,Incomplete Work,Pending Recovery,252,1857,719613.14,732060.03,8,FIR Filed
Kerala,Ernakulam,GP_Ernakulam_39,12-02-2023,2023-24,PMAY-G,Pond Desilting,SAU Team B,1367138.46,30835.76,1659.91,6,No Muster Roll,Under Review,439,5706,250835.74,360630.3,10,
Andhra Pradesh,Vijayawada,GP_Vijayawada_71,16-08-2022,2022-23,MGNREGA,Road Construction,SAU Team A,1018611.46,141281.26,71927.12,7,No Muster Roll,Pending Recovery,481,5002,525685.19,773231.89,2,Warning Issued
Maharashtra,Mumbai,GP_Mumbai_40,06-04-2023,2021-22,NSAP,Pond Desilting,SAU Team A,1996026.03,12823.3,9578.2,6,Wage Delay,ATR Pending,477,2147,385719.79,495320.34,12,FIR Filed
Uttar Pradesh,Lucknow,GP_Lucknow_95,18-10-2022,2022-23,PMAY-G,Road Construction,SAU Team A,926218.95,105753.01,2544.44,8,Incomplete Work,Completed,60,7548,246168.24,293767.44,13,FIR Filed
Maharashtra,Pune,GP_Pune_51,04-03-2024,2022-23,SBM-G,Road Construction,SAU Team B,1131652.69,59909.3,74761.46,9,Ghost Beneficiary,Completed,493,2090,758749.74,405005.81,4,FIR Filed
Karnataka,Bangalore,GP_Bangalore_83,25-08-2022,2022-23,PMGSY,Toilet Construction,SAU Team A,1075087.81,71001.88,49352.09,2,Material Overbilling,Completed,74,6014,460867.4,427561.19,21,
Uttar Pradesh,Lucknow,GP_Lucknow_19,01-11-2023,2021-22,MGNREGA,School Building,District Audit Unit,1419482.31,79186.38,24903.98,5,Material Overbilling,Under Review,143,3558,936487.21,797948.14,16,No Action
Karnataka,Mysore,GP_Mysore_24,24-07-2023,2024-25,PMAY-G,Water Tank,SAU Team B,307366.85,59283.85,46897.66,3,Incomplete Work,ATR Pending,34,3737,493571.43,437108.17,14,Suspended Official
Maharashtra,Mumbai,GP_Mumbai_82,31-08-2022,2022-23,NSAP,Road Construction,District Audit Unit,703464.23,135836.41,36460.62,0,Fund Diversion,ATR Pending,73,542,581831.42,204206.7,3,FIR Filed
Andhra Pradesh,Vijayawada,GP_Vijayawada_88,25-09-2022,2024-25,SBM-G,Toilet Construction,SAU Team A,1053235.3,36313.3,72105.87,5,Incomplete Work,Closed,174,268,716888.91,229191.03,19,FIR Filed
Karnataka,Bangalore,GP_Bangalore_21,30-11-2023,2024-25,NSAP,Road Construction,District Audit Unit,73521.91,,43209.34,8,Material Overbilling,Under Review,396,3079,871217.36,573939.49,22,
Uttar Pradesh,Kanpur,GP_Kanpur_18,07-02-2024,2022-23,NSAP,Road Construction,SAU Team B,948895.5,138989.98,29113.57,0,Fund Diversion,Under Review,465,6576,460048.66,,8,FIR Filed
Maharashtra,Pune,GP_Pune_57,30-12-2022,2021-22,PMGSY,Pond Desilting,District Audit Unit,1999289.47,,17965.49,11,Material Overbilling,Closed,185,4475,650985.97,,19,
Uttar Pradesh,Lucknow,GP_Lucknow_83,12-01-2022,2024-25,NSAP,Pond Desilting,District Audit Unit,1213450.74,,50260.53,7,,Under Review,169,3850,893900.75,487159.15,13,Suspended Official
Kerala,Thrissur,GP_Thrissur_74,28-09-2022,2021-22,MGNREGA,Pond Desilting,SAU Team A,1284348.92,130275.66,7637.01,2,Ghost Beneficiary,Pending Recovery,148,7298,829954.26,42530.07,17,Suspended Official
Maharashtra,Pune,GP_Pune_32,20-07-2022,2021-22,PMGSY,Pond Desilting,District Audit Unit,635439.64,66551.73,40864.74,3,Material Overbilling,Under Review,224,1608,745205.43,,24,Warning Issued
Tamil Nadu,Coimbatore,GP_Coimbatore_96,10-09-2024,2024-25,PMGSY,Toilet Construction,SAU Team B,125846.83,101699.26,50621.66,6,Ghost Beneficiary,Completed,46,4443,197666.62,630102.09,16,No Action
Karnataka,Bangalore,GP_Bangalore_22,31-07-2022,2021-22,PMAY-G,Road Construction,District Audit Unit,706000.57,101103.45,70581.57,7,No Muster Roll,ATR Pending,271,6360,499990.26,721018.64,23,
Andhra Pradesh,Vizag,GP_Vizag_90,22-06-2024,2023-24,SBM-G,Toilet Construction,SAU Team A,594567.29,46168.91,9776.93,8,Material Overbilling,Pending Recovery,391,1361,482739.93,150517.8,24,FIR Filed
Kerala,Thrissur,GP_Thrissur_67,18-03-2024,2023-24,SBM-G,School Building,SAU Team A,1501133.44,7470.04,32148.19,9,Wage Delay,Closed,13,1959,722658.88,117460.88,3,
Tamil Nadu,Chennai,GP_Chennai_86,31-10-2022,2021-22,PMGSY,Road Construction,SAU Team B,616598.85,127587.67,49532.75,5,Incomplete Work,Pending Recovery,336,7734,593545.15,779207.95,9,Recovery Initiated
Bihar,Gaya,GP_Gaya_80,23-11-2022,2023-24,PMAY-G,Road Construction,SAU Team B,1900882.48,16572.57,70703.68,1,Ghost Beneficiary,Closed,374,1660,922274.67,172558.71,7,Warning Issued
Karnataka,Mysore,GP_Mysore_70,16-01-2024,2022-23,SBM-G,Toilet Construction,District Audit Unit,1639652.44,93908.93,66480.96,7,Ghost Beneficiary,Under Review,292,4908,665336.32,351517.61,24,FIR Filed
Rajasthan,Udaipur,GP_Udaipur_25,03-05-2023,2021-22,PMGSY,Road Construction,SAU Team A,191223.51,58859.87,48789.24,6,Wage Delay,ATR Pending,25,5457,886167.42,231598.56,8,Warning Issued
Andhra Pradesh,Vizag,GP_Vizag_12,25-01-2022,2023-24,MGNREGA,Road Construction,SAU Team A,412766.42,54502.09,21989.71,9,Incomplete Work,Closed,354,3186,371914.46,,12,Suspended Official
Tamil Nadu,Coimbatore,GP_Coimbatore_56,26-10-2022,2021-22,SBM-G,School Building,SAU Team B,617044.29,36143.95,76035.34,0,Material Overbilling,ATR Pending,45,6320,363833.34,48254.35,17,Suspended Official
Bihar,Gaya,GP_Gaya_88,09-04-2024,2022-23,MGNREGA,Pond Desilting,SAU Team B,1280392.37,56881.79,69950.96,10,Fund Diversion,Under Review,21,5232,293243.73,498856.98,21,Recovery Initiated
Maharashtra,Mumbai,GP_Mumbai_19,14-06-2023,2021-22,PMAY-G,Road Construction,District Audit Unit,1928921.72,141665.69,54584.44,11,No Muster Roll,Completed,74,3910,434347.4,717359.41,1,
Maharashtra,Pune,GP_Pune_54,10-06-2023,2024-25,PMAY-G,Pond Desilting,SAU Team B,899888.72,75236.8,27533.75,0,No Muster Roll,Under Review,463,5417,597092,638547.79,7,No Action
Karnataka,Mysore,GP_Mysore_67,11-06-2023,2023-24,PMAY-G,Water Tank,District Audit Unit,1168489.98,36154.76,43057.47,9,Incomplete Work,Closed,119,6940,691687.34,363708.98,22,Recovery Initiated
Karnataka,Bangalore,GP_Bangalore_75,22-02-2022,2023-24,PMAY-G,School Building,SAU Team B,894286.72,146902.5,28503.74,6,Incomplete Work,Closed,407,3354,955406.11,621785.25,9,No Action
Bihar,Patna,GP_Patna_76,01-08-2024,2022-23,MGNREGA,Toilet Construction,SAU Team A,1312955.24,48386.76,25205.73,11,Ghost Beneficiary,Pending Recovery,24,2707,108562.35,320066.94,0,
Bihar,Gaya,GP_Gaya_33,30-01-2022,2021-22,SBM-G,Pond Desilting,SAU Team B,546488.19,76085.92,79686.33,2,Wage Delay,ATR Pending,68,2035,721040.08,100205.18,5,FIR Filed
Tamil Nadu,Coimbatore,GP_Coimbatore_17,16-06-2023,2023-24,SBM-G,Water Tank,SAU Team A,1312791.9,118623.1,43613.88,9,No Muster Roll,Under Review,329,4476,266901.41,541592.86,19,FIR Filed
Tamil Nadu,Chennai,GP_Chennai_97,16-03-2024,2021-22,PMGSY,Road Construction,SAU Team A,756741.25,118960.8,35682.99,3,Material Overbilling,Under Review,40,4602,985393.61,312248.88,19,Warning Issued
Rajasthan,Jaipur,GP_Jaipur_34,07-05-2022,2024-25,NSAP,Road Construction,SAU Team B,1381157.52,128875.85,43517.89,3,Wage Delay,ATR Pending,45,3863,601982.08,439059.97,19,Suspended Official
Kerala,Thrissur,GP_Thrissur_88,06-04-2022,2023-24,SBM-G,Pond Desilting,District Audit Unit,1305309.64,90298.17,40033.86,9,Wage Delay,Completed,312,6900,945267.89,462861.71,17,Suspended Official
Rajasthan,Udaipur,GP_Udaipur_90,09-12-2023,2024-25,PMAY-G,Road Construction,SAU Team A,131842.48,102820.89,6298.67,6,Incomplete Work,Closed,103,3589,983146.49,135206.57,10,No Action
Tamil Nadu,Chennai,GP_Chennai_34,02-08-2024,2023-24,MGNREGA,Water Tank,SAU Team A,1441241.85,65516.68,43264.98,2,Wage Delay,ATR Pending,296,614,778873.18,,8,No Action
Tamil Nadu,Coimbatore,GP_Coimbatore_46,10-07-2022,2023-24,NSAP,Water Tank,District Audit Unit,1981229.71,44959.42,10071.84,4,Ghost Beneficiary,ATR Pending,482,6392,570978.78,302854.72,10,
Rajasthan,Jaipur,GP_Jaipur_48,08-07-2022,2023-24,PMAY-G,Toilet Construction,SAU Team A,1244808,112123.94,77943.98,8,Wage Delay,Pending Recovery,239,2138,257619.86,,7,FIR Filed
Karnataka,Bangalore,GP_Bangalore_18,13-08-2022,2023-24,MGNREGA,School Building,District Audit Unit,1933687.8,132392.16,6185.17,6,Material Overbilling,Under Review,434,2938,90542.3,755876.76,14,Suspended Official
Tamil Nadu,Coimbatore,GP_Coimbatore_75,24-04-2022,2022-23,MGNREGA,Toilet Construction,SAU Team B,1822206.86,4856.31,35364.86,6,No Muster Roll,Under Review,339,3502,320630.5,,6,Recovery Initiated
Bihar,Gaya,GP_Gaya_14,29-05-2023,2023-24,PMGSY,Water Tank,District Audit Unit,739502.73,17632.99,9363.57,11,Material Overbilling,Completed,406,3751,499029.79,700807.59,3,Suspended Official
Bihar,Patna,GP_Patna_88,26-09-2022,2023-24,PMGSY,Water Tank,District Audit Unit,861299.27,92325.43,29955.99,2,Ghost Beneficiary,ATR Pending,78,6583,417842.23,,10,FIR Filed
Maharashtra,Pune,GP_Pune_83,13-04-2023,2023-24,SBM-G,School Building,District Audit Unit,1463173.34,74112.11,46757.39,7,Wage Delay,Under Review,366,7916,787238.83,447419.12,1,Recovery Initiated
Karnataka,Bangalore,GP_Bangalore_65,03-01-2024,2024-25,PMGSY,Pond Desilting,District Audit Unit,483588.39,29088.78,,9,Material Overbilling,Closed,368,7369,300883.25,663973.25,0,
Karnataka,Mysore,GP_Mysore_49,16-05-2022,2024-25,NSAP,School Building,SAU Team B,1442557.39,127449.51,56916.34,6,Wage Delay,Under Review,28,5601,165126.08,319198.62,9,Suspended Official
Tamil Nadu,Chennai,GP_Chennai_28,18-06-2023,2024-25,PMAY-G,School Building,SAU Team A,873469.62,57742.63,36093.43,1,No Muster Roll,Completed,498,7674,669866.16,183549.48,8,Warning Issued
Maharashtra,Pune,GP_Pune_46,25-08-2022,2021-22,PMAY-G,Toilet Construction,SAU Team A,926056.79,55398.14,11468.01,3,Ghost Beneficiary,Under Review,336,1787,445757.03,444408.01,0,No Action
Kerala,Thrissur,GP_Thrissur_3,28-04-2024,2021-22,PMGSY,Water Tank,District Audit Unit,1501456.84,144827.64,,2,Wage Delay,Under Review,198,4816,235962.3,,19,Suspended Official
Rajasthan,Jaipur,GP_Jaipur_1,25-02-2022,2023-24,PMGSY,Toilet Construction,SAU Team B,1875876.55,101361.79,14140.82,11,Material Overbilling,Pending Recovery,495,935,921504.08,310154.03,11,Suspended Official
Andhra Pradesh,Vizag,GP_Vizag_6,01-04-2022,2022-23,PMGSY,School Building,District Audit Unit,1303354.79,,53792.5,5,Ghost Beneficiary,ATR Pending,201,3718,976744.41,125763.88,17,Warning Issued
Andhra Pradesh,Vijayawada,GP_Vijayawada_29,15-02-2024,2021-22,SBM-G,Water Tank,SAU Team A,181035.26,,79206.98,10,Material Overbilling,Completed,279,5816,163010.4,395009.95,22,No Action
Tamil Nadu,Chennai,GP_Chennai_77,27-12-2023,2021-22,PMAY-G,Water Tank,SAU Team A,1738392.46,49391.08,4184.46,3,Wage Delay,Closed,97,1119,541074.82,55844.14,22,FIR Filed
Tamil Nadu,Chennai,GP_Chennai_63,19-05-2022,2024-25,SBM-G,Water Tank,SAU Team A,1826909.06,86465.98,5332.14,3,Material Overbilling,Pending Recovery,308,1096,631078.56,214904.3,4,Recovery Initiated
Tamil Nadu,Chennai,GP_Chennai_27,22-12-2023,2022-23,PMAY-G,Road Construction,SAU Team B,768127.13,103850.42,,0,No Muster Roll,Closed,429,1101,646237.08,,20,Recovery Initiated
Tamil Nadu,Coimbatore,GP_Coimbatore_46,03-08-2022,2021-22,NSAP,Pond Desilting,District Audit Unit,213499.15,90771.33,46617.91,0,Material Overbilling,ATR Pending,127,7901,675713.54,567720.86,4,Warning Issued
Rajasthan,Udaipur,GP_Udaipur_16,02-05-2024,2023-24,MGNREGA,Water Tank,SAU Team A,1958227.87,111077.84,10107.59,3,Fund Diversion,ATR Pending,213,1868,743624.32,119836.99,23,
Maharashtra,Pune,GP_Pune_96,17-11-2022,2021-22,PMAY-G,Water Tank,SAU Team A,1371843.8,136034.46,79232.12,1,Incomplete Work,Under Review,339,950,940287.81,312906.65,11,FIR Filed
Bihar,Gaya,GP_Gaya_30,21-10-2022,2024-25,MGNREGA,Road Construction,SAU Team B,676634.65,124412.02,39335.02,6,Material Overbilling,Completed,274,7336,269301.03,721690.14,0,Recovery Initiated
Rajasthan,Udaipur,GP_Udaipur_57,16-04-2023,2022-23,SBM-G,Water Tank,SAU Team A,1962767.79,49088.99,,0,Fund Diversion,Closed,159,2696,765500.34,287698.13,24,FIR Filed
Rajasthan,Udaipur,GP_Udaipur_46,14-06-2023,2021-22,PMAY-G,Pond Desilting,SAU Team B,718594.04,18340.93,30557.65,4,Wage Delay,Pending Recovery,410,2800,897235.27,741264.45,4,Recovery Initiated
Andhra Pradesh,Vijayawada,GP_Vijayawada_49,29-09-2023,2023-24,SBM-G,Road Construction,District Audit Unit,1829766.97,131969.71,45102.26,10,Material Overbilling,Under Review,243,5296,524320.54,783464.83,11,Recovery Initiated
Maharashtra,Pune,GP_Pune_22,30-09-2022,2022-23,MGNREGA,Water Tank,SAU Team A,1003025.97,11827.35,52260.64,3,,Completed,359,7244,715387.61,406929.02,21,Recovery Initiated
Tamil Nadu,Coimbatore,GP_Coimbatore_76,17-03-2022,2022-23,MGNREGA,Toilet Construction,SAU Team B,487722.1,76003.22,29217.36,5,,Closed,41,5476,500088.71,457496.88,3,
Maharashtra,Pune,GP_Pune_68,07-01-2024,2022-23,MGNREGA,Road Construction,SAU Team B,177012.28,,63248.5,4,Wage Delay,Under Review,453,4114,197125.5,165269.28,10,
Uttar Pradesh,Kanpur,GP_Kanpur_41,31-01-2024,2024-25,PMAY-G,Toilet Construction,SAU Team B,1940035.82,79931.05,24292.29,8,Incomplete Work,ATR Pending,270,6696,775777.01,473889.68,1,Warning Issued
Tamil Nadu,Coimbatore,GP_Coimbatore_27,05-01-2022,2024-25,MGNREGA,Pond Desilting,District Audit Unit,1359748.81,73685.82,15038.71,11,Material Overbilling,Pending Recovery,271,2200,894763.03,689301.05,20,Suspended Official
Kerala,Thrissur,GP_Thrissur_14,02-07-2024,2021-22,NSAP,Pond Desilting,District Audit Unit,649493.44,15132.3,,8,Wage Delay,Under Review,128,4164,906499.2,776806.58,11,FIR Filed
Maharashtra,Pune,GP_Pune_24,23-12-2023,2024-25,SBM-G,School Building,District Audit Unit,1203733.23,82428.41,43200.13,8,Wage Delay,Pending Recovery,165,7113,470870.55,626220.59,11,Suspended Official
Bihar,Patna,GP_Patna_57,27-02-2023,2021-22,PMAY-G,Toilet Construction,District Audit Unit,1975958.7,69640.56,34747.11,1,Fund Diversion,Closed,377,6014,389843.29,419223.52,24,Warning Issued
Maharashtra,Pune,GP_Pune_98,04-02-2023,2022-23,PMAY-G,Road Construction,District Audit Unit,1833770.11,2598.9,11736.05,6,Fund Diversion,Pending Recovery,366,6823,96414.94,334009.01,17,Recovery Initiated
Uttar Pradesh,Lucknow,GP_Lucknow_36,30-08-2023,2023-24,PMAY-G,Road Construction,District Audit Unit,440130.14,148672.75,68335.72,4,Fund Diversion,Under Review,410,970,626712.55,491237.36,22,Suspended Official
Maharashtra,Mumbai,GP_Mumbai_49,16-03-2023,2021-22,PMGSY,School Building,District Audit Unit,1068647.45,74083.7,45829.28,0,Incomplete Work,Completed,267,4296,319671.08,426057.94,8,Warning Issued
Karnataka,Mysore,GP_Mysore_57,13-11-2022,2021-22,PMGSY,Road Construction,District Audit Unit,681349.5,119561.52,76173.91,10,Ghost Beneficiary,Under Review,324,5680,271300.12,197279.69,12,
Maharashtra,Mumbai,GP_Mumbai_14,09-03-2023,2023-24,PMGSY,School Building,SAU Team A,1330119.46,81785.88,68418.71,8,Ghost Beneficiary,Pending Recovery,484,7950,239827.63,370461.29,10,
Bihar,Patna,GP_Patna_63,15-03-2023,2024-25,NSAP,Water Tank,District Audit Unit,590238.91,91396.83,26950.56,9,Wage Delay,Completed,257,1582,322071.33,418882.21,20,No Action
Uttar Pradesh,Lucknow,GP_Lucknow_41,13-04-2024,2024-25,PMAY-G,Road Construction,SAU Team A,1351021.17,71929.58,18689.57,7,Material Overbilling,Closed,33,6610,458213.82,535626.21,18,Warning Issued
Maharashtra,Pune,GP_Pune_63,04-02-2024,2021-22,PMAY-G,Pond Desilting,District Audit Unit,1462987.93,120291.95,69808.97,11,No Muster Roll,Closed,400,7236,756852,485411.86,0,
Tamil Nadu,Chennai,GP_Chennai_45,27-09-2022,2023-24,NSAP,Pond Desilting,District Audit Unit,1504189.71,99851.06,,0,Incomplete Work,Pending Recovery,493,3570,919371.29,417355.58,8,Recovery Initiated
Kerala,Ernakulam,GP_Ernakulam_99,30-06-2024,2024-25,SBM-G,Pond Desilting,District Audit Unit,1853035.67,37867.13,44751.62,5,No Muster Roll,Completed,358,367,422109.24,753897.76,23,No Action
Karnataka,Mysore,GP_Mysore_82,25-07-2022,2023-24,PMGSY,Pond Desilting,SAU Team B,1078749.26,79783.64,16059.6,9,Material Overbilling,Under Review,225,482,100187.44,127787.34,4,Warning Issued
Tamil Nadu,Coimbatore,GP_Coimbatore_13,01-12-2022,2022-23,PMAY-G,Pond Desilting,District Audit Unit,52119.69,130469.87,48849.5,1,No Muster Roll,ATR Pending,397,4937,871962.36,215544.71,9,Recovery Initiated
Andhra Pradesh,Vijayawada,GP_Vijayawada_85,10-11-2022,2024-25,NSAP,Pond Desilting,SAU Team B,401755.58,66294.62,3086.9,5,No Muster Roll,Completed,403,6935,913729.21,262601.24,22,No Action
Maharashtra,Pune,GP_Pune_82,09-06-2024,2023-24,PMAY-G,Pond Desilting,SAU Team B,1279393.68,54857.38,6884.36,3,No Muster Roll,Pending Recovery,221,7929,138538.61,524816.14,2,Recovery Initiated
Tamil Nadu,Chennai,GP_Chennai_3,05-06-2022,2022-23,SBM-G,Pond Desilting,SAU Team B,1336502.79,,27285.77,11,Incomplete Work,Pending Recovery,477,5133,600924.1,483727,16,FIR Filed
Karnataka,Bangalore,GP_Bangalore_37,03-07-2024,2022-23,PMAY-G,Water Tank,SAU Team B,628599.03,118667.12,72719.84,8,Incomplete Work,ATR Pending,81,614,345591.86,269996.33,1,FIR Filed
Bihar,Gaya,GP_Gaya_84,07-09-2024,2022-23,MGNREGA,Road Construction,SAU Team A,1159758.61,102280.94,58849.68,3,Incomplete Work,ATR Pending,485,2702,20972.03,,21,Recovery Initiated
Rajasthan,Jaipur,GP_Jaipur_3,06-07-2024,2023-24,SBM-G,Toilet Construction,District Audit Unit,896663.85,117398.25,,0,Incomplete Work,Closed,243,6617,786192.69,644692.18,24,FIR Filed
Rajasthan,Udaipur,GP_Udaipur_41,12-01-2022,2024-25,PMGSY,School Building,SAU Team B,862856.02,,27987.12,9,Material Overbilling,ATR Pending,33,4309,902333.16,643138.94,15,FIR Filed
Rajasthan,Udaipur,GP_Udaipur_30,31-03-2022,2023-24,PMGSY,Road Construction,SAU Team A,1557951.91,27418.28,72914.34,2,Wage Delay,Closed,106,1598,793843.53,239881.72,7,Warning Issued
Karnataka,Mysore,GP_Mysore_25,20-10-2023,2021-22,MGNREGA,School Building,SAU Team A,1491721.45,117728.06,63127.21,2,Incomplete Work,Closed,260,4330,579424.02,520490.23,3,FIR Filed
Karnataka,Mysore,GP_Mysore_97,21-08-2022,2021-22,PMGSY,Road Construction,District Audit Unit,1208536.86,105918.34,17571.56,0,,Under Review,325,2117,791634.78,709768.06,9,Warning Issued
Karnataka,Bangalore,GP_Bangalore_17,22-06-2024,2022-23,PMGSY,Toilet Construction,District Audit Unit,609907.08,14365.18,10446.91,10,Ghost Beneficiary,Under Review,346,6776,669950.04,451383.23,10,Suspended Official
Maharashtra,Pune,GP_Pune_32,12-06-2023,2023-24,SBM-G,Pond Desilting,SAU Team B,1700239.09,125592.19,43877.87,10,Fund Diversion,Completed,308,6021,601742.41,348279.27,10,Recovery Initiated
Maharashtra,Pune,GP_Pune_58,06-04-2024,2022-23,MGNREGA,Road Construction,District Audit Unit,1525923.03,79532.91,32559.05,1,Fund Diversion,ATR Pending,257,3756,974817.67,598395.75,22,Recovery Initiated
Andhra Pradesh,Vijayawada,GP_Vijayawada_63,27-07-2024,2022-23,SBM-G,Pond Desilting,SAU Team B,1366619.36,65642.34,51315.77,9,,Completed,252,1759,939228.76,322129.59,24,FIR Filed
Maharashtra,Mumbai,GP_Mumbai_24,25-08-2022,2021-22,NSAP,Pond Desilting,SAU Team B,720112.25,,66911.28,11,Ghost Beneficiary,Closed,277,5888,425780.7,588011.42,9,Recovery Initiated
Andhra Pradesh,Vizag,GP_Vizag_72,16-12-2022,2021-22,MGNREGA,Water Tank,SAU Team A,1846579.79,25290.55,66796.34,7,Wage Delay,Completed,156,2716,877413.6,150411.56,22,Suspended Official
Uttar Pradesh,Kanpur,GP_Kanpur_48,04-01-2024,2023-24,PMGSY,Road Construction,SAU Team B,331064.54,45585.13,31330.56,3,Incomplete Work,ATR Pending,91,5160,692028.86,300240.99,5,FIR Filed
Bihar,Gaya,GP_Gaya_24,29-08-2023,2023-24,PMGSY,Water Tank,SAU Team B,1648059.94,133383.99,73564.71,0,No Muster Roll,Pending Recovery,314,3802,714390.34,477795.02,22,Recovery Initiated
Andhra Pradesh,Vizag,GP_Vizag_50,13-06-2024,2022-23,PMAY-G,Toilet Construction,SAU Team B,667926.83,5041.45,63856.17,11,Ghost Beneficiary,Pending Recovery,97,7152,583546.22,404937.61,8,Warning Issued
Kerala,Thrissur,GP_Thrissur_21,20-04-2022,2022-23,PMAY-G,Toilet Construction,SAU Team A,824017.13,30991.81,2777.83,4,Material Overbilling,ATR Pending,113,3413,194504.13,108225.89,0,Suspended Official
Uttar Pradesh,Kanpur,GP_Kanpur_3,23-04-2024,2023-24,PMGSY,School Building,District Audit Unit,1702626.21,57276.72,,2,Wage Delay,Pending Recovery,25,4445,483889.55,555697.76,10,FIR Filed
Tamil Nadu,Coimbatore,GP_Coimbatore_22,16-07-2024,2024-25,PMGSY,Water Tank,District Audit Unit,1545511.41,30227.12,58368.5,2,Wage Delay,ATR Pending,291,851,296819.85,430167.12,2,Warning Issued
Karnataka,Bangalore,GP_Bangalore_87,17-03-2023,2022-23,SBM-G,Water Tank,SAU Team A,1806280.27,134476.48,77348.18,11,Incomplete Work,Closed,312,1006,162149.63,584472.32,13,Warning Issued
Kerala,Thrissur,GP_Thrissur_21,31-08-2023,2021-22,PMAY-G,Pond Desilting,SAU Team A,1428297.92,16883.18,18498.95,2,Wage Delay,Closed,86,4961,593222.67,558492.48,23,FIR Filed
Bihar,Gaya,GP_Gaya_35,10-08-2023,2021-22,SBM-G,Pond Desilting,District Audit Unit,1459656.96,129272.28,20525.86,11,Ghost Beneficiary,Pending Recovery,21,5287,750314.11,43129.18,18,Suspended Official
Rajasthan,Jaipur,GP_Jaipur_62,28-08-2024,2022-23,PMAY-G,School Building,SAU Team B,1804721.7,,19549.38,4,Ghost Beneficiary,Under Review,149,376,576144.32,755055.37,14,
Andhra Pradesh,Vijayawada,GP_Vijayawada_62,07-07-2024,2021-22,MGNREGA,Water Tank,District Audit Unit,1111155.2,74418.25,42690.85,8,Ghost Beneficiary,Under Review,10,121,973934.56,576170.78,13,No Action
Kerala,Ernakulam,GP_Ernakulam_51,21-04-2023,2024-25,PMAY-G,Toilet Construction,SAU Team B,1865705.79,29149.82,28509.96,10,Material Overbilling,Under Review,63,3064,730207.78,10153.94,18,
Bihar,Gaya,GP_Gaya_36,21-12-2022,2024-25,PMAY-G,Water Tank,SAU Team A,97018.09,120326.71,37971.66,7,Fund Diversion,ATR Pending,377,1016,821517.65,718222.75,5,
Kerala,Ernakulam,GP_Ernakulam_52,16-05-2023,2023-24,SBM-G,School Building,SAU Team B,219158.15,36884.69,,9,Material Overbilling,ATR Pending,338,7168,651114.58,587406.3,8,Recovery Initiated
Uttar Pradesh,Kanpur,GP_Kanpur_7,21-01-2023,2023-24,SBM-G,Pond Desilting,SAU Team A,205490.19,28183.49,75903.74,11,No Muster Roll,Closed,367,4572,845605.12,138066.39,20,Warning Issued
Andhra Pradesh,Vijayawada,GP_Vijayawada_77,10-11-2023,2024-25,SBM-G,Pond Desilting,SAU Team A,146768.02,2208.58,14909.55,11,Material Overbilling,Pending Recovery,265,7897,154621.28,150332.62,17,FIR Filed
Bihar,Gaya,GP_Gaya_55,10-08-2024,2024-25,PMAY-G,Water Tank,SAU Team B,206617.07,72273.2,269.84,7,,Closed,49,2803,963278.13,713613.41,18,
Andhra Pradesh,Vizag,GP_Vizag_82,22-04-2024,2021-22,MGNREGA,School Building,SAU Team A,1141170.94,106118.22,73098.85,7,,Closed,52,2284,328222.12,700806.64,11,No Action
Rajasthan,Udaipur,GP_Udaipur_30,22-03-2023,2022-23,SBM-G,Toilet Construction,District Audit Unit,1086153.62,137422.38,,11,Incomplete Work,Closed,283,3207,923181.94,120248.14,13,No Action
Tamil Nadu,Coimbatore,GP_Coimbatore_61,03-01-2023,2022-23,PMGSY,Toilet Construction,SAU Team A,470165.39,89955.62,35210.43,5,No Muster Roll,ATR Pending,403,2557,192618.31,,1,Warning Issued
Rajasthan,Jaipur,GP_Jaipur_30,04-09-2022,2022-23,NSAP,Water Tank,SAU Team A,1220028.23,127480.71,57851.31,2,Material Overbilling,Completed,187,3288,740313.53,407149.83,19,No Action
Kerala,Thrissur,GP_Thrissur_55,20-08-2022,2022-23,SBM-G,Pond Desilting,District Audit Unit,364040.12,95182.52,3648.22,5,Fund Diversion,ATR Pending,21,6386,883763.18,658242.19,8,FIR Filed
Karnataka,Bangalore,GP_Bangalore_22,01-03-2024,2024-25,MGNREGA,Road Construction,SAU Team B,137624.13,70891.98,46940.21,7,Material Overbilling,Completed,356,2864,387736.58,,11,No Action
Karnataka,Bangalore,GP_Bangalore_92,03-09-2023,2021-22,SBM-G,Pond Desilting,SAU Team A,1534067.75,134524.36,34186.39,11,,Completed,22,7714,80145.47,18848.88,13,Warning Issued
Tamil Nadu,Chennai,GP_Chennai_55,23-10-2023,2022-23,PMAY-G,School Building,SAU Team B,1668417.14,69844.79,45070.32,7,Material Overbilling,ATR Pending,151,6271,390902.33,222203.2,2,Recovery Initiated
Maharashtra,Pune,GP_Pune_60,17-04-2023,2022-23,MGNREGA,Toilet Construction,SAU Team B,1701107.88,112742.46,54050.22,5,No Muster Roll,Completed,21,3021,582781.36,366190.64,16,Warning Issued
Kerala,Thrissur,GP_Thrissur_87,02-01-2023,2024-25,PMGSY,Road Construction,SAU Team A,1941866.06,58374.07,955.06,11,No Muster Roll,Under Review,244,3375,450077.93,206354.15,14,No Action
Rajasthan,Jaipur,GP_Jaipur_62,21-07-2023,2021-22,PMAY-G,Road Construction,District Audit Unit,1834313.23,67827.4,44874.18,4,Material Overbilling,Completed,129,6961,304350.56,15598.31,8,FIR Filed
Bihar,Patna,GP_Patna_14,13-04-2024,2022-23,NSAP,Water Tank,District Audit Unit,749089.88,126547.84,60348.98,10,No Muster Roll,Pending Recovery,35,2324,444495.05,560366.86,10,FIR Filed
Tamil Nadu,Coimbatore,GP_Coimbatore_56,16-07-2022,2021-22,PMAY-G,Pond Desilting,District Audit Unit,1332873.67,23783.4,18383.65,7,Fund Diversion,Completed,493,2725,708862.58,435450.9,10,FIR Filed
Uttar Pradesh,Lucknow,GP_Lucknow_67,24-04-2024,2024-25,SBM-G,School Building,SAU Team A,628410.68,97770.02,39373.24,1,Incomplete Work,Under Review,311,1428,713812.08,435209.16,10,No Action
Karnataka,Bangalore,GP_Bangalore_25,26-05-2022,2021-22,PMAY-G,Toilet Construction,SAU Team B,623149.32,60340.92,73840.07,6,Incomplete Work,Under Review,132,907,472709.09,217319.69,16,FIR Filed
Tamil Nadu,Coimbatore,GP_Coimbatore_92,26-04-2022,2021-22,SBM-G,Road Construction,SAU Team A,1800638.98,142034.4,44651.32,10,Wage Delay,Pending Recovery,163,5381,260454.81,138351.8,15,
Maharashtra,Pune,GP_Pune_61,14-04-2022,2022-23,NSAP,Road Construction,District Audit Unit,823978.25,14486.49,26037.29,0,No Muster Roll,Closed,226,2883,722695.2,711018.76,16,Suspended Official
Andhra Pradesh,Vizag,GP_Vizag_57,16-02-2023,2022-23,MGNREGA,Pond Desilting,SAU Team A,1865565.11,19407.14,70906.53,8,Material Overbilling,Completed,117,1985,788449.61,,1,Suspended Official
Uttar Pradesh,Kanpur,GP_Kanpur_93,06-01-2022,2022-23,PMAY-G,Road Construction,SAU Team B,1179272.83,43035.53,25126.19,9,Incomplete Work,Pending Recovery,132,403,768012.33,398075.31,0,FIR Filed
Bihar,Patna,GP_Patna_45,14-05-2023,2021-22,SBM-G,Toilet Construction,SAU Team A,1787171.08,26127.33,705.81,7,,Closed,393,5561,334290.01,79524.15,19,Warning Issued
Tamil Nadu,Chennai,GP_Chennai_42,04-07-2023,2021-22,PMAY-G,Water Tank,District Audit Unit,1402554.39,26092.17,19698.97,6,Wage Delay,Pending Recovery,295,2092,800471.99,662935.53,13,Recovery Initiated
Maharashtra,Mumbai,GP_Mumbai_51,23-09-2023,2023-24,PMGSY,Road Construction,SAU Team A,1686145.88,1366.49,41057.01,3,Wage Delay,Under Review,67,6541,731304.11,400667.28,3,FIR Filed
Uttar Pradesh,Kanpur,GP_Kanpur_88,23-01-2023,2023-24,PMAY-G,Water Tank,District Audit Unit,858661.33,2357.49,3856.18,2,Wage Delay,ATR Pending,45,6265,396274.38,697579.66,4,Suspended Official
Uttar Pradesh,Lucknow,GP_Lucknow_57,25-10-2023,2024-25,SBM-G,School Building,SAU Team B,519311.86,32375.52,,2,,Pending Recovery,205,4338,732560.77,378342.97,15,Recovery Initiated
Kerala,Thrissur,GP_Thrissur_85,17-12-2022,2023-24,PMGSY,Toilet Construction,SAU Team A,416069.75,60656.2,37222.29,0,Fund Diversion,Closed,453,2806,657168.87,798062.73,24,Suspended Official
Maharashtra,Pune,GP_Pune_63,15-10-2022,2022-23,NSAP,Toilet Construction,District Audit Unit,1713633.37,9363.78,67740.5,11,Ghost Beneficiary,Pending Recovery,430,5800,456144.38,517222.07,22,Recovery Initiated
Andhra Pradesh,Vijayawada,GP_Vijayawada_36,01-09-2023,2024-25,MGNREGA,Toilet Construction,District Audit Unit,549993.96,90442.14,70053.01,10,Material Overbilling,Pending Recovery,316,1739,738106.62,69924.49,5,Recovery Initiated
Tamil Nadu,Coimbatore,GP_Coimbatore_17,17-03-2023,2023-24,SBM-G,Water Tank,District Audit Unit,1249496.84,3319.3,32136.76,11,Incomplete Work,ATR Pending,154,2591,980497.12,652191.47,10,Warning Issued
Maharashtra,Mumbai,GP_Mumbai_69,27-03-2024,2021-22,NSAP,Toilet Construction,SAU Team A,298272.56,101435.88,42557.81,10,Fund Diversion,Under Review,387,5390,964514.9,434640.35,16,Recovery Initiated
Andhra Pradesh,Vijayawada,GP_Vijayawada_50,24-07-2024,2021-22,SBM-G,Road Construction,SAU Team B,982289.19,116442.25,56148.44,4,Wage Delay,Completed,40,6040,447839.7,668895.09,7,Recovery Initiated
Maharashtra,Pune,GP_Pune_64,18-01-2023,2023-24,SBM-G,Road Construction,District Audit Unit,1583770.43,96219.13,67295.52,9,Wage Delay,Completed,356,2368,572662.93,489555.47,14,No Action
Kerala,Ernakulam,GP_Ernakulam_74,01-08-2023,2021-22,PMGSY,Water Tank,District Audit Unit,332965.93,142630.83,15051.87,10,Incomplete Work,Pending Recovery,443,1682,423808.24,394015.29,18,FIR Filed
Rajasthan,Udaipur,GP_Udaipur_69,04-02-2024,2024-25,PMGSY,Toilet Construction,SAU Team A,1744479.36,,27757.52,9,Wage Delay,ATR Pending,282,730,176237.68,143485.71,7,Recovery Initiated
Rajasthan,Jaipur,GP_Jaipur_67,10-12-2023,2024-25,PMAY-G,Toilet Construction,SAU Team B,1898477.83,14949.12,,9,Incomplete Work,Completed,271,6693,268602.63,,9,
Karnataka,Bangalore,GP_Bangalore_43,03-07-2022,2021-22,NSAP,School Building,District Audit Unit,840057.46,84419.33,,9,,Under Review,481,763,823741.19,,6,Warning Issued
Kerala,Ernakulam,GP_Ernakulam_48,10-11-2023,2024-25,MGNREGA,Water Tank,SAU Team A,1044634.92,53840.21,78695.35,6,Ghost Beneficiary,Under Review,341,1729,58498.01,584861.81,24,Recovery Initiated
Tamil Nadu,Chennai,GP_Chennai_56,25-02-2023,2023-24,PMAY-G,Pond Desilting,District Audit Unit,1362663.43,111837.65,55692.25,4,Ghost Beneficiary,Under Review,460,7296,61692.62,,8,Recovery Initiated
Karnataka,Bangalore,GP_Bangalore_46,02-04-2023,2021-22,PMGSY,Road Construction,SAU Team A,1004115.81,101961.08,73309.21,5,Incomplete Work,Closed,464,6244,104443.36,,17,FIR Filed
Kerala,Ernakulam,GP_Ernakulam_59,19-04-2023,2023-24,PMAY-G,Toilet Construction,SAU Team B,1625467.1,56112.11,67436.5,7,Material Overbilling,Pending Recovery,121,3662,461457.98,91907.43,9,No Action
Tamil Nadu,Chennai,GP_Chennai_92,31-03-2022,2024-25,NSAP,Road Construction,District Audit Unit,217214.55,144810.02,56671.27,11,Fund Diversion,Completed,404,6560,855300.84,547007.7,22,FIR Filed
Bihar,Gaya,GP_Gaya_20,07-05-2024,2022-23,PMGSY,Road Construction,District Audit Unit,760856.84,35375.41,74699.54,0,Incomplete Work,Under Review,223,2593,741618.95,353083.98,13,Suspended Official
Kerala,Ernakulam,GP_Ernakulam_61,07-07-2022,2022-23,PMAY-G,School Building,SAU Team B,1813449.05,98334.89,76775.14,3,,Closed,386,7803,529912.24,510931.13,10,Suspended Official
Uttar Pradesh,Lucknow,GP_Lucknow_86,03-09-2023,2024-25,PMGSY,Pond Desilting,SAU Team A,1362189.76,117167.53,12088.81,10,No Muster Roll,Pending Recovery,262,4609,594384.98,209296.17,7,FIR Filed
Uttar Pradesh,Kanpur,GP_Kanpur_78,08-08-2022,2022-23,MGNREGA,Water Tank,SAU Team A,97147.19,27790.23,43249.35,4,,ATR Pending,454,7028,171411.78,81576.38,15,No Action
Karnataka,Bangalore,GP_Bangalore_62,28-06-2023,2021-22,MGNREGA,Pond Desilting,SAU Team A,1438773.87,115280.71,31462.69,7,Ghost Beneficiary,Under Review,406,1407,737801.11,185864.2,10,Warning Issued
Tamil Nadu,Chennai,GP_Chennai_11,25-08-2024,2022-23,NSAP,School Building,SAU Team A,1306898.15,,,9,Material Overbilling,Under Review,104,1153,40068.89,,14,Recovery Initiated
Karnataka,Bangalore,GP_Bangalore_17,22-06-2024,2022-23,PMGSY,Toilet Construction,District Audit Unit,609907.08,14365.18,10446.91,10,Ghost Beneficiary,Under Review,346,6776,669950.04,451383.23,10,Suspended Official
Bihar,Gaya,GP_Gaya_23,12-08-2022,2023-24,PMGSY,School Building,SAU Team B,578743.2,58214.46,77580.8,10,Wage Delay,ATR Pending,430,1649,938884.23,26720.7,5,Suspended Official
Karnataka,Bangalore,GP_Bangalore_35,25-03-2022,2021-22,PMGSY,Pond Desilting,SAU Team A,1913259.53,50847.46,78238.09,2,Incomplete Work,ATR Pending,495,4864,151401.12,378583.75,7,FIR Filed
Maharashtra,Pune,GP_Pune_10,26-01-2022,2022-23,SBM-G,School Building,District Audit Unit,1594729.82,21994.62,15206.83,5,Material Overbilling,Under Review,160,5614,904617.75,265654.24,4,No Action
Rajasthan,Jaipur,GP_Jaipur_7,22-05-2023,2021-22,NSAP,School Building,SAU Team A,351261.81,40951.8,,1,No Muster Roll,Closed,48,3089,586479.31,68192.25,18,Recovery Initiated
Uttar Pradesh,Lucknow,GP_Lucknow_59,16-06-2023,2024-25,MGNREGA,Pond Desilting,SAU Team B,76174.68,123117.37,,11,Ghost Beneficiary,Completed,125,3264,706466.38,508198.53,21,Suspended Official
Andhra Pradesh,Vizag,GP_Vizag_30,12-05-2022,2023-24,PMAY-G,School Building,District Audit Unit,724916.42,66348.66,709.3,2,,ATR Pending,33,4248,904807.5,,6,Warning Issued
Uttar Pradesh,Kanpur,GP_Kanpur_51,01-06-2023,2021-22,MGNREGA,Toilet Construction,SAU Team B,1114425.83,29195.1,52290.92,1,Material Overbilling,Completed,54,1300,653207.76,255078.48,18,FIR Filed
Andhra Pradesh,Vizag,GP_Vizag_44,18-05-2022,2022-23,PMGSY,Pond Desilting,SAU Team A,1283556.87,103702.48,,3,Fund Diversion,Under Review,126,4221,558484.99,123380.53,7,FIR Filed
Tamil Nadu,Coimbatore,GP_Coimbatore_67,13-01-2024,2022-23,MGNREGA,Water Tank,District Audit Unit,465468.07,44920.01,66549.27,11,Material Overbilling,Closed,247,1887,596558.49,420475.53,11,FIR Filed
Kerala,Ernakulam,GP_Ernakulam_69,20-05-2023,2022-23,NSAP,School Building,District Audit Unit,1677865.2,,63549.31,7,Material Overbilling,Under Review,177,5640,903640.35,749387.68,2,No Action
Tamil Nadu,Coimbatore,GP_Coimbatore_70,13-08-2023,2023-24,NSAP,School Building,SAU Team B,532856.83,83033.82,65791.29,5,Wage Delay,Completed,258,2720,936662.11,780632.75,6,
Uttar Pradesh,Lucknow,GP_Lucknow_81,06-08-2024,2024-25,NSAP,School Building,SAU Team B,302033,85518.07,64316.73,3,Incomplete Work,Pending Recovery,206,7737,888107.81,600049.68,12,No Action
Karnataka,Bangalore,GP_Bangalore_27,03-10-2022,2022-23,NSAP,Toilet Construction,SAU Team B,1610801.18,141744.78,19784.14,7,Fund Diversion,Under Review,309,7005,696454.55,,7,No Action
Bihar,Gaya,GP_Gaya_99,20-09-2023,2022-23,PMAY-G,Road Construction,District Audit Unit,1265109.2,45957.16,54373.6,1,Ghost Beneficiary,ATR Pending,339,5656,690299.1,459480.88,15,
Andhra Pradesh,Vijayawada,GP_Vijayawada_15,13-09-2022,2021-22,MGNREGA,Toilet Construction,SAU Team B,867195.63,79438.23,,4,Fund Diversion,ATR Pending,104,1482,421199.1,45486.84,5,No Action
Bihar,Patna,GP_Patna_13,15-06-2022,2024-25,SBM-G,Road Construction,SAU Team A,873833.56,1230.11,29613.07,11,Fund Diversion,Pending Recovery,305,7543,296939.02,413683.56,19,Recovery Initiated
Tamil Nadu,Chennai,GP_Chennai_31,10-07-2022,2022-23,SBM-G,School Building,District Audit Unit,926126.85,51967.7,71414.21,1,Fund Diversion,Under Review,486,2528,303518.23,183323.4,11,Suspended Official
Bihar,Gaya,GP_Gaya_88,18-02-2022,2023-24,SBM-G,School Building,SAU Team A,863904.9,2572.75,54277.49,3,,Pending Recovery,465,2915,467761.09,105249.52,22,FIR Filed
Kerala,Thrissur,GP_Thrissur_76,13-11-2023,2023-24,PMGSY,School Building,SAU Team A,1563986.48,89041.98,59570.52,11,Incomplete Work,Closed,198,6094,687200.75,209021.04,7,No Action
Rajasthan,Jaipur,GP_Jaipur_28,06-07-2022,2023-24,SBM-G,Pond Desilting,SAU Team B,1998761.62,9452.52,36407.17,1,Wage Delay,Closed,71,4144,120497.16,481396.14,14,
Andhra Pradesh,Vijayawada,GP_Vijayawada_60,18-02-2024,2023-24,PMAY-G,Water Tank,SAU Team B,1900284.5,149376.84,,0,Ghost Beneficiary,Completed,19,715,795099.25,577993.21,9,
Andhra Pradesh,Vijayawada,GP_Vijayawada_86,05-11-2022,2024-25,MGNREGA,Road Construction,SAU Team B,578572.83,148535.68,7642.85,8,Wage Delay,Completed,247,2684,220453.08,760805.84,14,FIR Filed
Tamil Nadu,Chennai,GP_Chennai_43,06-08-2023,2024-25,MGNREGA,Road Construction,District Audit Unit,719886.64,143597.53,36075.55,0,Incomplete Work,Under Review,474,5950,125198.39,658307.61,21,
Tamil Nadu,Chennai,GP_Chennai_89,02-03-2022,2021-22,PMAY-G,School Building,SAU Team A,1671616.68,130986.59,27048.53,6,Wage Delay,Closed,12,5083,980490.86,349858.08,11,No Action
Tamil Nadu,Chennai,GP_Chennai_84,29-11-2023,2023-24,MGNREGA,School Building,SAU Team B,1603480.63,83493.59,56784.07,3,Material Overbilling,Completed,412,7583,96017.53,315331.83,6,No Action
Karnataka,Bangalore,GP_Bangalore_36,16-10-2023,2022-23,PMAY-G,Water Tank,SAU Team B,1727721.77,27534.49,17306.32,9,Ghost Beneficiary,Closed,186,2818,754307.05,758158.27,19,FIR Filed
Uttar Pradesh,Kanpur,GP_Kanpur_15,06-01-2023,2024-25,PMAY-G,Pond Desilting,SAU Team B,292785.25,143169.06,76078.27,8,Incomplete Work,ATR Pending,290,7185,400694.07,17742.42,0,Warning Issued
Uttar Pradesh,Kanpur,GP_Kanpur_88,20-06-2022,2021-22,SBM-G,Road Construction,SAU Team A,1367989.18,92642.91,,5,Fund Diversion,Completed,41,5244,21619.44,447969.66,1,FIR Filed
Bihar,Patna,GP_Patna_54,08-02-2022,2021-22,MGNREGA,Water Tank,SAU Team A,58470.93,63430.52,50937.67,1,Incomplete Work,ATR Pending,26,1992,325649.93,343251.02,1,No Action
Bihar,Patna,GP_Patna_73,05-03-2022,2021-22,MGNREGA,Road Construction,SAU Team B,1630415.75,60455.32,53901.11,0,Ghost Beneficiary,Closed,493,6375,459369.61,299140.43,6,No Action
Maharashtra,Pune,GP_Pune_1,18-07-2024,2022-23,SBM-G,Toilet Construction,District Audit Unit,1891301.23,,71055.54,2,Material Overbilling,Closed,152,6398,21670.93,487954.52,7,No Action
Karnataka,Mysore,GP_Mysore_6,03-05-2024,2022-23,SBM-G,Toilet Construction,District Audit Unit,156835.13,,6763.66,6,Wage Delay,Closed,44,4596,485685.38,148381.27,16,Suspended Official
Kerala,Ernakulam,GP_Ernakulam_40,13-03-2023,2024-25,NSAP,Toilet Construction,District Audit Unit,707916.02,87624.26,24413.56,2,,Pending Recovery,139,7139,971903.11,511251.36,21,No Action
Tamil Nadu,Coimbatore,GP_Coimbatore_88,07-10-2023,2023-24,PMAY-G,School Building,SAU Team A,986495.3,103531,74122.54,3,No Muster Roll,Closed,334,4728,338821.27,557088.83,13,FIR Filed
Tamil Nadu,Coimbatore,GP_Coimbatore_21,16-06-2024,2022-23,SBM-G,Toilet Construction,SAU Team B,1548473.41,,25795.3,11,Ghost Beneficiary,Completed,159,1029,948167.42,,19,
Kerala,Thrissur,GP_Thrissur_29,06-10-2023,2021-22,PMAY-G,Water Tank,SAU Team B,362749.06,45297.29,76834.98,5,Material Overbilling,Completed,481,7730,586640.51,612190.95,0,No Action
Maharashtra,Pune,GP_Pune_51,21-05-2023,2024-25,PMGSY,Road Construction,SAU Team A,408552.82,71052.79,,0,Incomplete Work,ATR Pending,416,5915,641206.16,40178.63,15,Suspended Official
Tamil Nadu,Chennai,GP_Chennai_63,02-11-2022,2024-25,SBM-G,Water Tank,District Audit Unit,1728173.41,,53520.88,2,,ATR Pending,30,6772,503246.67,433196.02,0,No Action
Bihar,Gaya,GP_Gaya_87,11-06-2023,2021-22,PMGSY,Pond Desilting,SAU Team B,550786.29,109579.82,50109.15,11,Wage Delay,ATR Pending,14,1308,343046.05,718963.83,9,FIR Filed
Tamil Nadu,Coimbatore,GP_Coimbatore_68,02-01-2024,2022-23,MGNREGA,Pond Desilting,SAU Team B,257572.8,90068.35,23751.35,9,Fund Diversion,Completed,469,5293,744259.58,380257.61,14,No Action
Kerala,Thrissur,GP_Thrissur_22,10-03-2024,2024-25,PMAY-G,Pond Desilting,SAU Team B,536876.76,41915.28,26435.79,0,Ghost Beneficiary,Completed,361,4648,323430.44,,6,Recovery Initiated
Andhra Pradesh,Vizag,GP_Vizag_89,29-08-2022,2022-23,PMGSY,Toilet Construction,District Audit Unit,1883237.69,39483.21,28979.72,10,Ghost Beneficiary,Closed,52,6643,929970.93,557340.23,18,
Kerala,Thrissur,GP_Thrissur_1,12-01-2024,2021-22,MGNREGA,Water Tank,District Audit Unit,1034052.75,68109.3,53055.67,0,Incomplete Work,Under Review,408,6535,420846.58,290811.82,15,No Action
Uttar Pradesh,Kanpur,GP_Kanpur_53,09-06-2022,2021-22,PMGSY,Pond Desilting,District Audit Unit,1247096.89,54898.04,41780.04,2,,Completed,80,404,518501.14,105134.35,0,Suspended Official
Karnataka,Bangalore,GP_Bangalore_29,16-04-2022,2022-23,MGNREGA,School Building,SAU Team B,1203443.59,140309.39,26817.33,1,Incomplete Work,ATR Pending,149,1617,712326.57,746263.58,17,Suspended Official
Tamil Nadu,Coimbatore,GP_Coimbatore_10,14-05-2024,2024-25,NSAP,Water Tank,SAU Team A,1900424.96,139521.08,,1,Fund Diversion,ATR Pending,18,6792,827769.63,432618.33,21,No Action
Maharashtra,Mumbai,GP_Mumbai_44,01-05-2023,2022-23,PMAY-G,Road Construction,SAU Team A,1357189.6,63654.57,27796.62,5,,Under Review,247,2492,279555.35,535999.98,6,Recovery Initiated
Andhra Pradesh,Vijayawada,GP_Vijayawada_41,21-08-2023,2023-24,NSAP,Road Construction,SAU Team B,301558.14,138070.85,64437.9,2,Ghost Beneficiary,ATR Pending,389,3001,40533.13,488285.79,20,Warning Issued
Rajasthan,Jaipur,GP_Jaipur_33,17-03-2023,2023-24,PMAY-G,School Building,District Audit Unit,366431.52,54623.73,11698.58,8,Incomplete Work,Pending Recovery,293,4710,766769.74,544796.77,18,Warning Issued
Rajasthan,Udaipur,GP_Udaipur_34,23-02-2023,2023-24,PMAY-G,Water Tank,SAU Team B,112435.2,132221.22,46556.83,10,Fund Diversion,Closed,34,6330,264490.3,446530.1,17,Recovery Initiated
Karnataka,Bangalore,GP_Bangalore_8,19-07-2023,2023-24,MGNREGA,School Building,SAU Team A,1316545.46,148757.13,78692.86,6,Fund Diversion,Closed,41,7227,969861.02,110658.26,12,FIR Filed
Bihar,Gaya,GP_Gaya_50,06-01-2022,2022-23,PMAY-G,Toilet Construction,District Audit Unit,1348406.26,111978.85,14500.66,5,No Muster Roll,Pending Recovery,223,3236,993757.54,633706.72,3,FIR Filed
Rajasthan,Udaipur,GP_Udaipur_91,21-06-2024,2022-23,SBM-G,School Building,SAU Team A,273916.61,139866.89,14106.47,0,Fund Diversion,Pending Recovery,280,2378,267127.68,631090.57,20,Warning Issued
Andhra Pradesh,Vijayawada,GP_Vijayawada_43,26-06-2022,2023-24,MGNREGA,Toilet Construction,SAU Team B,1064414.74,117219.02,79441.49,11,Ghost Beneficiary,Under Review,258,433,483461.71,315487.11,1,
Kerala,Ernakulam,GP_Ernakulam_93,16-04-2023,2023-24,PMAY-G,Water Tank,District Audit Unit,1554288.48,91955.89,75541.51,10,Wage Delay,Closed,343,785,372282.14,666359.76,20,Suspended Official
Tamil Nadu,Coimbatore,GP_Coimbatore_19,12-04-2022,2021-22,PMGSY,Water Tank,SAU Team A,1074821.86,,1019.12,0,No Muster Roll,ATR Pending,292,7135,296625.65,435934.6,14,No Action
Kerala,Thrissur,GP_Thrissur_57,24-11-2023,2022-23,SBM-G,School Building,SAU Team B,1162392.93,142626.25,22185.84,0,Ghost Beneficiary,Closed,43,717,972893.57,354750.67,23,No Action
Uttar Pradesh,Lucknow,GP_Lucknow_7,23-07-2022,2022-23,NSAP,Road Construction,SAU Team A,1389529.79,81145.88,72837.73,5,Material Overbilling,Pending Recovery,464,6958,769226.23,465462.65,10,Recovery Initiated
Bihar,Patna,GP_Patna_96,02-08-2024,2024-25,PMGSY,Toilet Construction,SAU Team A,1611966.07,,,6,Material Overbilling,ATR Pending,265,1568,64469.71,316686.77,23,Warning Issued
Andhra Pradesh,Vijayawada,GP_Vijayawada_49,27-09-2023,2021-22,SBM-G,School Building,SAU Team B,645244.58,32352.95,9018.98,3,No Muster Roll,Completed,37,5608,362744.8,278395.21,12,Suspended Official
Maharashtra,Pune,GP_Pune_21,09-02-2022,2022-23,PMGSY,Pond Desilting,SAU Team A,1685076.93,135351.91,48067.39,0,,Pending Recovery,103,5490,839126.16,592152.08,11,FIR Filed
Maharashtra,Mumbai,GP_Mumbai_12,25-01-2023,2023-24,NSAP,School Building,SAU Team A,1862380.2,87298.13,22186.74,11,Wage Delay,Completed,254,3527,41805.12,644114.72,23,FIR Filed
Karnataka,Mysore,GP_Mysore_8,11-06-2024,2023-24,MGNREGA,Water Tank,SAU Team A,155241.03,118736.26,63995.85,4,Wage Delay,Pending Recovery,388,3628,987945.21,476849.68,24,FIR Filed
Kerala,Ernakulam,GP_Ernakulam_5,21-02-2022,2023-24,MGNREGA,Toilet Construction,District Audit Unit,793468.15,21624.49,2985.49,9,No Muster Roll,Completed,221,5188,691817.45,,23,FIR Filed
Andhra Pradesh,Vizag,GP_Vizag_68,03-07-2022,2023-24,NSAP,Water Tank,SAU Team B,1375958.17,7999.51,36876.44,10,No Muster Roll,Completed,96,3345,466804.81,87395.58,4,FIR Filed
Kerala,Thrissur,GP_Thrissur_55,23-04-2024,2024-25,MGNREGA,Pond Desilting,District Audit Unit,1458384.73,56422.47,60256.21,10,Incomplete Work,Under Review,365,3684,899991.34,191000.59,6,Suspended Official
Uttar Pradesh,Kanpur,GP_Kanpur_48,18-02-2024,2024-25,NSAP,Road Construction,District Audit Unit,1455302.34,106119.3,46413.75,5,Wage Delay,Completed,230,774,911039.45,,16,No Action
Tamil Nadu,Coimbatore,GP_Coimbatore_38,16-04-2024,2022-23,SBM-G,Toilet Construction,SAU Team B,151571.42,,,0,No Muster Roll,ATR Pending,245,1597,517646.83,385610.51,15,Recovery Initiated
Tamil Nadu,Chennai,GP_Chennai_65,27-06-2024,2021-22,PMAY-G,Water Tank,District Audit Unit,836297.47,5868.72,79313.2,3,Ghost Beneficiary,Pending Recovery,279,4558,277978.78,765315.18,9,Suspended Official
Tamil Nadu,Coimbatore,GP_Coimbatore_22,07-05-2024,2021-22,MGNREGA,Toilet Construction,SAU Team A,644039.87,110157.55,17041.05,4,Material Overbilling,Pending Recovery,374,3756,142025.16,160107.34,17,Recovery Initiated
Bihar,Patna,GP_Patna_28,16-11-2023,2024-25,PMGSY,Pond Desilting,District Audit Unit,1130677.71,113795.64,2759.51,9,Incomplete Work,ATR Pending,125,6730,208535.52,279697.88,15,
Andhra Pradesh,Vijayawada,GP_Vijayawada_30,04-04-2023,2023-24,SBM-G,Toilet Construction,SAU Team B,1420442.49,28439.32,43984.42,5,Ghost Beneficiary,Pending Recovery,368,7521,586740.52,431824.24,16,Warning Issued
Tamil Nadu,Chennai,GP_Chennai_23,07-09-2023,2023-24,NSAP,Pond Desilting,District Audit Unit,1148033.84,73446.63,,5,Fund Diversion,Under Review,298,323,337342.16,104312.97,2,Warning Issued
Kerala,Thrissur,GP_Thrissur_3,28-04-2024,2021-22,PMGSY,Water Tank,District Audit Unit,1501456.84,144827.64,,2,Wage Delay,Under Review,198,4816,235962.3,,19,Suspended Official
Rajasthan,Jaipur,GP_Jaipur_11,21-09-2024,2024-25,PMGSY,Water Tank,SAU Team A,1522407.29,23296.95,45283.81,11,Ghost Beneficiary,Completed,206,1876,176730.46,238520.99,18,FIR Filed
Tamil Nadu,Coimbatore,GP_Coimbatore_82,07-11-2022,2023-24,SBM-G,School Building,District Audit Unit,86188.76,57256.47,31227.19,7,Material Overbilling,Completed,316,4017,415289.83,760473.21,23,Suspended Official
Maharashtra,Pune,GP_Pune_60,17-04-2023,2022-23,MGNREGA,Toilet Construction,SAU Team B,1701107.88,112742.46,54050.22,5,No Muster Roll,Completed,21,3021,582781.36,366190.64,16,Warning Issued
Kerala,Ernakulam,GP_Ernakulam_18,05-05-2023,2023-24,PMGSY,Toilet Construction,District Audit Unit,1322881.52,,46557.58,5,Incomplete Work,Pending Recovery,335,2434,566103.58,587095.13,17,No Action
Andhra Pradesh,Vijayawada,GP_Vijayawada_24,07-11-2022,2023-24,PMGSY,Pond Desilting,SAU Team B,160957.89,31463.78,16750.51,1,No Muster Roll,Pending Recovery,385,3451,674543.48,406959.1,20,Recovery Initiated
Tamil Nadu,Chennai,GP_Chennai_82,14-08-2022,2023-24,MGNREGA,Road Construction,SAU Team A,1566018.98,48970.91,41907.45,2,Material Overbilling,ATR Pending,53,7453,908037.42,451663.5,6,No Action
Tamil Nadu,Coimbatore,GP_Coimbatore_66,14-11-2022,2023-24,MGNREGA,School Building,SAU Team A,1956465.11,6819.69,40519.69,0,Fund Diversion,Under Review,288,5970,655215.97,335695.29,21,Suspended Official
Kerala,Thrissur,GP_Thrissur_2,05-05-2023,2021-22,PMGSY,Pond Desilting,SAU Team A,609862.77,50861.53,,10,,ATR Pending,294,3824,731643.09,425574.46,9,FIR Filed
Rajasthan,Udaipur,GP_Udaipur_54,11-12-2023,2023-24,PMGSY,Water Tank,SAU Team B,349556.18,,44079.62,6,Ghost Beneficiary,Pending Recovery,461,6663,153090.96,48989.69,1,
Tamil Nadu,Coimbatore,GP_Coimbatore_87,08-01-2022,2022-23,SBM-G,Toilet Construction,District Audit Unit,1642696.77,,18621.78,0,,Under Review,408,5441,509699.06,67174.94,21,FIR Filed
Tamil Nadu,Chennai,GP_Chennai_69,12-05-2023,2024-25,NSAP,Pond Desilting,District Audit Unit,1137715.23,10710.18,12316.59,4,Material Overbilling,Closed,446,7028,768375.66,459921.71,24,Warning Issued
Maharashtra,Mumbai,GP_Mumbai_34,05-05-2022,2022-23,NSAP,Pond Desilting,District Audit Unit,1932612.33,129345.49,38723.67,0,No Muster Roll,Closed,354,2523,906057.93,,22,
Maharashtra,Pune,GP_Pune_1,18-03-2024,2024-25,NSAP,Water Tank,SAU Team A,950467.4,32763.47,15923.54,4,Incomplete Work,ATR Pending,324,4133,658103.23,,8,Suspended Official
Karnataka,Bangalore,GP_Bangalore_14,15-07-2023,2023-24,MGNREGA,Pond Desilting,SAU Team A,1180570.69,70179.41,52356.79,9,Fund Diversion,Under Review,173,2703,73533.76,248816.92,18,Suspended Official
Uttar Pradesh,Lucknow,GP_Lucknow_86,11-02-2023,2022-23,PMAY-G,Pond Desilting,SAU Team B,1610703.27,50780.26,31563.14,8,No Muster Roll,Pending Recovery,383,5515,336159.82,,10,Warning Issued
Rajasthan,Udaipur,GP_Udaipur_25,21-12-2022,2021-22,SBM-G,School Building,SAU Team B,1753272.68,97546.07,46962.07,11,Wage Delay,Pending Recovery,457,2276,897526.4,122968.07,10,No Action
Uttar Pradesh,Kanpur,GP_Kanpur_79,14-10-2022,2023-24,PMGSY,Pond Desilting,District Audit Unit,1030428.24,48067.49,62943.37,11,Fund Diversion,Under Review,215,3651,195987.19,732492.98,8,Recovery Initiated
Maharashtra,Pune,GP_Pune_15,03-07-2023,2023-24,SBM-G,Road Construction,SAU Team B,1413456.92,56224.59,72773.2,4,Ghost Beneficiary,ATR Pending,75,4999,976120.4,131417.99,8,Suspended Official
Uttar Pradesh,Kanpur,GP_Kanpur_44,25-08-2022,2023-24,MGNREGA,School Building,SAU Team A,1359343.16,112498.56,18026.95,6,No Muster Roll,Under Review,351,200,582867.97,160046.02,20,FIR Filed
Rajasthan,Udaipur,GP_Udaipur_37,08-09-2024,2021-22,NSAP,Water Tank,District Audit Unit,1014505.13,130781.46,31689.76,9,Material Overbilling,Closed,305,7664,195183.33,307639.88,24,Warning Issued
Rajasthan,Jaipur,GP_Jaipur_57,11-04-2024,2021-22,PMGSY,Toilet Construction,SAU Team A,1485008.87,143119.59,32921.7,0,Ghost Beneficiary,Closed,39,5176,143447.44,785502.61,16,Recovery Initiated
Kerala,Thrissur,GP_Thrissur_71,19-05-2023,2021-22,MGNREGA,Pond Desilting,District Audit Unit,544771.94,46600.28,44836.66,4,Material Overbilling,Pending Recovery,172,4103,552402.48,489774.14,13,Warning Issued
Uttar Pradesh,Kanpur,GP_Kanpur_17,16-06-2023,2024-25,NSAP,Pond Desilting,SAU Team B,1072941.88,7898.36,61932.54,11,Incomplete Work,Pending Recovery,110,6176,324774.81,516478.3,13,Suspended Official
Tamil Nadu,Coimbatore,GP_Coimbatore_77,07-09-2022,2021-22,NSAP,Toilet Construction,District Audit Unit,1517322.53,118996.93,12740.94,4,No Muster Roll,Under Review,427,252,407835.59,,4,Suspended Official
Andhra Pradesh,Vijayawada,GP_Vijayawada_48,17-05-2023,2023-24,PMGSY,Toilet Construction,SAU Team A,1296878.05,56359.09,55906.99,3,Wage Delay,Pending Recovery,493,6978,966412.09,595008.27,17,FIR Filed
Maharashtra,Mumbai,GP_Mumbai_18,05-10-2022,2022-23,PMAY-G,School Building,SAU Team B,1370149.23,23077.51,25243.8,11,Ghost Beneficiary,Under Review,86,1107,365546.7,29135.65,4,No Action
Maharashtra,Pune,GP_Pune_49,05-09-2024,2024-25,NSAP,Water Tank,SAU Team B,132833.59,,18629.12,2,Material Overbilling,Closed,443,184,441561.16,196622.88,17,FIR Filed
Kerala,Ernakulam,GP_Ernakulam_28,31-03-2023,2023-24,PMGSY,Pond Desilting,SAU Team A,444440.5,104383.25,,4,Ghost Beneficiary,Pending Recovery,162,6475,878036.92,22146.74,12,No Action
Bihar,Gaya,GP_Gaya_30,14-03-2023,2022-23,PMGSY,Water Tank,SAU Team A,883438.63,146315.74,18954.67,3,Ghost Beneficiary,Under Review,417,2417,511411.93,,2,Warning Issued
Karnataka,Mysore,GP_Mysore_77,10-01-2023,2023-24,NSAP,Water Tank,SAU Team B,651704.67,,62947.29,0,Material Overbilling,Completed,349,2553,107910.78,557771.97,17,
Tamil Nadu,Coimbatore,GP_Coimbatore_77,15-02-2023,2022-23,SBM-G,Toilet Construction,District Audit Unit,201311.38,3293.03,9016.93,6,,ATR Pending,64,742,361333.43,315368.38,3,
Kerala,Thrissur,GP_Thrissur_64,28-08-2024,2022-23,PMGSY,Water Tank,SAU Team B,1289461.66,85715.8,1601.18,3,Fund Diversion,Closed,55,6804,438631.29,654126.16,12,FIR Filed
Bihar,Gaya,GP_Gaya_32,20-07-2023,2024-25,NSAP,School Building,SAU Team B,760355.75,132794.87,69154.21,8,Incomplete Work,ATR Pending,449,2304,223561.21,303655.88,22,No Action
Uttar Pradesh,Lucknow,GP_Lucknow_11,18-02-2024,2021-22,PMAY-G,Pond Desilting,SAU Team A,927555.6,130841.28,39869.72,3,Incomplete Work,Pending Recovery,321,4320,613041.89,631137.36,13,No Action
Karnataka,Bangalore,GP_Bangalore_27,18-08-2022,2024-25,MGNREGA,School Building,District Audit Unit,1952360.45,4524.21,6201.42,11,,ATR Pending,348,3226,451240.64,,15,Recovery Initiated
Andhra Pradesh,Vizag,GP_Vizag_81,10-03-2024,2024-25,PMAY-G,Pond Desilting,District Audit Unit,946709.61,,70702.96,8,Material Overbilling,ATR Pending,230,7471,900908.04,370442.32,7,Warning Issued
Uttar Pradesh,Kanpur,GP_Kanpur_56,04-03-2022,2024-25,NSAP,Toilet Construction,District Audit Unit,1206569.92,43322.51,74109.55,7,Incomplete Work,Closed,314,1996,113895.35,689317.73,10,Recovery Initiated
Karnataka,Bangalore,GP_Bangalore_72,27-10-2022,2021-22,MGNREGA,School Building,District Audit Unit,1537968.18,145405.75,76338.96,10,,Pending Recovery,123,2744,764084.03,441587.98,22,Warning Issued
Kerala,Thrissur,GP_Thrissur_42,01-07-2024,2024-25,PMGSY,Water Tank,SAU Team B,918644.44,147083.69,46588.94,3,,ATR Pending,302,6366,112343.53,785218.83,0,Warning Issued
Andhra Pradesh,Vizag,GP_Vizag_7,04-04-2024,2024-25,NSAP,Water Tank,SAU Team A,1837023.27,125863.72,53741.44,7,Incomplete Work,ATR Pending,242,7594,746924.29,,14,Recovery Initiated
Andhra Pradesh,Vizag,GP_Vizag_7,03-08-2024,2022-23,SBM-G,Pond Desilting,SAU Team B,863828.44,79549.91,40845.58,7,No Muster Roll,ATR Pending,22,6996,485749.8,310769.5,14,Recovery Initiated
Kerala,Ernakulam,GP_Ernakulam_59,12-06-2023,2023-24,PMAY-G,School Building,District Audit Unit,1907697.58,66000.95,,7,Ghost Beneficiary,Under Review,159,6640,492849.39,59100.02,18,FIR Filed
Tamil Nadu,Coimbatore,GP_Coimbatore_17,23-11-2023,2024-25,NSAP,Pond Desilting,SAU Team B,1434557.23,87185.45,44127,6,,Pending Recovery,319,2670,366482.21,796966.63,24,Suspended Official
Uttar Pradesh,Lucknow,GP_Lucknow_44,03-04-2023,2021-22,NSAP,Toilet Construction,SAU Team B,1414111.72,78477.46,26427.61,5,Material Overbilling,Under Review,367,6730,65824.81,66573.41,8,Suspended Official
Maharashtra,Pune,GP_Pune_80,11-07-2023,2022-23,MGNREGA,Road Construction,SAU Team B,1993078.48,14655.48,2248.13,6,,Closed,322,2887,698712.71,522493.46,12,Suspended Official
Maharashtra,Pune,GP_Pune_17,27-08-2022,2022-23,SBM-G,Pond Desilting,District Audit Unit,337337.89,76577.26,,1,Fund Diversion,Pending Recovery,121,5827,231347.6,428199.13,21,No Action
Rajasthan,Udaipur,GP_Udaipur_75,21-05-2022,2024-25,SBM-G,Pond Desilting,SAU Team B,1116486.77,17825.87,34705.72,0,Incomplete Work,Closed,482,2127,294101.11,374087.46,8,No Action
Uttar Pradesh,Kanpur,GP_Kanpur_11,05-07-2024,2022-23,SBM-G,School Building,District Audit Unit,815781.64,104291.84,3215.9,9,Fund Diversion,Under Review,436,948,512193.21,57330.62,8,Recovery Initiated
Andhra Pradesh,Vijayawada,GP_Vijayawada_25,06-01-2024,2021-22,MGNREGA,School Building,SAU Team A,1584000.55,23674.05,28877.55,5,,ATR Pending,223,102,443833.72,539384.88,7,FIR Filed
Uttar Pradesh,Kanpur,GP_Kanpur_75,02-01-2023,2024-25,NSAP,Road Construction,SAU Team B,328968.33,,24595.97,10,No Muster Roll,ATR Pending,443,4310,163498.01,508203.46,12,FIR Filed
Uttar Pradesh,Lucknow,GP_Lucknow_26,07-09-2024,2022-23,SBM-G,Toilet Construction,District Audit Unit,684539.68,28025.17,44769.2,2,Fund Diversion,Pending Recovery,180,1615,648174.23,507404.32,24,No Action
Tamil Nadu,Coimbatore,GP_Coimbatore_81,13-12-2023,2023-24,MGNREGA,Road Construction,SAU Team A,1864431.3,110727.26,67013.65,1,Fund Diversion,ATR Pending,488,786,597934.25,368541.32,22,FIR Filed
Rajasthan,Jaipur,GP_Jaipur_51,03-04-2023,2023-24,PMGSY,Water Tank,SAU Team A,764170.3,77914.46,66590.83,1,Ghost Beneficiary,Closed,86,684,672646.31,86303.91,18,Warning Issued
Andhra Pradesh,Vizag,GP_Vizag_49,08-08-2022,2024-25,PMGSY,Pond Desilting,District Audit Unit,1180652.46,15283.6,3834.01,10,Fund Diversion,ATR Pending,428,4443,124970.27,760677.44,14,FIR Filed
Rajasthan,Jaipur,GP_Jaipur_73,09-02-2023,2024-25,NSAP,Road Construction,District Audit Unit,1046044.46,17590.77,33387.23,4,Fund Diversion,Under Review,97,3834,905159.15,,5,No Action
Rajasthan,Jaipur,GP_Jaipur_62,11-12-2022,2023-24,MGNREGA,Water Tank,SAU Team B,1736738.25,18418.49,32573.2,3,No Muster Roll,Completed,221,7296,641367.41,,8,Warning Issued
Maharashtra,Pune,GP_Pune_14,30-04-2023,2024-25,NSAP,Pond Desilting,SAU Team B,369859.93,117025.13,,0,Incomplete Work,Under Review,477,1766,751045.55,156269.83,7,No Action
Rajasthan,Jaipur,GP_Jaipur_98,13-02-2022,2021-22,MGNREGA,Pond Desilting,SAU Team A,973460.52,79011.82,41678.76,3,Wage Delay,Pending Recovery,206,3216,62471.96,769857.87,24,Recovery Initiated
Bihar,Patna,GP_Patna_7,03-09-2022,2022-23,MGNREGA,Water Tank,District Audit Unit,1743502.03,141069.53,17423.28,0,Incomplete Work,Completed,470,1841,375606.55,108437.61,5,Warning Issued
Andhra Pradesh,Vijayawada,GP_Vijayawada_82,28-02-2023,2021-22,PMAY-G,Toilet Construction,District Audit Unit,460731.86,70162.18,24186.14,8,No Muster Roll,Pending Recovery,181,1611,398750.15,54419.67,18,
Andhra Pradesh,Vijayawada,GP_Vijayawada_25,12-05-2022,2021-22,PMGSY,Road Construction,District Audit Unit,1128019.19,32711.52,44439.49,3,No Muster Roll,Closed,50,5468,615162.57,513596.27,18,No Action
Uttar Pradesh,Lucknow,GP_Lucknow_17,10-03-2022,2023-24,PMGSY,Water Tank,District Audit Unit,1037424.27,132397.31,37925.14,3,Wage Delay,Closed,248,3044,763374.02,386421.28,3,Suspended Official
Maharashtra,Mumbai,GP_Mumbai_73,17-09-2022,2023-24,MGNREGA,Pond Desilting,District Audit Unit,182455.34,,69628.71,8,Material Overbilling,ATR Pending,236,7065,718497.7,210208.09,9,No Action
Maharashtra,Mumbai,GP_Mumbai_68,02-05-2024,2021-22,MGNREGA,School Building,SAU Team B,142427.23,84726.77,38431.77,5,Incomplete Work,ATR Pending,92,4922,551454.07,723932.82,9,Recovery Initiated
Uttar Pradesh,Kanpur,GP_Kanpur_47,19-02-2023,2021-22,PMAY-G,Toilet Construction,District Audit Unit,1284406.37,99292.44,,2,Material Overbilling,Under Review,232,1853,617207.85,159701.03,3,FIR Filed
Tamil Nadu,Coimbatore,GP_Coimbatore_67,08-10-2022,2022-23,MGNREGA,Water Tank,SAU Team A,1867060.16,114231.23,21140.79,10,No Muster Roll,ATR Pending,282,7009,686287.27,300544.3,22,Recovery Initiated
Tamil Nadu,Coimbatore,GP_Coimbatore_15,08-06-2022,2021-22,SBM-G,Road Construction,District Audit Unit,1144183.5,9790.5,42672.59,10,Incomplete Work,Under Review,121,4281,696457.36,599404.2,18,
Kerala,Ernakulam,GP_Ernakulam_37,01-07-2023,2024-25,PMAY-G,Road Construction,SAU Team B,433782.91,140540.6,75039.37,3,Fund Diversion,Completed,405,3429,80566.81,289565.52,8,Recovery Initiated
Tamil Nadu,Chennai,GP_Chennai_9,24-06-2023,2024-25,PMAY-G,Pond Desilting,SAU Team B,1308373.19,100422.11,70832.59,11,No Muster Roll,Closed,311,7047,134079.53,86684.77,12,Warning Issued
Andhra Pradesh,Vizag,GP_Vizag_57,30-01-2022,2021-22,NSAP,Water Tank,SAU Team B,631842,90478.32,42007.03,4,Wage Delay,Under Review,39,3632,114039.36,89644.02,16,Suspended Official
Maharashtra,Pune,GP_Pune_32,02-05-2022,2023-24,MGNREGA,Toilet Construction,District Audit Unit,1347743.35,71922.09,66632.14,3,No Muster Roll,Under Review,179,2341,155043.78,582795.43,11,Warning Issued
Kerala,Thrissur,GP_Thrissur_93,29-08-2023,2021-22,NSAP,Pond Desilting,SAU Team A,139788.06,123630.44,32030.45,10,Wage Delay,Pending Recovery,362,5695,948935.95,549135.17,1,Recovery Initiated
Uttar Pradesh,Lucknow,GP_Lucknow_3,19-05-2023,2024-25,PMAY-G,Water Tank,SAU Team B,1170420.28,17965.04,33036.23,3,Ghost Beneficiary,Closed,320,613,135055.98,31719.73,23,Suspended Official
Kerala,Thrissur,GP_Thrissur_4,07-05-2023,2022-23,MGNREGA,Water Tank,District Audit Unit,1215701.87,33417.74,32358.42,10,Ghost Beneficiary,Completed,283,1035,159300.45,,16,No Action
Tamil Nadu,Coimbatore,GP_Coimbatore_14,26-07-2022,2021-22,PMGSY,Pond Desilting,SAU Team B,1787557.63,65607.49,36641.91,6,Incomplete Work,Under Review,226,3783,618568.58,532045.89,7,Recovery Initiated
Maharashtra,Pune,GP_Pune_64,02-02-2024,2022-23,SBM-G,Toilet Construction,District Audit Unit,1319825,34964.11,64157.12,0,No Muster Roll,Completed,275,1326,583818.09,486497.32,24,No Action
Rajasthan,Jaipur,GP_Jaipur_60,04-07-2024,2023-24,PMAY-G,Road Construction,SAU Team B,147125.36,,46748.11,3,Fund Diversion,ATR Pending,412,7847,256475.61,480816.9,2,Recovery Initiated
Kerala,Thrissur,GP_Thrissur_63,04-04-2024,2022-23,PMAY-G,Road Construction,District Audit Unit,211333.41,105657.91,22874.2,0,Ghost Beneficiary,Closed,199,3734,727744.84,450614.39,13,Warning Issued
Maharashtra,Pune,GP_Pune_15,29-06-2024,2021-22,MGNREGA,Pond Desilting,District Audit Unit,951998.45,123199.42,51078.23,5,Ghost Beneficiary,Closed,236,1394,210897.91,31582.41,9,No Action
Karnataka,Bangalore,GP_Bangalore_47,30-03-2024,2024-25,NSAP,Water Tank,District Audit Unit,1521219.38,114524.86,53230.22,7,Wage Delay,Completed,119,5699,65609.24,403371.47,23,Warning Issued
Uttar Pradesh,Lucknow,GP_Lucknow_23,08-08-2022,2021-22,PMAY-G,Pond Desilting,District Audit Unit,807879.2,56338.33,34620.07,5,Incomplete Work,ATR Pending,149,6560,644957.2,362441.13,7,FIR Filed
Uttar Pradesh,Lucknow,GP_Lucknow_13,09-09-2024,2022-23,SBM-G,Water Tank,District Audit Unit,572297.6,4737.15,48778.51,10,Incomplete Work,Pending Recovery,104,4144,769591.74,170146.11,13,Suspended Official
Kerala,Thrissur,GP_Thrissur_53,12-12-2023,2024-25,SBM-G,Road Construction,SAU Team A,1783912.11,16694.35,573.96,6,Fund Diversion,Under Review,141,3616,308365.4,323209.82,6,Recovery Initiated
Maharashtra,Mumbai,GP_Mumbai_27,08-02-2024,2024-25,MGNREGA,Road Construction,District Audit Unit,1514737.13,12745.48,16133.71,5,Ghost Beneficiary,Under Review,56,2890,910581.68,134386.55,18,Suspended Official
Rajasthan,Udaipur,GP_Udaipur_19,29-06-2022,2021-22,PMGSY,Road Construction,SAU Team A,1578094.69,22965.38,28166.12,5,Fund Diversion,Pending Recovery,364,3443,968168.8,736532.71,0,FIR Filed
Kerala,Ernakulam,GP_Ernakulam_23,18-12-2023,2021-22,SBM-G,School Building,SAU Team A,312704.87,,65969.26,9,Fund Diversion,Completed,246,3418,776830.1,272821.38,4,Suspended Official
Bihar,Gaya,GP_Gaya_56,30-08-2024,2021-22,SBM-G,Toilet Construction,SAU Team A,144673.33,146200.78,15440.97,0,Material Overbilling,Under Review,160,1108,913082,316185.04,8,FIR Filed
Bihar,Gaya,GP_Gaya_47,20-07-2024,2022-23,PMAY-G,Road Construction,SAU Team B,668876.05,65440.33,5263.22,5,Wage Delay,Closed,237,3783,609603.02,365059.02,6,Suspended Official
Karnataka,Bangalore,GP_Bangalore_41,21-06-2024,2024-25,PMAY-G,School Building,SAU Team B,1908675.99,60227.44,44024.19,1,Ghost Beneficiary,Pending Recovery,144,620,775138,522395.68,20,Recovery Initiated
Uttar Pradesh,Kanpur,GP_Kanpur_86,28-03-2022,2024-25,NSAP,Water Tank,SAU Team B,98779.55,58700.48,8532.41,1,Wage Delay,ATR Pending,360,2068,623302.81,769598.28,3,Warning Issued
Tamil Nadu,Chennai,GP_Chennai_30,19-05-2023,2023-24,PMGSY,Road Construction,SAU Team B,116868.77,76520.78,39512.48,9,Fund Diversion,ATR Pending,208,2425,859750.2,744452.3,11,Suspended Official
Andhra Pradesh,Vijayawada,GP_Vijayawada_8,15-06-2024,2023-24,SBM-G,Toilet Construction,SAU Team A,1320403.85,16124.8,,1,,Closed,217,5235,267005.92,473309.54,24,
Kerala,Ernakulam,GP_Ernakulam_37,22-01-2024,2021-22,SBM-G,Pond Desilting,District Audit Unit,636856.94,,10482.98,7,Ghost Beneficiary,Closed,167,2003,491250.11,219001.71,8,Warning Issued
Uttar Pradesh,Kanpur,GP_Kanpur_38,05-05-2024,2021-22,MGNREGA,Water Tank,SAU Team A,1869614.94,131113.01,71857.69,9,No Muster Roll,Under Review,412,2634,207162.39,307136.72,13,No Action
Karnataka,Bangalore,GP_Bangalore_9,22-04-2022,2022-23,PMAY-G,Toilet Construction,SAU Team B,907328.68,121438.09,3187.13,8,Incomplete Work,Pending Recovery,134,7984,660842.94,126288.18,22,FIR Filed
Maharashtra,Pune,GP_Pune_77,08-03-2024,2021-22,PMAY-G,Road Construction,SAU Team A,1518238.63,5081.32,3552.2,2,Ghost Beneficiary,Closed,131,7971,371280.46,,0,No Action
Karnataka,Bangalore,GP_Bangalore_76,30-06-2022,2024-25,PMGSY,Road Construction,SAU Team A,1938948.33,4936.13,60979.74,6,Incomplete Work,Pending Recovery,31,2720,571970.37,,24,Warning Issued
Maharashtra,Pune,GP_Pune_98,26-05-2022,2022-23,PMGSY,Road Construction,SAU Team A,116244.08,36314.84,43439.07,0,Ghost Beneficiary,Closed,180,4458,171958.53,53976.45,3,Recovery Initiated
Andhra Pradesh,Vijayawada,GP_Vijayawada_53,01-05-2024,2021-22,MGNREGA,Pond Desilting,SAU Team B,1476140.24,18126.07,12228.02,5,No Muster Roll,Closed,11,3580,515087.4,788671.28,20,Warning Issued
Tamil Nadu,Chennai,GP_Chennai_92,13-02-2022,2021-22,PMAY-G,Water Tank,SAU Team A,950522.74,77542.62,39851.87,5,Wage Delay,Closed,318,2169,646782.4,484013.04,20,Recovery Initiated
Rajasthan,Udaipur,GP_Udaipur_4,03-10-2022,2021-22,PMAY-G,Pond Desilting,SAU Team A,951855.91,143123.35,24216.85,7,Fund Diversion,ATR Pending,47,819,971067.11,542372.63,10,Warning Issued
Rajasthan,Jaipur,GP_Jaipur_31,16-12-2022,2024-25,PMAY-G,Road Construction,SAU Team B,820745.49,62209.9,21226.13,10,Ghost Beneficiary,Completed,252,2804,242156.42,314143.64,1,Warning Issued
Uttar Pradesh,Lucknow,GP_Lucknow_3,21-09-2022,2021-22,MGNREGA,Road Construction,SAU Team B,1920790.72,7323.31,33547.76,11,No Muster Roll,Closed,32,6684,228875.71,605609.87,6,Warning Issued
Uttar Pradesh,Kanpur,GP_Kanpur_4,07-06-2023,2023-24,MGNREGA,School Building,SAU Team B,332924.42,140411.03,,3,Material Overbilling,ATR Pending,482,5240,742737.34,161618.23,16,Recovery Initiated
Karnataka,Bangalore,GP_Bangalore_63,20-06-2022,2023-24,PMGSY,Road Construction,SAU Team B,675718.73,145887.45,30430.31,1,,Completed,336,4352,974498.53,353805.7,19,FIR Filed
Bihar,Gaya,GP_Gaya_8,11-12-2022,2022-23,SBM-G,Road Construction,District Audit Unit,1689079.05,30290.72,3966.8,0,Material Overbilling,Pending Recovery,380,7988,695959.55,91200.61,21,FIR Filed
Bihar,Gaya,GP_Gaya_44,03-01-2024,2021-22,MGNREGA,Road Construction,SAU Team A,215220.93,4585.26,,6,Ghost Beneficiary,Under Review,148,537,133614.84,535657.5,3,
Uttar Pradesh,Kanpur,GP_Kanpur_17,16-06-2023,2024-25,NSAP,Pond Desilting,SAU Team B,1072941.88,7898.36,61932.54,11,Incomplete Work,Pending Recovery,110,6176,324774.81,516478.3,13,Suspended Official
Tamil Nadu,Coimbatore,GP_Coimbatore_26,22-08-2024,2021-22,NSAP,Road Construction,SAU Team B,1704716.2,45054.48,72794.38,11,Ghost Beneficiary,Pending Recovery,138,3338,691475.01,607112.12,2,Warning Issued
Rajasthan,Udaipur,GP_Udaipur_10,15-10-2023,2022-23,SBM-G,Water Tank,SAU Team A,949732.32,96991.09,76939.63,10,No Muster Roll,ATR Pending,107,507,105821.36,723146.38,19,FIR Filed
Kerala,Ernakulam,GP_Ernakulam_90,10-01-2022,2022-23,NSAP,Road Construction,District Audit Unit,769314.23,118794.75,53487.07,10,Incomplete Work,Completed,96,5082,157353.29,762732,11,Recovery Initiated
Maharashtra,Mumbai,GP_Mumbai_83,22-11-2022,2021-22,PMAY-G,Road Construction,SAU Team A,542262.8,131144.56,31379.85,2,,Closed,494,2441,354025.02,617830.27,6,FIR Filed
Uttar Pradesh,Lucknow,GP_Lucknow_19,27-07-2023,2023-24,PMAY-G,Water Tank,District Audit Unit,784869.17,24369.03,57155.88,7,Material Overbilling,Pending Recovery,238,736,405357.32,497443.59,4,FIR Filed
Uttar Pradesh,Lucknow,GP_Lucknow_30,11-07-2024,2021-22,NSAP,School Building,SAU Team B,78994.5,,3356.01,8,Ghost Beneficiary,Completed,21,1897,238831.6,434676.21,3,No Action
Kerala,Ernakulam,GP_Ernakulam_7,04-09-2023,2022-23,SBM-G,Pond Desilting,SAU Team A,870644.61,11080.56,74126.31,4,Ghost Beneficiary,Completed,370,7432,255812.72,,3,Recovery Initiated
Uttar Pradesh,Kanpur,GP_Kanpur_22,23-07-2024,2022-23,PMGSY,Pond Desilting,SAU Team B,693718.01,148325.64,68714.03,4,Ghost Beneficiary,Under Review,347,1819,125969.33,195520.48,6,Suspended Official
Uttar Pradesh,Kanpur,GP_Kanpur_47,06-01-2022,2024-25,MGNREGA,School Building,District Audit Unit,614988.32,83963.77,42561.08,4,Ghost Beneficiary,Under Review,360,1319,916396.02,502244.05,21,No Action
Maharashtra,Mumbai,GP_Mumbai_48,18-02-2023,2024-25,PMAY-G,Toilet Construction,District Audit Unit,117282.56,108990.71,72312.16,8,Ghost Beneficiary,Closed,189,7851,745110.54,143495.28,19,Recovery Initiated
Uttar Pradesh,Kanpur,GP_Kanpur_79,05-03-2023,2023-24,SBM-G,Pond Desilting,SAU Team A,1457292.36,132507.97,67396.17,4,No Muster Roll,Pending Recovery,64,4322,564383.63,91775.48,1,Suspended Official
Kerala,Thrissur,GP_Thrissur_67,28-04-2023,2022-23,PMGSY,Toilet Construction,SAU Team A,549170.66,53005.42,32290.84,1,Material Overbilling,Closed,203,3132,451673.98,417991.19,2,No Action
Karnataka,Mysore,GP_Mysore_54,11-12-2023,2022-23,SBM-G,Road Construction,SAU Team A,1577934.23,85840.17,30998.39,4,Incomplete Work,Under Review,383,5848,675904.43,604855.05,14,Warning Issued
Kerala,Ernakulam,GP_Ernakulam_21,03-01-2024,2024-25,SBM-G,Toilet Construction,SAU Team A,826402.14,84781.77,51251.11,9,Material Overbilling,Closed,42,2022,524517.02,112371.78,21,
Andhra Pradesh,Vijayawada,GP_Vijayawada_21,20-10-2022,2024-25,SBM-G,Water Tank,District Audit Unit,1448663.87,42647.95,25105.5,0,,Pending Recovery,315,7034,77370.59,320952.17,11,No Action
Uttar Pradesh,Kanpur,GP_Kanpur_37,13-02-2023,2022-23,MGNREGA,Water Tank,SAU Team A,1930559.05,70695.66,53202.54,11,Material Overbilling,Under Review,450,3232,199460.99,142374.7,14,FIR Filed
Karnataka,Bangalore,GP_Bangalore_59,14-01-2022,2023-24,PMAY-G,Pond Desilting,District Audit Unit,998570.89,125361.34,9459.05,1,,Pending Recovery,99,1568,674622.99,,8,FIR Filed
Bihar,Patna,GP_Patna_40,04-11-2023,2022-23,MGNREGA,Toilet Construction,District Audit Unit,764340.62,42838.15,35498.83,10,No Muster Roll,Under Review,369,523,407842.55,195005.59,4,FIR Filed
Karnataka,Bangalore,GP_Bangalore_68,05-06-2022,2021-22,PMAY-G,Toilet Construction,District Audit Unit,1064038.12,38478.06,39687.77,1,Material Overbilling,Under Review,94,2498,234245.96,655773.86,15,Recovery Initiated
Tamil Nadu,Coimbatore,GP_Coimbatore_76,01-09-2022,2023-24,PMAY-G,Pond Desilting,SAU Team B,377411.23,85175.81,60146.7,0,Fund Diversion,ATR Pending,294,4404,823479.37,737004.02,13,FIR Filed
Andhra Pradesh,Vijayawada,GP_Vijayawada_38,22-12-2023,2023-24,PMAY-G,School Building,SAU Team A,493607.24,52133.75,73469.47,0,Fund Diversion,Completed,102,5723,125349.33,290253.24,5,Suspended Official
Maharashtra,Mumbai,GP_Mumbai_45,20-01-2024,2024-25,NSAP,Water Tank,District Audit Unit,1321516.76,47552.09,2747.47,11,Material Overbilling,Pending Recovery,315,788,732244.94,637221.04,11,Recovery Initiated
Maharashtra,Mumbai,GP_Mumbai_32,13-06-2022,2024-25,SBM-G,School Building,District Audit Unit,558084.13,,3074.31,5,Incomplete Work,Under Review,209,2795,111623.15,453278.78,22,No Action
Tamil Nadu,Coimbatore,GP_Coimbatore_23,21-12-2023,2024-25,SBM-G,Road Construction,SAU Team A,574018.57,34213.33,41113.7,3,Incomplete Work,Closed,118,713,106206.47,687475.67,12,No Action
Tamil Nadu,Coimbatore,GP_Coimbatore_76,05-02-2024,2023-24,MGNREGA,Pond Desilting,SAU Team B,1825175.38,60140.81,6202.51,8,Wage Delay,ATR Pending,284,5796,942773.23,262171.11,21,
Uttar Pradesh,Kanpur,GP_Kanpur_63,01-01-2023,2021-22,MGNREGA,Road Construction,SAU Team A,1203618.68,120984.39,47365.14,11,Incomplete Work,ATR Pending,469,2593,499515.93,45423.95,18,Warning Issued
Karnataka,Mysore,GP_Mysore_36,17-09-2022,2022-23,PMAY-G,Toilet Construction,SAU Team A,1509739.48,80137.26,12996.04,8,,Under Review,461,3602,162206.64,426361.07,7,Recovery Initiated
Bihar,Gaya,GP_Gaya_60,27-07-2023,2021-22,PMGSY,Toilet Construction,District Audit Unit,1775504.54,96137.52,21228.09,3,Fund Diversion,Closed,32,7580,168806.58,646502.36,24,FIR Filed
Maharashtra,Pune,GP_Pune_18,15-06-2022,2021-22,SBM-G,Toilet Construction,SAU Team A,1981018,25693.58,9145.77,1,Incomplete Work,ATR Pending,183,6972,112263.82,252927.19,7,
Bihar,Patna,GP_Patna_51,05-06-2022,2022-23,MGNREGA,Water Tank,SAU Team B,810061.87,4248.65,48670.74,3,Fund Diversion,Closed,401,5891,622820.82,565035.49,5,Warning Issued
Kerala,Thrissur,GP_Thrissur_53,02-01-2022,2023-24,PMAY-G,Water Tank,District Audit Unit,224746.76,134434.06,29976.35,0,Ghost Beneficiary,Under Review,366,6242,682481.53,80816.6,17,Suspended Official
Karnataka,Bangalore,GP_Bangalore_46,04-05-2022,2023-24,SBM-G,Pond Desilting,SAU Team A,638586.28,111390.2,48485.18,8,No Muster Roll,Closed,265,1918,982909.15,609922.12,5,FIR Filed
Maharashtra,Mumbai,GP_Mumbai_81,05-08-2022,2023-24,SBM-G,Water Tank,District Audit Unit,1352547.47,29490.12,5532.23,7,No Muster Roll,Under Review,78,1506,968310.91,624485.68,4,FIR Filed
Bihar,Gaya,GP_Gaya_45,14-02-2022,2021-22,PMGSY,School Building,SAU Team A,860681.78,127531.65,56382.96,10,Fund Diversion,Completed,101,3647,484232.08,83848.35,5,Warning Issued
Andhra Pradesh,Vizag,GP_Vizag_64,01-03-2022,2021-22,PMAY-G,Road Construction,District Audit Unit,56976.21,,71426.45,1,No Muster Roll,Under Review,62,2154,97716.43,149062.24,17,Recovery Initiated
Andhra Pradesh,Vijayawada,GP_Vijayawada_61,06-03-2023,2023-24,NSAP,School Building,SAU Team B,877572.77,125627.9,,9,Ghost Beneficiary,ATR Pending,387,5048,414229.13,739103.44,14,
Kerala,Ernakulam,GP_Ernakulam_24,22-03-2023,2024-25,PMAY-G,Road Construction,District Audit Unit,1055220.08,2915.27,67368.69,9,Incomplete Work,Pending Recovery,234,6348,465374.24,497772.48,23,Warning Issued
Bihar,Gaya,GP_Gaya_17,29-05-2023,2021-22,SBM-G,Pond Desilting,SAU Team B,1101789.67,70937.11,27454.11,5,Wage Delay,Pending Recovery,40,2676,353480.74,743452.36,15,Warning Issued
Rajasthan,Jaipur,GP_Jaipur_13,02-11-2023,2023-24,PMGSY,School Building,SAU Team B,1182012.59,,3481.61,10,Ghost Beneficiary,Under Review,389,2873,862170.33,,5,Suspended Official
Karnataka,Mysore,GP_Mysore_62,12-10-2023,2023-24,SBM-G,Road Construction,SAU Team B,140755.97,49192.44,64407.64,4,Fund Diversion,ATR Pending,271,5452,224979.43,792236.52,6,FIR Filed
Tamil Nadu,Coimbatore,GP_Coimbatore_66,23-09-2023,2024-25,NSAP,Water Tank,SAU Team A,643280.31,94909.26,8900.9,0,Ghost Beneficiary,Completed,58,4748,513613.29,523026.37,19,Warning Issued
Tamil Nadu,Chennai,GP_Chennai_11,30-03-2023,2023-24,MGNREGA,Pond Desilting,District Audit Unit,1211184.06,55678.84,13788.95,11,Incomplete Work,Completed,280,4073,526987.81,568688.69,9,Warning Issued
Uttar Pradesh,Lucknow,GP_Lucknow_58,28-05-2022,2021-22,MGNREGA,Water Tank,SAU Team B,1161964.03,125401.05,53658.76,1,Ghost Beneficiary,ATR Pending,458,367,505550.93,621175.72,10,Suspended Official
Bihar,Gaya,GP_Gaya_99,28-04-2022,2022-23,MGNREGA,Toilet Construction,SAU Team A,238273.43,95871.71,18642.64,2,Fund Diversion,ATR Pending,279,768,346540.15,354652.73,10,Recovery Initiated
Andhra Pradesh,Vijayawada,GP_Vijayawada_6,06-07-2023,2022-23,PMAY-G,Water Tank,SAU Team A,753458.1,2747.9,10652.25,7,No Muster Roll,Closed,225,745,209210.83,537374.06,11,Suspended Official
Tamil Nadu,Chennai,GP_Chennai_76,31-03-2022,2024-25,NSAP,Toilet Construction,SAU Team A,524520.57,28097.86,60851.84,7,Material Overbilling,Under Review,120,4067,859973.62,161719.32,8,No Action
Kerala,Ernakulam,GP_Ernakulam_66,13-09-2022,2024-25,SBM-G,Road Construction,District Audit Unit,966958.17,53736.25,44375.34,0,Wage Delay,Pending Recovery,450,738,680755.48,,20,Warning Issued
Rajasthan,Jaipur,GP_Jaipur_28,17-08-2022,2023-24,NSAP,Pond Desilting,District Audit Unit,796446.02,127972.77,6624.34,5,Ghost Beneficiary,Under Review,12,2981,26781.69,154253.01,18,Recovery Initiated
Karnataka,Bangalore,GP_Bangalore_96,25-08-2022,2022-23,PMAY-G,Water Tank,SAU Team A,1482213.35,146343.51,6106.85,7,Incomplete Work,Closed,381,5353,830504.58,276146.71,4,FIR Filed
Tamil Nadu,Chennai,GP_Chennai_61,30-12-2022,2024-25,PMAY-G,School Building,SAU Team B,130375.19,11704.78,55374.38,9,No Muster Roll,Under Review,222,6587,87899.2,131983.99,17,No Action
Kerala,Thrissur,GP_Thrissur_85,31-08-2023,2022-23,SBM-G,Pond Desilting,District Audit Unit,1169203.32,143197.47,35228.74,7,No Muster Roll,Under Review,159,1102,699495.19,573019.42,11,Warning Issued
Bihar,Gaya,GP_Gaya_65,30-07-2024,2024-25,SBM-G,Water Tank,SAU Team B,1181647.77,80551.36,60081.91,0,Material Overbilling,Closed,152,1130,518248.22,156490.68,7,Recovery Initiated
Andhra Pradesh,Vizag,GP_Vizag_41,26-02-2023,2023-24,NSAP,School Building,SAU Team A,1336934.24,47744.61,3431.76,3,Fund Diversion,Closed,254,100,308837.63,222278.23,16,No Action
Kerala,Thrissur,GP_Thrissur_47,23-02-2023,2024-25,NSAP,Road Construction,SAU Team B,498667.52,48748.78,19988.49,6,Ghost Beneficiary,Closed,80,7122,599846.81,213261.13,17,
Bihar,Gaya,GP_Gaya_73,22-12-2023,2023-24,SBM-G,School Building,SAU Team A,374307.82,101680.97,50290.57,11,,Pending Recovery,30,733,46541.98,784050.04,18,Suspended Official
Rajasthan,Udaipur,GP_Udaipur_2,30-07-2023,2024-25,NSAP,School Building,District Audit Unit,1819979.79,36432.94,74731.71,4,Incomplete Work,Under Review,491,1458,445543.22,136837.61,18,FIR Filed
Tamil Nadu,Coimbatore,GP_Coimbatore_57,24-06-2023,2021-22,NSAP,Water Tank,SAU Team B,1918339.45,125599.12,,10,Fund Diversion,Pending Recovery,381,6598,352130.04,518043.91,10,FIR Filed
Kerala,Thrissur,GP_Thrissur_9,01-05-2022,2024-25,PMGSY,Pond Desilting,District Audit Unit,1809243.51,59136.96,16569.08,1,Incomplete Work,Under Review,55,1727,97835.23,688999.7,23,Suspended Official
Maharashtra,Pune,GP_Pune_25,10-08-2023,2021-22,NSAP,School Building,District Audit Unit,638113.38,132993.4,29709.04,6,,Closed,462,3987,225263.33,20662.84,9,Warning Issued
Uttar Pradesh,Lucknow,GP_Lucknow_70,01-06-2023,2022-23,PMGSY,Toilet Construction,SAU Team A,112722.28,131127.33,26948,2,Wage Delay,Completed,51,3037,760436.77,177090.2,1,Suspended Official
Andhra Pradesh,Vizag,GP_Vizag_12,12-01-2022,2021-22,SBM-G,Toilet Construction,SAU Team A,1286551.18,,,9,Ghost Beneficiary,Pending Recovery,109,499,162093.1,492302.36,20,Recovery Initiated
Karnataka,Mysore,GP_Mysore_25,24-08-2023,2023-24,SBM-G,School Building,SAU Team B,386008.08,19281.89,79181.95,0,Wage Delay,Under Review,94,5543,543700.21,117668.37,0,Recovery Initiated
Uttar Pradesh,Lucknow,GP_Lucknow_52,23-11-2022,2022-23,NSAP,Road Construction,SAU Team A,304765.22,65594.4,30475.66,11,Incomplete Work,Completed,381,5758,247047.35,386073.69,15,Suspended Official
Karnataka,Mysore,GP_Mysore_46,22-04-2022,2023-24,NSAP,Road Construction,SAU Team A,65662.13,849.45,33752.44,0,Ghost Beneficiary,Completed,126,2700,931332.97,521891.8,19,FIR Filed
Tamil Nadu,Chennai,GP_Chennai_26,31-12-2023,2021-22,SBM-G,School Building,SAU Team B,1691845.63,105623.21,61333.8,6,Wage Delay,Pending Recovery,336,3241,932889.24,282914.8,15,
Maharashtra,Mumbai,GP_Mumbai_94,14-08-2023,2022-23,NSAP,Road Construction,District Audit Unit,1005292.8,33714.62,55518.97,8,Fund Diversion,Completed,443,7604,922203.76,667059.69,9,FIR Filed
Uttar Pradesh,Kanpur,GP_Kanpur_94,05-09-2022,2022-23,PMGSY,Pond Desilting,SAU Team A,967654.04,129375.16,52426.09,9,No Muster Roll,ATR Pending,467,7203,975130.65,,8,No Action
Tamil Nadu,Coimbatore,GP_Coimbatore_13,14-12-2022,2024-25,SBM-G,Road Construction,District Audit Unit,1096957.48,134135.67,2782.8,0,Incomplete Work,ATR Pending,216,6169,754963.47,525938.93,2,No Action
Andhra Pradesh,Vizag,GP_Vizag_68,25-12-2023,2023-24,PMAY-G,Water Tank,SAU Team B,1039113.23,149612.24,56638.44,6,Ghost Beneficiary,Pending Recovery,298,5627,854826.89,393651.58,24,FIR Filed
Kerala,Ernakulam,GP_Ernakulam_41,26-04-2023,2021-22,PMAY-G,Water Tank,SAU Team A,579512.3,24266,34654.16,11,Fund Diversion,Pending Recovery,63,1950,333825.44,28028.38,3,Suspended Official
Tamil Nadu,Coimbatore,GP_Coimbatore_62,24-02-2023,2022-23,PMGSY,School Building,SAU Team B,1425444.86,93883,26060.79,5,No Muster Roll,ATR Pending,53,5073,825433.93,284357.8,5,No Action
Kerala,Ernakulam,GP_Ernakulam_99,30-06-2024,2024-25,SBM-G,Pond Desilting,District Audit Unit,1853035.67,37867.13,44751.62,5,No Muster Roll,Completed,358,367,422109.24,753897.76,23,No Action
Tamil Nadu,Chennai,GP_Chennai_32,22-05-2023,2024-25,SBM-G,Pond Desilting,SAU Team A,1653171.46,32874.23,60436.94,3,Material Overbilling,Completed,36,4844,191860.45,594249.54,18,Warning Issued
Bihar,Patna,GP_Patna_47,27-08-2022,2021-22,NSAP,Road Construction,SAU Team A,796448.9,34438.1,,2,Incomplete Work,Pending Recovery,332,3331,600162.92,408195.69,9,FIR Filed
Tamil Nadu,Coimbatore,GP_Coimbatore_65,13-06-2023,2024-25,PMAY-G,Road Construction,SAU Team B,1994548.79,,,0,Ghost Beneficiary,ATR Pending,191,6637,146472.32,264713.51,15,FIR Filed
Bihar,Patna,GP_Patna_87,25-07-2023,2022-23,MGNREGA,Pond Desilting,District Audit Unit,1014465.65,10937.55,8319.65,1,,Completed,16,5547,262593.4,537573.51,23,Suspended Official
Rajasthan,Jaipur,GP_Jaipur_23,25-02-2023,2022-23,NSAP,Toilet Construction,SAU Team A,200212.4,111696.12,36978.48,6,Incomplete Work,Under Review,57,6765,269984.7,414660.54,0,Recovery Initiated
Maharashtra,Mumbai,GP_Mumbai_39,03-04-2022,2023-24,MGNREGA,Pond Desilting,SAU Team B,767570.9,43350.95,34496.03,1,Incomplete Work,Closed,243,1272,526425.42,,15,Warning Issued
Rajasthan,Udaipur,GP_Udaipur_92,19-02-2024,2022-23,MGNREGA,Water Tank,SAU Team B,1223610.08,131056.38,67360.62,6,No Muster Roll,ATR Pending,245,2090,664523.89,,2,No Action
Rajasthan,Jaipur,GP_Jaipur_26,06-03-2024,2022-23,SBM-G,Water Tank,District Audit Unit,513347.69,10066.27,7020.48,5,No Muster Roll,ATR Pending,119,3136,253325.44,549603.77,13,Suspended Official
Maharashtra,Pune,GP_Pune_51,22-07-2023,2022-23,PMAY-G,Pond Desilting,SAU Team A,704304.84,,1371.85,3,Incomplete Work,Completed,46,2186,655963.1,168630.63,0,FIR Filed
Rajasthan,Udaipur,GP_Udaipur_57,14-05-2024,2022-23,NSAP,Water Tank,SAU Team A,795123.99,39907.79,8591.87,5,Incomplete Work,ATR Pending,166,3974,948704.12,,24,No Action
Karnataka,Bangalore,GP_Bangalore_40,08-11-2023,2021-22,PMGSY,Pond Desilting,District Audit Unit,1870082.22,15976.75,5951.65,11,Fund Diversion,Under Review,487,5317,744817.8,157340.28,5,Warning Issued
Kerala,Thrissur,GP_Thrissur_1,12-01-2024,2021-22,MGNREGA,Water Tank,District Audit Unit,1034052.75,68109.3,53055.67,0,Incomplete Work,Under Review,408,6535,420846.58,290811.82,15,No Action
Tamil Nadu,Chennai,GP_Chennai_17,18-02-2023,2023-24,SBM-G,School Building,SAU Team A,312585.36,32022.69,52258.5,4,Material Overbilling,Closed,123,997,153954.55,761785.51,20,No Action
Andhra Pradesh,Vijayawada,GP_Vijayawada_52,19-02-2023,2024-25,PMGSY,Road Construction,SAU Team B,489880.89,66693.79,27549.35,5,Ghost Beneficiary,Under Review,146,5836,207831.1,120865.73,14,Recovery Initiated
Tamil Nadu,Chennai,GP_Chennai_61,12-03-2024,2021-22,MGNREGA,Water Tank,District Audit Unit,1631656.78,104345.89,64549.71,3,,Closed,288,1045,845099.86,23976.62,12,Recovery Initiated
Maharashtra,Mumbai,GP_Mumbai_15,21-05-2024,2022-23,NSAP,Toilet Construction,SAU Team B,1049325.67,65263.64,21758.99,8,Wage Delay,Pending Recovery,218,5875,302283.13,540035.33,9,Recovery Initiated
Maharashtra,Pune,GP_Pune_82,12-04-2024,2022-23,SBM-G,Road Construction,SAU Team A,1721789.26,100560.43,56251.08,9,No Muster Roll,Closed,227,6404,487535.63,383336.57,8,Suspended Official
Rajasthan,Udaipur,GP_Udaipur_55,15-03-2024,2021-22,NSAP,Road Construction,SAU Team A,527437.12,138612.29,43391.52,5,Incomplete Work,ATR Pending,384,4546,663236.53,748101.16,16,Suspended Official
Karnataka,Mysore,GP_Mysore_79,05-02-2023,2021-22,PMGSY,Road Construction,SAU Team A,1459684.35,141684.06,43226.15,11,Material Overbilling,Under Review,293,1118,432030.4,264533.59,21,Warning Issued
Maharashtra,Pune,GP_Pune_58,30-03-2023,2021-22,SBM-G,School Building,SAU Team A,1921561.21,56555.32,55476.93,4,No Muster Roll,ATR Pending,147,2415,420538.27,299261.24,12,Recovery Initiated
Uttar Pradesh,Lucknow,GP_Lucknow_15,18-03-2023,2023-24,SBM-G,Water Tank,SAU Team A,260318.76,37883.18,14255.71,4,,Closed,383,7990,316127.84,47056.06,12,Warning Issued
Kerala,Thrissur,GP_Thrissur_93,17-03-2022,2022-23,PMAY-G,Road Construction,SAU Team B,1575075.53,100916,29881.77,11,Incomplete Work,ATR Pending,281,5618,820562.58,642268.92,7,FIR Filed
Kerala,Thrissur,GP_Thrissur_86,05-06-2024,2021-22,PMGSY,Pond Desilting,SAU Team A,1984646.62,,24736.62,5,Material Overbilling,Completed,81,836,617226.8,662604.84,18,Warning Issued
Uttar Pradesh,Lucknow,GP_Lucknow_2,01-07-2024,2021-22,PMGSY,Toilet Construction,SAU Team B,406701.8,85190.48,13786.23,8,Ghost Beneficiary,Pending Recovery,247,2682,552561.09,387265.02,8,FIR Filed
Uttar Pradesh,Kanpur,GP_Kanpur_61,17-05-2024,2023-24,PMGSY,Water Tank,SAU Team A,1028924.62,79386.76,33274.61,7,Wage Delay,Pending Recovery,258,358,540740.51,730158.61,18,FIR Filed
Bihar,Gaya,GP_Gaya_60,27-07-2023,2021-22,PMGSY,Toilet Construction,District Audit Unit,1775504.54,96137.52,21228.09,3,Fund Diversion,Closed,32,7580,168806.58,646502.36,24,FIR Filed
Tamil Nadu,Coimbatore,GP_Coimbatore_35,19-09-2022,2024-25,NSAP,School Building,District Audit Unit,287023.98,70879.6,9157.17,10,Ghost Beneficiary,Completed,238,128,763742.62,367287.58,20,Warning Issued
Kerala,Ernakulam,GP_Ernakulam_5,22-09-2023,2023-24,PMAY-G,Road Construction,SAU Team B,436795.11,,47235.74,1,Fund Diversion,Under Review,105,7842,193622.11,702154.04,13,Warning Issued
Karnataka,Mysore,GP_Mysore_98,30-07-2024,2023-24,NSAP,Road Construction,District Audit Unit,1742530.67,50416.27,51608.26,11,Incomplete Work,Closed,154,6601,669167.43,358394.42,0,Recovery Initiated
Maharashtra,Mumbai,GP_Mumbai_38,04-02-2023,2024-25,MGNREGA,School Building,SAU Team B,561797.61,66843.1,29295.75,7,,Under Review,184,4598,355988.2,570649.04,11,Warning Issued
Tamil Nadu,Chennai,GP_Chennai_82,01-02-2022,2022-23,PMAY-G,School Building,District Audit Unit,897125.36,38962.64,16533.84,10,No Muster Roll,Completed,13,4083,473587.86,,4,No Action
Karnataka,Bangalore,GP_Bangalore_51,31-03-2023,2021-22,SBM-G,Pond Desilting,District Audit Unit,888862.44,58184.84,29137.91,5,No Muster Roll,Closed,412,3877,531729.35,78081.27,23,Warning Issued
Uttar Pradesh,Lucknow,GP_Lucknow_57,11-02-2022,2021-22,PMAY-G,Road Construction,SAU Team A,599069.86,83968.03,70524.5,7,Material Overbilling,Closed,240,2915,91359.16,354408.39,15,Warning Issued
Kerala,Ernakulam,GP_Ernakulam_54,06-07-2022,2022-23,PMGSY,Toilet Construction,SAU Team B,926693.87,,17656.03,7,Material Overbilling,ATR Pending,108,1752,178552.81,232255.24,24,FIR Filed
Maharashtra,Pune,GP_Pune_33,14-07-2024,2024-25,NSAP,Road Construction,SAU Team B,1029488.35,745.87,45211.68,1,Incomplete Work,ATR Pending,44,2815,57582.07,291617.75,4,Suspended Official
Bihar,Gaya,GP_Gaya_87,13-07-2024,2021-22,NSAP,Road Construction,SAU Team A,155298.62,118694.66,28689.87,3,No Muster Roll,Pending Recovery,456,6326,169847.34,36538.62,14,FIR Filed
Uttar Pradesh,Lucknow,GP_Lucknow_13,14-01-2024,2024-25,NSAP,Road Construction,District Audit Unit,1419559.95,100151.09,41073.83,1,Ghost Beneficiary,Closed,137,7918,819436.56,576565.4,24,Warning Issued
Bihar,Patna,GP_Patna_7,09-04-2024,2022-23,MGNREGA,Toilet Construction,District Audit Unit,1110407.06,57616.02,63440.99,9,Incomplete Work,ATR Pending,85,2615,932215.77,259201.13,23,Suspended Official
Karnataka,Bangalore,GP_Bangalore_81,08-02-2023,2024-25,MGNREGA,Water Tank,SAU Team A,1394789.7,58793.42,,1,Wage Delay,Completed,188,7500,666356.06,176979.65,1,Warning Issued
Bihar,Gaya,GP_Gaya_6,13-04-2023,2024-25,SBM-G,School Building,District Audit Unit,259744.71,47664.08,22851.91,6,No Muster Roll,Under Review,40,7455,406211.78,192374.31,20,
Kerala,Thrissur,GP_Thrissur_9,19-02-2024,2024-25,PMAY-G,Road Construction,District Audit Unit,333708.32,33966.56,20621.27,7,No Muster Roll,Closed,134,2683,326039.86,358289.17,11,
Uttar Pradesh,Kanpur,GP_Kanpur_98,21-07-2023,2024-25,SBM-G,Road Construction,District Audit Unit,383177.39,93885.03,37834.15,8,No Muster Roll,Closed,44,3934,660657.85,124048,16,Warning Issued
Rajasthan,Jaipur,GP_Jaipur_88,20-07-2024,2023-24,PMGSY,School Building,District Audit Unit,473586.99,17830.67,62880.04,1,No Muster Roll,Closed,38,7399,896589.05,163283.66,9,FIR Filed
Kerala,Thrissur,GP_Thrissur_29,06-07-2022,2022-23,PMGSY,Pond Desilting,SAU Team B,1799242.41,27094.08,75108.78,5,Fund Diversion,Completed,150,7300,117870.01,567603.25,11,Warning Issued
Tamil Nadu,Chennai,GP_Chennai_54,01-01-2023,2023-24,SBM-G,Pond Desilting,SAU Team A,208783.99,44414.19,47708.78,5,Ghost Beneficiary,Completed,44,7180,97452.02,402971.97,22,Suspended Official
Andhra Pradesh,Vizag,GP_Vizag_98,27-01-2024,2021-22,SBM-G,Pond Desilting,District Audit Unit,1292036.92,15360.05,50086.18,1,Incomplete Work,ATR Pending,44,2223,934743.2,127093.1,15,Warning Issued
Tamil Nadu,Coimbatore,GP_Coimbatore_78,07-03-2023,2021-22,NSAP,Toilet Construction,District Audit Unit,1259061.63,80879.9,55073.71,1,Material Overbilling,Closed,194,3770,985003.44,68463.61,24,Warning Issued
Maharashtra,Pune,GP_Pune_87,27-12-2023,2022-23,NSAP,School Building,District Audit Unit,912893.49,,,10,Fund Diversion,ATR Pending,146,2133,635645.88,233922.23,19,No Action
Karnataka,Mysore,GP_Mysore_62,24-08-2023,2022-23,NSAP,Road Construction,SAU Team A,1577281.84,110122.51,,10,Material Overbilling,Under Review,300,5863,371627.8,689225.93,22,Warning Issued
Kerala,Ernakulam,GP_Ernakulam_41,20-08-2024,2022-23,MGNREGA,School Building,District Audit Unit,708429.53,89737.32,23618.26,11,Material Overbilling,Completed,164,4978,535351.16,660340.36,0,Suspended Official
Tamil Nadu,Coimbatore,GP_Coimbatore_83,26-06-2023,2023-24,SBM-G,Road Construction,SAU Team A,1445141.06,,13951.06,10,No Muster Roll,Under Review,276,6264,116161.92,58211.89,15,Recovery Initiated
Rajasthan,Udaipur,GP_Udaipur_81,18-05-2022,2024-25,NSAP,Road Construction,SAU Team A,652144.46,125719.88,77054.83,9,Fund Diversion,Under Review,397,5450,136625.28,,11,
Maharashtra,Mumbai,GP_Mumbai_27,27-06-2022,2022-23,PMAY-G,School Building,District Audit Unit,1604452.46,126654.82,57215.35,2,Ghost Beneficiary,ATR Pending,459,2978,736917.71,10862.32,7,FIR Filed
Bihar,Patna,GP_Patna_54,25-12-2023,2024-25,PMGSY,School Building,District Audit Unit,931455.72,40201.35,,11,Wage Delay,Completed,417,3727,819189.73,789596.04,22,No Action
Rajasthan,Jaipur,GP_Jaipur_40,30-05-2024,2022-23,PMGSY,School Building,SAU Team B,837957.03,128133.05,11024.24,3,Wage Delay,Closed,281,5268,942178.95,644031.81,19,Recovery Initiated
Rajasthan,Jaipur,GP_Jaipur_39,26-07-2024,2022-23,PMAY-G,Road Construction,SAU Team A,1311977.16,,58799.72,8,Material Overbilling,Completed,439,7925,311659.2,372462.21,14,Warning Issued
Maharashtra,Mumbai,GP_Mumbai_73,26-05-2024,2023-24,MGNREGA,Pond Desilting,SAU Team A,670714.64,16935.48,,1,Wage Delay,Closed,144,479,792560.85,470803.68,5,Recovery Initiated
Andhra Pradesh,Vizag,GP_Vizag_14,31-07-2024,2024-25,PMAY-G,School Building,District Audit Unit,91324.88,11273.78,65234.36,0,Fund Diversion,Closed,279,4986,467324.34,,1,
Tamil Nadu,Coimbatore,GP_Coimbatore_78,04-07-2024,2024-25,MGNREGA,School Building,District Audit Unit,709379.9,27629.48,67060.35,10,Ghost Beneficiary,ATR Pending,51,6347,639285.8,388001.09,5,No Action
Tamil Nadu,Coimbatore,GP_Coimbatore_49,16-03-2022,2023-24,MGNREGA,Water Tank,SAU Team B,600345.76,45189.51,78864.31,7,Material Overbilling,Closed,495,3726,432663.43,,24,Warning Issued
Rajasthan,Udaipur,GP_Udaipur_35,03-08-2022,2023-24,PMAY-G,School Building,SAU Team B,1736295.63,149212.06,52283.37,7,Material Overbilling,Pending Recovery,402,2132,997997.58,208163.49,13,No Action
Maharashtra,Pune,GP_Pune_78,28-03-2022,2023-24,MGNREGA,Toilet Construction,District Audit Unit,585181.5,63695.61,45678.21,2,No Muster Roll,Completed,471,2013,128135.38,,20,No Action
Maharashtra,Mumbai,GP_Mumbai_48,10-09-2022,2024-25,PMGSY,School Building,District Audit Unit,1193934.96,95768.47,52012.5,5,,ATR Pending,402,4653,528594.38,156888.17,14,Recovery Initiated
Rajasthan,Jaipur,GP_Jaipur_69,05-02-2022,2021-22,PMGSY,School Building,District Audit Unit,1284483.79,,66346.2,11,Wage Delay,Under Review,306,3974,725540.85,533325.82,11,No Action
Tamil Nadu,Chennai,GP_Chennai_57,09-03-2023,2022-23,PMAY-G,Water Tank,District Audit Unit,91286.11,,50290.84,2,Ghost Beneficiary,Under Review,200,4432,541107.88,495923.76,19,FIR Filed
Maharashtra,Mumbai,GP_Mumbai_81,02-07-2022,2023-24,NSAP,School Building,SAU Team A,333367.09,102740.51,45862.93,3,Wage Delay,Closed,129,2546,950105.08,568692.86,24,Recovery Initiated
Karnataka,Bangalore,GP_Bangalore_23,18-09-2024,2021-22,PMAY-G,Pond Desilting,District Audit Unit,728626.04,83066.48,11742.46,3,,Completed,295,7237,525975.78,,22,Suspended Official
Maharashtra,Mumbai,GP_Mumbai_92,20-06-2022,2021-22,PMAY-G,Water Tank,SAU Team A,1921166.55,127410.64,51610.96,3,Incomplete Work,Under Review,86,4237,97375.73,16686.89,24,Recovery Initiated
Rajasthan,Udaipur,GP_Udaipur_84,05-01-2024,2024-25,PMGSY,Road Construction,SAU Team A,668840.46,74505.92,64078.87,11,No Muster Roll,ATR Pending,393,4048,773478.17,,16,
Karnataka,Bangalore,GP_Bangalore_74,04-06-2024,2022-23,SBM-G,School Building,SAU Team A,1026830.45,,61500.56,6,,ATR Pending,164,2094,478219.54,170534,10,FIR Filed
Bihar,Gaya,GP_Gaya_61,03-03-2023,2024-25,MGNREGA,School Building,District Audit Unit,1720063.94,86596.74,20277.55,5,No Muster Roll,Closed,292,1686,369078.87,600183.51,12,Recovery Initiated
Tamil Nadu,Chennai,GP_Chennai_29,11-08-2022,2023-24,PMGSY,School Building,District Audit Unit,243496.35,92508.62,14031.09,2,Ghost Beneficiary,Under Review,327,6209,822179.25,599313.78,4,No Action
Rajasthan,Udaipur,GP_Udaipur_13,26-03-2023,2022-23,SBM-G,Road Construction,SAU Team A,1167404.52,108445.58,,5,,Pending Recovery,215,722,79203.75,,22,
Uttar Pradesh,Kanpur,GP_Kanpur_86,30-08-2024,2021-22,PMGSY,Road Construction,SAU Team A,1972323.3,127082.43,49309.59,10,,Under Review,349,2633,941608.46,327714.64,23,Suspended Official
Bihar,Gaya,GP_Gaya_33,10-01-2023,2021-22,NSAP,Toilet Construction,SAU Team A,851297.06,126998.24,48179.67,2,Ghost Beneficiary,ATR Pending,73,762,194605.24,375056.49,22,No Action
Karnataka,Bangalore,GP_Bangalore_50,06-11-2023,2022-23,PMAY-G,Water Tank,District Audit Unit,299197.3,88866.48,8000.99,11,Incomplete Work,ATR Pending,262,4590,360675.25,85721.21,14,
Bihar,Patna,GP_Patna_75,03-06-2024,2022-23,SBM-G,Road Construction,District Audit Unit,1036632.85,121798.2,73661.39,4,Fund Diversion,Under Review,348,2620,449731.22,542908.44,4,No Action
Bihar,Gaya,GP_Gaya_28,18-04-2024,2023-24,SBM-G,School Building,SAU Team A,1664716.11,141975.36,30952.67,2,Ghost Beneficiary,Under Review,473,1734,377544.24,525577.41,16,FIR Filed
Tamil Nadu,Chennai,GP_Chennai_7,26-02-2023,2021-22,PMGSY,School Building,District Audit Unit,144130.18,62962.05,13455.26,2,Wage Delay,Pending Recovery,42,3512,796680.44,539175.58,2,Warning Issued
Maharashtra,Pune,GP_Pune_49,05-09-2024,2024-25,NSAP,Water Tank,SAU Team B,132833.59,,18629.12,2,Material Overbilling,Closed,443,184,441561.16,196622.88,17,FIR Filed
Rajasthan,Jaipur,GP_Jaipur_30,13-11-2022,2022-23,PMGSY,Toilet Construction,SAU Team B,1107298.56,86945.92,15260.03,6,Ghost Beneficiary,Closed,364,642,65504.98,121672.22,24,Suspended Official
Karnataka,Mysore,GP_Mysore_92,23-03-2022,2021-22,MGNREGA,Water Tank,District Audit Unit,1589025.39,95104.56,8225.62,2,Ghost Beneficiary,ATR Pending,331,7375,419196.88,48324.38,16,FIR Filed
Tamil Nadu,Chennai,GP_Chennai_86,15-05-2023,2023-24,PMAY-G,Road Construction,District Audit Unit,1939399.6,,3859.53,7,Wage Delay,ATR Pending,449,3266,103331.8,427038.14,14,Recovery Initiated
Maharashtra,Pune,GP_Pune_17,14-03-2023,2024-25,PMAY-G,Pond Desilting,SAU Team B,409286.48,118975.62,71240.2,9,Incomplete Work,Closed,468,2190,318168.22,648390.77,2,Suspended Official
Tamil Nadu,Coimbatore,GP_Coimbatore_82,03-08-2024,2024-25,PMAY-G,School Building,District Audit Unit,1452115.01,144111.02,65702.01,1,Ghost Beneficiary,Closed,363,2604,255639.16,281821.18,17,No Action
Rajasthan,Udaipur,GP_Udaipur_66,13-07-2022,2021-22,SBM-G,Toilet Construction,SAU Team B,727948.06,85515.49,,6,No Muster Roll,Under Review,363,6605,300498.64,,21,Recovery Initiated
Tamil Nadu,Coimbatore,GP_Coimbatore_5,19-01-2023,2022-23,NSAP,Road Construction,District Audit Unit,787479.63,95248.45,35408.4,9,Material Overbilling,Completed,333,1333,813068.16,617611.83,14,FIR Filed
Maharashtra,Mumbai,GP_Mumbai_86,16-03-2024,2024-25,PMGSY,School Building,District Audit Unit,1413395.99,135411.07,15549.53,10,,Closed,191,4785,661957.84,771513.6,9,FIR Filed
Rajasthan,Udaipur,GP_Udaipur_83,20-11-2022,2022-23,MGNREGA,Pond Desilting,SAU Team A,1636960.51,47864.99,,5,Fund Diversion,Under Review,262,202,335442.06,10087.08,14,Suspended Official
Maharashtra,Pune,GP_Pune_32,01-05-2024,2024-25,PMAY-G,Road Construction,District Audit Unit,204302.11,55061.24,19818.42,1,Incomplete Work,Completed,321,2475,903291.31,174465.38,9,Warning Issued
Rajasthan,Jaipur,GP_Jaipur_66,03-08-2023,2021-22,MGNREGA,Water Tank,District Audit Unit,868102.31,146555.81,1407.4,1,Incomplete Work,Under Review,420,3298,144033.72,434124.35,11,FIR Filed
Maharashtra,Mumbai,GP_Mumbai_28,06-05-2024,2022-23,PMAY-G,Pond Desilting,SAU Team B,1069259.67,145676.16,19709.71,7,,ATR Pending,149,4309,286218.29,189525.99,18,No Action
Andhra Pradesh,Vijayawada,GP_Vijayawada_46,15-05-2023,2024-25,MGNREGA,Pond Desilting,District Audit Unit,99879.02,77434.65,,2,,Pending Recovery,340,3262,972405.25,228821.93,5,Suspended Official
Andhra Pradesh,Vizag,GP_Vizag_90,30-11-2023,2023-24,NSAP,Water Tank,District Audit Unit,932897.85,4768.37,,4,Incomplete Work,Completed,369,7147,951611.98,637202.55,9,FIR Filed
Bihar,Gaya,GP_Gaya_74,30-04-2023,2022-23,PMAY-G,Road Construction,SAU Team B,1067656.47,,59673.77,1,Ghost Beneficiary,Pending Recovery,401,7466,622988.24,389469.85,13,Suspended Official
Bihar,Patna,GP_Patna_20,20-05-2024,2022-23,PMGSY,School Building,District Audit Unit,1384245.99,30746.99,53119.68,6,,ATR Pending,63,5338,360489.6,334373.54,20,Suspended Official
Bihar,Gaya,GP_Gaya_25,15-09-2022,2024-25,PMAY-G,Water Tank,SAU Team A,1875488.8,32514.58,25677.82,0,,Pending Recovery,92,6022,969042.57,429202.11,5,Suspended Official
Rajasthan,Jaipur,GP_Jaipur_86,23-04-2024,2023-24,SBM-G,Toilet Construction,SAU Team B,1389427.85,128497.95,4948.91,10,Incomplete Work,ATR Pending,148,5744,997171.36,139126.38,18,No Action
Uttar Pradesh,Kanpur,GP_Kanpur_39,25-01-2022,2024-25,PMGSY,School Building,SAU Team B,1918065,113278.09,74870.08,8,No Muster Roll,Pending Recovery,12,3062,585633.65,194067.62,23,Recovery Initiated
Uttar Pradesh,Kanpur,GP_Kanpur_29,08-09-2023,2022-23,PMGSY,Pond Desilting,District Audit Unit,1995219.03,36773.09,18787.22,2,Incomplete Work,Closed,434,2570,600738.54,206929.51,5,No Action
Rajasthan,Jaipur,GP_Jaipur_40,22-02-2024,2024-25,MGNREGA,Road Construction,SAU Team B,1440777.06,,43031.29,7,Wage Delay,Under Review,483,313,411289.88,403428.21,4,FIR Filed
Rajasthan,Jaipur,GP_Jaipur_94,03-12-2022,2022-23,NSAP,Pond Desilting,SAU Team A,549162.48,84750,,8,,ATR Pending,73,7595,549782.76,411914.94,15,FIR Filed
Karnataka,Bangalore,GP_Bangalore_69,11-01-2024,2022-23,SBM-G,School Building,District Audit Unit,422350.27,39042.48,32483.51,9,Ghost Beneficiary,ATR Pending,211,6391,851614.47,34512.47,3,Recovery Initiated
Kerala,Thrissur,GP_Thrissur_39,14-07-2022,2022-23,PMGSY,Toilet Construction,District Audit Unit,1335781.62,61008.62,77318.28,7,Fund Diversion,Pending Recovery,262,604,140329.1,,16,FIR Filed
Bihar,Patna,GP_Patna_15,22-02-2024,2022-23,MGNREGA,Toilet Construction,SAU Team B,1692792.57,64886.14,,8,Ghost Beneficiary,Completed,51,3247,549291.55,788756.41,6,FIR Filed
Tamil Nadu,Coimbatore,GP_Coimbatore_51,21-04-2022,2022-23,SBM-G,School Building,District Audit Unit,1849217.87,95949.3,36986.87,6,Incomplete Work,ATR Pending,141,2601,909356.22,370292.31,10,No Action
Kerala,Thrissur,GP_Thrissur_33,30-06-2022,2022-23,PMAY-G,Road Construction,SAU Team A,1218885.36,64754.62,66170.02,4,Ghost Beneficiary,Completed,143,5688,237570.32,364523.47,22,
Tamil Nadu,Chennai,GP_Chennai_35,15-03-2023,2021-22,PMAY-G,Water Tank,District Audit Unit,514661.16,70007.3,67063.3,10,Material Overbilling,ATR Pending,357,7207,984576.07,224028.07,10,No Action
Andhra Pradesh,Vijayawada,GP_Vijayawada_65,09-04-2024,2021-22,NSAP,Pond Desilting,District Audit Unit,1767069.27,85130.37,13684.81,0,Ghost Beneficiary,Closed,187,2287,527065.91,666953.32,19,
Andhra Pradesh,Vijayawada,GP_Vijayawada_38,08-07-2024,2023-24,PMGSY,Water Tank,SAU Team B,1268787.94,134337.48,75058.83,1,Wage Delay,Under Review,98,3673,350582.2,428387.83,3,Recovery Initiated
Andhra Pradesh,Vijayawada,GP_Vijayawada_64,25-08-2022,2021-22,SBM-G,Water Tank,District Audit Unit,1370347.49,137383.6,62479.68,6,Material Overbilling,ATR Pending,185,3172,399484.99,338963.33,14,FIR Filed
Tamil Nadu,Coimbatore,GP_Coimbatore_49,24-05-2023,2021-22,PMAY-G,Pond Desilting,SAU Team A,1307435.26,12031.16,69494.38,3,Fund Diversion,Completed,186,1394,469100.17,511854.72,18,Recovery Initiated
Kerala,Thrissur,GP_Thrissur_87,16-06-2024,2021-22,PMAY-G,Water Tank,SAU Team A,1012466.95,130624.89,77721.68,6,No Muster Roll,Under Review,356,6889,979679.31,176361.28,21,FIR Filed
Uttar Pradesh,Kanpur,GP_Kanpur_78,21-12-2023,2021-22,SBM-G,School Building,SAU Team B,797752.53,50354.12,55469.01,2,Incomplete Work,Completed,327,2773,419906.84,639773.8,12,No Action
Andhra Pradesh,Vizag,GP_Vizag_86,16-09-2023,2021-22,SBM-G,School Building,SAU Team A,233630.91,39058.95,72272.02,9,Wage Delay,Pending Recovery,105,7229,922097.63,453721.64,17,FIR Filed
Tamil Nadu,Chennai,GP_Chennai_11,07-02-2024,2023-24,SBM-G,Pond Desilting,SAU Team A,1255185.17,10450.93,46002.04,1,Ghost Beneficiary,ATR Pending,20,7089,730718.7,378897.06,0,Suspended Official
Bihar,Patna,GP_Patna_80,02-06-2024,2023-24,SBM-G,Water Tank,SAU Team A,907948.85,123538.47,16919.26,4,Material Overbilling,ATR Pending,493,6006,428489.97,607910.92,3,FIR Filed
Karnataka,Mysore,GP_Mysore_79,05-02-2023,2021-22,PMGSY,Road Construction,SAU Team A,1459684.35,141684.06,43226.15,11,Material Overbilling,Under Review,293,1118,432030.4,264533.59,21,Warning Issued
Tamil Nadu,Coimbatore,GP_Coimbatore_41,26-04-2022,2022-23,NSAP,Water Tank,SAU Team B,1967006.87,148662.8,46609.79,6,Ghost Beneficiary,Completed,153,1383,307966.06,,8,No Action
Uttar Pradesh,Kanpur,GP_Kanpur_9,01-09-2024,2022-23,NSAP,Water Tank,District Audit Unit,681076.79,2864.89,,8,Incomplete Work,Pending Recovery,41,6358,916185.6,510270.44,8,No Action
Maharashtra,Pune,GP_Pune_47,25-01-2023,2021-22,PMAY-G,Road Construction,SAU Team A,684181.32,18983.45,23411.01,1,Wage Delay,Closed,274,4700,360853.46,249144.11,12,No Action
Rajasthan,Jaipur,GP_Jaipur_68,12-10-2023,2022-23,PMAY-G,Toilet Construction,SAU Team A,883446.16,26008.39,1832.17,6,Wage Delay,Completed,438,3371,176057.55,584752.38,22,Recovery Initiated
Maharashtra,Mumbai,GP_Mumbai_72,07-07-2023,2023-24,NSAP,School Building,District Audit Unit,900687.33,105116.93,2606.27,8,,Under Review,117,304,799646.35,128776.6,16,Warning Issued
Andhra Pradesh,Vijayawada,GP_Vijayawada_25,13-04-2022,2022-23,PMGSY,Water Tank,District Audit Unit,1393463.79,124849.97,43917.97,3,,Under Review,262,2917,582495.22,648740.02,1,Warning Issued
Tamil Nadu,Chennai,GP_Chennai_45,08-09-2022,2021-22,SBM-G,Pond Desilting,SAU Team A,1432006.93,141929.63,65309.62,1,,Closed,475,1748,383906.69,192848.27,15,
Andhra Pradesh,Vijayawada,GP_Vijayawada_72,25-02-2023,2023-24,MGNREGA,Water Tank,SAU Team B,1430622.1,121967.67,74079.32,0,Incomplete Work,Under Review,122,2807,92550.66,142579.45,11,Suspended Official
Tamil Nadu,Coimbatore,GP_Coimbatore_77,15-02-2023,2022-23,SBM-G,Toilet Construction,District Audit Unit,201311.38,3293.03,9016.93,6,,ATR Pending,64,742,361333.43,315368.38,3,
Tamil Nadu,Chennai,GP_Chennai_67,27-10-2023,2021-22,PMGSY,Toilet Construction,SAU Team B,1284958.74,145234.21,14876.17,7,No Muster Roll,Pending Recovery,392,240,660248.92,,15,Warning Issued
Kerala,Thrissur,GP_Thrissur_35,06-09-2023,2021-22,PMAY-G,Water Tank,SAU Team B,1927581.55,89825.1,,7,Wage Delay,Closed,325,5756,230583.35,537347.1,9,
Bihar,Gaya,GP_Gaya_4,10-12-2022,2022-23,PMAY-G,Water Tank,SAU Team B,287444.44,141087.23,60336.09,3,Wage Delay,Under Review,28,6816,663807.8,696601.63,15,FIR Filed
Andhra Pradesh,Vijayawada,GP_Vijayawada_31,30-04-2024,2024-25,PMAY-G,School Building,SAU Team B,641571.39,,,11,Ghost Beneficiary,ATR Pending,328,4493,978334.02,109117.66,24,FIR Filed
Kerala,Thrissur,GP_Thrissur_59,21-01-2024,2024-25,SBM-G,Pond Desilting,SAU Team B,1619772.03,18795.13,18334.82,8,Material Overbilling,ATR Pending,462,4832,751164.6,594824.63,3,Suspended Official
Maharashtra,Pune,GP_Pune_60,23-01-2023,2021-22,SBM-G,Toilet Construction,District Audit Unit,545130.2,114699.38,26066.84,11,Fund Diversion,Under Review,471,2495,197023.82,468219.59,24,Warning Issued
Maharashtra,Pune,GP_Pune_53,10-12-2023,2022-23,PMGSY,School Building,SAU Team B,70525.79,131645.83,11287.82,2,Incomplete Work,Pending Recovery,237,442,655148.38,552918.35,12,Recovery Initiated
Karnataka,Bangalore,GP_Bangalore_90,02-02-2024,2023-24,PMGSY,Road Construction,SAU Team A,1227267.1,92690.17,59410.54,0,,Completed,356,4039,340747.77,159412.18,20,No Action
Karnataka,Bangalore,GP_Bangalore_6,14-07-2022,2022-23,MGNREGA,Toilet Construction,District Audit Unit,1462693.84,100045.43,36053.37,11,Incomplete Work,Closed,262,4284,220575.57,606550.16,22,Suspended Official
Maharashtra,Pune,GP_Pune_54,22-01-2022,2024-25,PMGSY,Road Construction,SAU Team B,947657.6,139741.21,,3,Incomplete Work,Completed,303,6587,162938.45,310860.35,8,Recovery Initiated
Kerala,Thrissur,GP_Thrissur_69,04-11-2022,2021-22,MGNREGA,Water Tank,SAU Team B,1265137.37,31824.19,53656.82,1,Incomplete Work,Pending Recovery,331,7867,176252.58,289358.24,2,No Action
Tamil Nadu,Chennai,GP_Chennai_7,13-07-2022,2022-23,PMGSY,Pond Desilting,SAU Team A,569669.54,46835.18,27989.85,2,Ghost Beneficiary,Pending Recovery,160,6519,353339.18,285226.13,22,FIR Filed
Kerala,Thrissur,GP_Thrissur_38,04-06-2024,2024-25,PMGSY,Toilet Construction,SAU Team B,1358369.86,110122.44,79087.24,6,No Muster Roll,Under Review,184,1839,898668.94,81716.01,10,No Action
Karnataka,Mysore,GP_Mysore_53,03-01-2024,2023-24,PMAY-G,Toilet Construction,SAU Team B,1376278.54,,33231.47,3,Wage Delay,Closed,35,4492,230992.33,742229.04,8,Suspended Official
Maharashtra,Pune,GP_Pune_24,05-07-2024,2022-23,PMAY-G,Road Construction,District Audit Unit,925510.56,84034.67,36847.47,3,Fund Diversion,Closed,271,1917,566590.24,304199.6,12,FIR Filed
Tamil Nadu,Coimbatore,GP_Coimbatore_98,14-06-2023,2022-23,SBM-G,Water Tank,SAU Team A,328070.1,89223.46,56227.74,1,Ghost Beneficiary,Completed,469,7995,237018.49,709831.79,10,Warning Issued
Tamil Nadu,Chennai,GP_Chennai_2,04-05-2024,2023-24,PMAY-G,Water Tank,SAU Team B,1409136.81,105419.15,71150.92,1,Material Overbilling,Under Review,110,3272,343128.01,245628.32,6,No Action
Karnataka,Bangalore,GP_Bangalore_33,27-07-2022,2024-25,MGNREGA,Road Construction,SAU Team A,728658.8,115880.22,44136.38,5,Incomplete Work,Completed,461,2875,464062.9,34213.97,11,No Action
Rajasthan,Jaipur,GP_Jaipur_37,05-06-2022,2021-22,SBM-G,Road Construction,SAU Team A,1729508.35,130861.98,,5,No Muster Roll,Under Review,254,2868,583957.55,786669.86,6,Recovery Initiated
Karnataka,Bangalore,GP_Bangalore_26,13-09-2022,2023-24,MGNREGA,Pond Desilting,SAU Team B,1438766.98,71124.03,,8,,Closed,152,5923,747335.46,753194.44,9,No Action
Andhra Pradesh,Vijayawada,GP_Vijayawada_20,11-09-2023,2024-25,PMAY-G,School Building,SAU Team A,1470353.06,148301.33,,2,,Completed,178,4853,882259.63,711856.65,0,
Andhra Pradesh,Vizag,GP_Vizag_28,09-03-2022,2024-25,MGNREGA,Water Tank,District Audit Unit,574123.53,,34795.64,6,,Closed,31,4626,977433.7,89234.6,4,Warning Issued
Tamil Nadu,Chennai,GP_Chennai_16,13-01-2022,2024-25,PMGSY,Toilet Construction,SAU Team A,1303875.31,141294.07,40732.73,7,No Muster Roll,Closed,496,7183,561469.38,120886.56,20,FIR Filed
Kerala,Thrissur,GP_Thrissur_33,05-09-2024,2023-24,SBM-G,School Building,SAU Team A,1546616.88,22581.12,36305.27,0,Incomplete Work,Pending Recovery,174,1228,184025.39,,15,No Action
Karnataka,Bangalore,GP_Bangalore_74,04-09-2022,2024-25,MGNREGA,Pond Desilting,District Audit Unit,1499999.34,39404.64,79343.85,0,Incomplete Work,Pending Recovery,19,5444,608026.85,108408.36,10,No Action
Maharashtra,Pune,GP_Pune_53,06-11-2022,2024-25,PMAY-G,Pond Desilting,District Audit Unit,621166.21,85584.01,14658.46,9,Ghost Beneficiary,Under Review,495,2679,859102.4,45150.6,13,Recovery Initiated
Karnataka,Mysore,GP_Mysore_18,12-08-2023,2021-22,MGNREGA,Pond Desilting,District Audit Unit,1095781.81,81975.77,44557.4,8,No Muster Roll,Closed,386,3902,446566.79,784616.46,23,FIR Filed
Maharashtra,Mumbai,GP_Mumbai_86,02-01-2023,2022-23,MGNREGA,Toilet Construction,SAU Team B,494946.55,,,8,No Muster Roll,Pending Recovery,374,4504,515332.82,707953.74,5,No Action
Tamil Nadu,Chennai,GP_Chennai_37,24-02-2023,2022-23,PMGSY,Toilet Construction,SAU Team A,630216.18,123023.05,65508.4,10,,Closed,383,4774,984623.01,471276.03,7,Suspended Official
Tamil Nadu,Coimbatore,GP_Coimbatore_83,01-07-2022,2023-24,SBM-G,Pond Desilting,District Audit Unit,1324589.27,15360.09,53694.89,9,Wage Delay,Under Review,256,5091,295443.85,430835.61,23,Suspended Official
Bihar,Gaya,GP_Gaya_33,05-10-2023,2024-25,MGNREGA,Water Tank,District Audit Unit,1265704.36,76651.33,19893.5,3,Wage Delay,ATR Pending,243,4468,733320.07,179639.47,4,
Kerala,Ernakulam,GP_Ernakulam_86,13-06-2024,2023-24,MGNREGA,School Building,SAU Team A,1279516.23,34127.24,55325.63,0,Wage Delay,ATR Pending,405,6499,396977.21,76873.45,21,
Andhra Pradesh,Vizag,GP_Vizag_19,16-01-2023,2023-24,MGNREGA,Pond Desilting,District Audit Unit,1779300.3,19608.05,17717.49,1,No Muster Roll,ATR Pending,121,605,278508.42,324940.68,12,
Andhra Pradesh,Vijayawada,GP_Vijayawada_54,06-12-2022,2021-22,MGNREGA,Pond Desilting,SAU Team A,1209369.35,,13096.77,11,Fund Diversion,Completed,128,6340,252197.16,37581.76,18,No Action
Uttar Pradesh,Lucknow,GP_Lucknow_98,30-06-2024,2023-24,PMAY-G,Road Construction,SAU Team A,388443.33,88407.14,40171.88,8,Wage Delay,ATR Pending,438,7406,930312.03,157036.57,22,FIR Filed
Andhra Pradesh,Vijayawada,GP_Vijayawada_79,02-06-2024,2022-23,NSAP,Pond Desilting,District Audit Unit,1653779.63,15663.37,,5,Fund Diversion,Closed,48,154,223230.42,,5,Suspended Official
Rajasthan,Jaipur,GP_Jaipur_68,29-05-2024,2022-23,MGNREGA,Pond Desilting,District Audit Unit,540617.99,24870.94,,3,Material Overbilling,Pending Recovery,232,3047,163999.24,36329.75,10,No Action
Kerala,Thrissur,GP_Thrissur_63,21-12-2023,2023-24,PMGSY,Pond Desilting,District Audit Unit,1984884.73,138909.31,52061.87,5,Incomplete Work,Closed,340,3670,876619.04,31294.26,24,
Uttar Pradesh,Kanpur,GP_Kanpur_20,31-01-2023,2024-25,PMAY-G,Pond Desilting,SAU Team B,1171418.4,28816.15,53792.12,10,Incomplete Work,Closed,85,975,764821.97,249734.18,15,FIR Filed
Rajasthan,Udaipur,GP_Udaipur_30,30-08-2024,2024-25,NSAP,Toilet Construction,SAU Team B,1222699.23,76770.96,60132.53,1,Ghost Beneficiary,Completed,472,1109,425075.42,12565.86,5,Recovery Initiated
Tamil Nadu,Coimbatore,GP_Coimbatore_45,15-09-2022,2021-22,MGNREGA,Pond Desilting,District Audit Unit,1301114.79,25612.42,51374.35,5,Fund Diversion,Under Review,71,7063,869674.78,645443.22,14,FIR Filed
Rajasthan,Udaipur,GP_Udaipur_81,09-08-2023,2021-22,NSAP,School Building,SAU Team B,1197625.08,32181.03,76453.49,3,Ghost Beneficiary,Completed,139,7486,527887.27,656268.63,14,FIR Filed
Maharashtra,Mumbai,GP_Mumbai_14,18-07-2024,2024-25,MGNREGA,School Building,District Audit Unit,1099479.02,129103.33,27836.07,2,No Muster Roll,ATR Pending,336,3683,115135.94,770486.91,8,Warning Issued
Rajasthan,Jaipur,GP_Jaipur_26,01-03-2023,2024-25,SBM-G,Road Construction,SAU Team B,981101.7,138492.36,19804.67,3,Wage Delay,Under Review,493,397,127345.87,715237.99,22,Suspended Official
Karnataka,Bangalore,GP_Bangalore_81,01-04-2024,2022-23,PMAY-G,Water Tank,District Audit Unit,549990.91,15074.21,38857.23,3,No Muster Roll,Closed,139,2387,962596.5,505971.82,5,Recovery Initiated
Andhra Pradesh,Vijayawada,GP_Vijayawada_51,28-01-2023,2023-24,PMAY-G,Toilet Construction,SAU Team A,725544.06,82723.54,27226.52,10,Ghost Beneficiary,Under Review,401,1494,236582.83,109111.89,8,Suspended Official
Bihar,Patna,GP_Patna_19,15-12-2023,2023-24,PMGSY,Road Construction,SAU Team A,1110008.24,62655.33,72975.99,8,Ghost Beneficiary,Closed,43,7092,131003.7,640605.11,7,FIR Filed
Rajasthan,Jaipur,GP_Jaipur_4,15-04-2024,2022-23,MGNREGA,Toilet Construction,SAU Team B,819835.64,146481.47,42916.1,0,Fund Diversion,Closed,439,2502,74469.02,658110.75,1,Recovery Initiated
Uttar Pradesh,Kanpur,GP_Kanpur_36,07-03-2024,2021-22,MGNREGA,School Building,SAU Team A,706513.98,18337.94,18322.01,0,No Muster Roll,Pending Recovery,109,7773,577276.64,,13,Warning Issued
Kerala,Thrissur,GP_Thrissur_19,06-03-2024,2024-25,SBM-G,Water Tank,SAU Team B,1517320.43,4824.37,78959.61,4,Fund Diversion,Pending Recovery,76,128,559401.25,,15,Suspended Official
Bihar,Patna,GP_Patna_26,14-03-2022,2022-23,MGNREGA,Water Tank,SAU Team B,761666.52,5872.58,37291.29,9,Fund Diversion,Pending Recovery,424,6845,979714,669534.26,16,Warning Issued
Andhra Pradesh,Vijayawada,GP_Vijayawada_9,20-07-2022,2024-25,SBM-G,Pond Desilting,SAU Team A,767410.7,105184.52,63204.42,8,,ATR Pending,101,1258,730083.56,585606.39,12,No Action
Tamil Nadu,Chennai,GP_Chennai_25,02-02-2024,2024-25,MGNREGA,School Building,SAU Team A,1195380.08,18790.14,55268.09,4,Material Overbilling,ATR Pending,335,7775,240760.46,699457.08,17,Warning Issued
Karnataka,Mysore,GP_Mysore_67,30-07-2024,2023-24,PMGSY,School Building,SAU Team B,549286.75,,79607.6,11,Incomplete Work,Closed,486,1062,520565.99,362849.6,0,Suspended Official
Andhra Pradesh,Vijayawada,GP_Vijayawada_18,12-09-2022,2023-24,PMAY-G,Pond Desilting,SAU Team B,230224.69,126367.12,16422.43,4,,Closed,423,7023,616215.29,,4,
Maharashtra,Pune,GP_Pune_65,04-11-2023,2023-24,PMGSY,Pond Desilting,District Audit Unit,1187045.56,47731.02,,11,Wage Delay,ATR Pending,82,4306,615622.16,289859.32,7,Recovery Initiated
Bihar,Gaya,GP_Gaya_77,03-03-2023,2021-22,PMGSY,School Building,SAU Team A,1743587.62,21240.39,53329.24,9,Ghost Beneficiary,Completed,446,2492,475353.08,335568.75,14,FIR Filed
Rajasthan,Udaipur,GP_Udaipur_10,13-03-2022,2023-24,NSAP,Pond Desilting,District Audit Unit,1179924.42,44867.42,25216.79,3,Ghost Beneficiary,Pending Recovery,427,4901,63501.22,353071.85,23,Recovery Initiated
Kerala,Ernakulam,GP_Ernakulam_87,25-05-2022,2024-25,PMGSY,Water Tank,SAU Team B,605115.06,33873.66,,2,Ghost Beneficiary,ATR Pending,361,2508,720938.1,799428.46,5,Suspended Official
Tamil Nadu,Coimbatore,GP_Coimbatore_90,06-08-2023,2021-22,PMAY-G,Pond Desilting,District Audit Unit,1164159.74,17723.33,71088.68,0,Wage Delay,Closed,242,3660,824209.81,573391.65,8,FIR Filed
Bihar,Gaya,GP_Gaya_21,29-08-2023,2022-23,MGNREGA,Pond Desilting,District Audit Unit,1682193.15,39193.1,28572.61,0,Material Overbilling,Under Review,487,2559,508205.05,499100.61,7,
Andhra Pradesh,Vijayawada,GP_Vijayawada_2,09-01-2023,2022-23,PMGSY,Water Tank,SAU Team A,581720.25,34894.72,51532.06,6,Wage Delay,Completed,345,2227,340220.56,460912.26,7,
Bihar,Gaya,GP_Gaya_82,24-06-2024,2021-22,MGNREGA,School Building,SAU Team A,693440.16,30581.75,3279.67,10,Material Overbilling,Completed,352,7670,692500.5,559457.84,8,
Tamil Nadu,Coimbatore,GP_Coimbatore_52,02-09-2023,2021-22,PMGSY,Water Tank,SAU Team A,1745895.89,,20530.14,6,Incomplete Work,Completed,243,5732,31145.9,89368.31,6,No Action
Kerala,Thrissur,GP_Thrissur_17,28-02-2023,2021-22,MGNREGA,Road Construction,District Audit Unit,297107.26,,18640.04,5,Incomplete Work,Under Review,336,3620,200800.6,451937.66,16,Warning Issued
Uttar Pradesh,Kanpur,GP_Kanpur_19,23-12-2023,2022-23,PMGSY,School Building,District Audit Unit,771788.44,31362.73,40818.15,6,No Muster Roll,ATR Pending,132,426,752626.56,126512.78,0,No Action
Uttar Pradesh,Kanpur,GP_Kanpur_19,11-01-2022,2023-24,PMGSY,Water Tank,District Audit Unit,700549.04,13712.16,,9,Material Overbilling,Pending Recovery,67,976,826398.41,680445.6,22,Suspended Official
Maharashtra,Pune,GP_Pune_67,25-06-2023,2021-22,MGNREGA,Pond Desilting,SAU Team B,1339179.96,87193.95,36700.44,10,Material Overbilling,Completed,404,6339,77166.61,153776.54,2,Warning Issued
Andhra Pradesh,Vijayawada,GP_Vijayawada_48,24-03-2022,2021-22,PMAY-G,Road Construction,SAU Team A,754829.62,24241.44,51171.56,1,Material Overbilling,ATR Pending,189,7005,651212.8,721738.25,13,No Action
Rajasthan,Udaipur,GP_Udaipur_39,05-03-2023,2023-24,PMGSY,School Building,District Audit Unit,1775982.68,85682,23278.04,6,No Muster Roll,Under Review,207,4552,541329.58,549003.1,11,Recovery Initiated
Kerala,Thrissur,GP_Thrissur_76,03-03-2024,2024-25,NSAP,Toilet Construction,SAU Team B,1877322.38,134376.58,66069.07,11,Material Overbilling,Completed,484,1313,700536.45,304847.55,20,Warning Issued
Kerala,Thrissur,GP_Thrissur_94,23-01-2023,2023-24,PMGSY,Toilet Construction,SAU Team A,949226.47,136768.79,55141.95,7,Incomplete Work,Under Review,48,7416,788578.11,298613.55,16,No Action
Tamil Nadu,Chennai,GP_Chennai_41,05-10-2023,2021-22,NSAP,Pond Desilting,SAU Team A,92213.41,,10285.45,1,Incomplete Work,Completed,101,260,872710.78,297879.72,8,Warning Issued
Andhra Pradesh,Vijayawada,GP_Vijayawada_19,05-06-2022,2024-25,SBM-G,Road Construction,SAU Team B,205251.69,57594.02,49531.97,0,Wage Delay,ATR Pending,358,2363,679435.93,705804.36,13,No Action
Bihar,Patna,GP_Patna_59,07-01-2023,2022-23,MGNREGA,Pond Desilting,District Audit Unit,944279.52,139099.89,34084.51,5,No Muster Roll,Completed,270,1591,835020.42,,3,Recovery Initiated
Tamil Nadu,Coimbatore,GP_Coimbatore_40,13-09-2024,2021-22,NSAP,Pond Desilting,SAU Team A,887174.08,101458.44,49437.84,8,Incomplete Work,Completed,280,6093,628871.09,,2,Warning Issued
Karnataka,Mysore,GP_Mysore_85,23-05-2023,2021-22,PMGSY,Water Tank,SAU Team A,1981230.14,10239.88,22020.63,11,Material Overbilling,Pending Recovery,31,7487,43181.29,749983.71,20,Warning Issued
Andhra Pradesh,Vijayawada,GP_Vijayawada_6,16-11-2023,2022-23,PMAY-G,Water Tank,District Audit Unit,370381.07,15331.7,54858.16,3,No Muster Roll,ATR Pending,471,4905,512817.97,710885.45,0,FIR Filed
Andhra Pradesh,Vizag,GP_Vizag_5,24-06-2023,2024-25,NSAP,Pond Desilting,District Audit Unit,279070.28,121377.19,9747.13,0,Ghost Beneficiary,Closed,110,7491,211060.31,433679.99,5,Warning Issued
Uttar Pradesh,Lucknow,GP_Lucknow_51,24-01-2024,2021-22,MGNREGA,Water Tank,District Audit Unit,732056.29,54087.75,72201.8,0,,Closed,15,259,763777.52,213479.54,22,Warning Issued
Bihar,Gaya,GP_Gaya_93,29-03-2022,2022-23,NSAP,School Building,SAU Team A,629769.53,112119.24,15357.12,0,No Muster Roll,Pending Recovery,89,7608,48853.66,91806.82,11,Suspended Official
Kerala,Ernakulam,GP_Ernakulam_63,20-10-2023,2021-22,MGNREGA,Road Construction,SAU Team A,1593846.53,,29035.1,3,No Muster Roll,Pending Recovery,147,3212,975242.21,599992.94,20,No Action
Uttar Pradesh,Lucknow,GP_Lucknow_82,01-03-2024,2021-22,PMAY-G,Pond Desilting,SAU Team A,995890.37,106155.39,21405.72,2,Ghost Beneficiary,Under Review,307,4938,470710.74,,4,Suspended Official
Kerala,Ernakulam,GP_Ernakulam_42,06-05-2023,2022-23,SBM-G,Water Tank,District Audit Unit,1850257.23,1778.29,20051.54,1,Wage Delay,Under Review,51,4129,204051.62,288382.38,12,Recovery Initiated
Karnataka,Mysore,GP_Mysore_33,01-05-2023,2021-22,PMGSY,Road Construction,SAU Team B,834768.02,,71875.64,9,No Muster Roll,Under Review,236,4388,483524.09,682484.44,12,Warning Issued
Kerala,Ernakulam,GP_Ernakulam_90,06-05-2023,2021-22,PMAY-G,Toilet Construction,SAU Team B,214369.77,104502.61,6512.78,0,Material Overbilling,Closed,398,1360,442318,,3,Recovery Initiated
Karnataka,Mysore,GP_Mysore_98,10-06-2024,2024-25,PMAY-G,Water Tank,SAU Team A,1270569.42,88247.08,30956.22,0,Ghost Beneficiary,Pending Recovery,406,6751,595641.68,,1,Suspended Official
Tamil Nadu,Chennai,GP_Chennai_87,27-07-2023,2021-22,PMAY-G,Water Tank,District Audit Unit,1106111.15,127451.3,23150.46,1,,Under Review,81,2092,289459.93,505837.02,22,FIR Filed
Rajasthan,Udaipur,GP_Udaipur_60,22-01-2023,2022-23,PMGSY,Road Construction,District Audit Unit,878030.76,145509.68,79991.41,3,Wage Delay,Pending Recovery,387,7747,800611.22,716264.28,2,Suspended Official
Bihar,Gaya,GP_Gaya_72,06-04-2022,2022-23,PMGSY,Road Construction,SAU Team A,1838302.49,124625.59,62833.69,4,Ghost Beneficiary,Under Review,303,4358,903414.81,258076.79,13,No Action
Rajasthan,Jaipur,GP_Jaipur_18,31-10-2022,2024-25,PMGSY,Pond Desilting,SAU Team B,361927.69,23894.41,2814.83,11,Incomplete Work,Under Review,408,4994,720077.86,521404.02,15,Suspended Official
Karnataka,Bangalore,GP_Bangalore_30,12-04-2023,2022-23,PMGSY,Toilet Construction,District Audit Unit,698902.56,113621.42,75073.3,8,Wage Delay,ATR Pending,44,6917,170669.15,212681.22,9,FIR Filed
Tamil Nadu,Coimbatore,GP_Coimbatore_92,11-02-2023,2021-22,SBM-G,Water Tank,SAU Team A,1900249.39,86362.45,68839.2,5,Wage Delay,Closed,242,7837,545083.08,,16,Recovery Initiated
Kerala,Ernakulam,GP_Ernakulam_58,25-07-2023,2023-24,SBM-G,Water Tank,SAU Team B,1863387.21,60301.27,56152.87,2,Incomplete Work,ATR Pending,337,5424,699519.78,721961.01,17,FIR Filed
Andhra Pradesh,Vizag,GP_Vizag_93,20-07-2022,2023-24,PMAY-G,Road Construction,SAU Team A,967548.97,110686.51,,9,Fund Diversion,Under Review,248,6035,670790.92,111316.08,18,FIR Filed
Uttar Pradesh,Lucknow,GP_Lucknow_14,28-04-2024,2023-24,SBM-G,Toilet Construction,SAU Team A,1333416.83,,44099.31,0,Material Overbilling,ATR Pending,287,5729,172816.45,44435.77,18,FIR Filed
Maharashtra,Mumbai,GP_Mumbai_30,10-02-2023,2022-23,PMAY-G,Toilet Construction,SAU Team A,542051.31,,30367.27,2,No Muster Roll,Under Review,27,5582,409486.57,,21,FIR Filed
Tamil Nadu,Coimbatore,GP_Coimbatore_16,25-05-2022,2023-24,PMAY-G,Pond Desilting,SAU Team A,1827957.9,30988.37,57986.51,5,No Muster Roll,Under Review,173,4072,846975.02,488729.15,1,Recovery Initiated
Tamil Nadu,Coimbatore,GP_Coimbatore_58,08-07-2024,2022-23,PMGSY,Road Construction,District Audit Unit,555518.26,100666.87,50421,4,Material Overbilling,Under Review,416,3758,509673.95,582860.13,24,Recovery Initiated
Rajasthan,Jaipur,GP_Jaipur_19,07-04-2024,2021-22,SBM-G,Pond Desilting,SAU Team A,1267964.64,39516.41,8321.38,1,Incomplete Work,Closed,298,6842,681013.7,515773.17,24,
Rajasthan,Jaipur,GP_Jaipur_90,17-02-2022,2023-24,SBM-G,Toilet Construction,SAU Team A,1147205.6,,40581.83,11,Material Overbilling,Pending Recovery,69,4939,373584.39,325824.26,9,Recovery Initiated
Karnataka,Bangalore,GP_Bangalore_35,26-06-2022,2021-22,MGNREGA,Road Construction,SAU Team B,1080652.73,7805.68,70579.04,4,Fund Diversion,Closed,187,7489,127542.7,159688.9,1,FIR Filed
Kerala,Ernakulam,GP_Ernakulam_92,30-08-2023,2023-24,PMAY-G,Road Construction,SAU Team B,1596365.91,,42702.11,3,Material Overbilling,Closed,374,5577,292437.49,419158.17,3,Warning Issued
Karnataka,Bangalore,GP_Bangalore_29,17-02-2023,2022-23,MGNREGA,Toilet Construction,SAU Team B,874920.55,7786.68,70334.51,10,Fund Diversion,Under Review,392,4058,623005.18,54833.43,9,Warning Issued
Rajasthan,Udaipur,GP_Udaipur_67,02-11-2022,2021-22,NSAP,Water Tank,SAU Team B,1444681.88,48860.55,6901.29,11,Ghost Beneficiary,Pending Recovery,483,4350,255505.12,191539.2,16,Recovery Initiated
Uttar Pradesh,Lucknow,GP_Lucknow_58,06-01-2023,2023-24,PMGSY,Road Construction,SAU Team A,671015.38,49386.52,73374.03,6,Ghost Beneficiary,Under Review,436,4849,360197.79,179571.56,24,Suspended Official
Rajasthan,Udaipur,GP_Udaipur_1,19-04-2023,2024-25,PMGSY,Road Construction,District Audit Unit,398043.94,70534.56,34418.28,7,Fund Diversion,Closed,31,6135,220858.51,254153.57,2,Suspended Official
Bihar,Patna,GP_Patna_68,04-12-2022,2024-25,SBM-G,School Building,SAU Team B,704783.84,29006.79,47044.38,11,Incomplete Work,Under Review,269,3852,783463.97,94224.34,13,Warning Issued
Karnataka,Bangalore,GP_Bangalore_29,16-04-2022,2022-23,MGNREGA,School Building,SAU Team B,1203443.59,140309.39,26817.33,1,Incomplete Work,ATR Pending,149,1617,712326.57,746263.58,17,Suspended Official
Karnataka,Mysore,GP_Mysore_21,22-04-2024,2024-25,MGNREGA,Toilet Construction,SAU Team A,814093.88,135092.51,21043.02,7,Incomplete Work,Completed,383,1933,939029.26,704647.83,19,Warning Issued
Bihar,Gaya,GP_Gaya_45,23-09-2022,2024-25,SBM-G,Road Construction,SAU Team B,1492031.74,52499.63,15236.01,8,Wage Delay,Completed,192,977,767418.98,224846.12,5,Recovery Initiated
Tamil Nadu,Coimbatore,GP_Coimbatore_61,30-07-2022,2023-24,PMGSY,Road Construction,SAU Team B,1498324.92,,12806.05,7,Incomplete Work,ATR Pending,368,6767,48059.07,576270.44,13,No Action
Karnataka,Mysore,GP_Mysore_59,21-12-2022,2023-24,PMAY-G,Pond Desilting,District Audit Unit,1261340.28,29810.5,69362.53,8,Fund Diversion,Pending Recovery,431,4306,229248.12,682489.05,22,FIR Filed
Kerala,Thrissur,GP_Thrissur_34,05-01-2022,2023-24,NSAP,Road Construction,SAU Team A,233124.43,91484.06,64612.97,5,Ghost Beneficiary,ATR Pending,242,3261,232657.79,415002.54,4,Warning Issued
Kerala,Thrissur,GP_Thrissur_75,11-02-2022,2022-23,SBM-G,School Building,SAU Team A,675991.98,102657.81,33844.7,6,Ghost Beneficiary,Completed,490,3790,148817.1,582735.98,5,Suspended Official
Bihar,Patna,GP_Patna_76,03-10-2022,2023-24,PMAY-G,Road Construction,SAU Team A,1794320.31,85738.34,63967.61,6,Material Overbilling,Completed,109,7964,831247.12,,17,Warning Issued
Kerala,Thrissur,GP_Thrissur_97,11-05-2023,2024-25,PMGSY,Pond Desilting,SAU Team A,168097.54,129078.78,34049.72,9,No Muster Roll,ATR Pending,114,6821,929804.41,754942.74,24,Suspended Official
Uttar Pradesh,Kanpur,GP_Kanpur_32,20-05-2024,2024-25,SBM-G,Road Construction,District Audit Unit,1741736.71,35362.98,56125.08,8,Ghost Beneficiary,Closed,461,6928,730287,454274.5,6,Suspended Official
Karnataka,Bangalore,GP_Bangalore_56,30-09-2023,2023-24,SBM-G,Toilet Construction,District Audit Unit,1332258.2,60629.23,3219.75,4,No Muster Roll,Pending Recovery,465,4354,465788.72,48915.98,13,
Bihar,Gaya,GP_Gaya_91,03-12-2022,2024-25,NSAP,Water Tank,SAU Team B,1220273.94,14094.57,19555.16,2,Material Overbilling,Under Review,281,4321,633776.29,696960.1,10,FIR Filed
Rajasthan,Jaipur,GP_Jaipur_87,20-12-2023,2023-24,NSAP,Pond Desilting,SAU Team A,1653435.69,104998.48,,5,,ATR Pending,81,7771,428568.83,167879.33,23,
Uttar Pradesh,Lucknow,GP_Lucknow_8,26-12-2022,2022-23,PMAY-G,Water Tank,SAU Team A,351005.45,64638.08,55659.62,8,Fund Diversion,Closed,119,7606,237175.11,89360.26,21,Recovery Initiated
Bihar,Gaya,GP_Gaya_67,19-10-2022,2021-22,PMGSY,School Building,SAU Team A,362187.47,104582.95,44982.53,7,,Under Review,16,3868,38220.22,55583.37,16,No Action
Rajasthan,Jaipur,GP_Jaipur_97,19-11-2023,2023-24,PMGSY,School Building,SAU Team A,709656.9,63088.59,62018.82,9,,Pending Recovery,61,4306,269958.26,648952.87,18,Recovery Initiated
Andhra Pradesh,Vijayawada,GP_Vijayawada_60,16-03-2023,2023-24,PMAY-G,Toilet Construction,SAU Team A,1414139.97,,34267.39,10,Wage Delay,Completed,435,3830,682223.89,308705.56,19,Warning Issued
Tamil Nadu,Coimbatore,GP_Coimbatore_39,23-10-2023,2024-25,SBM-G,School Building,District Audit Unit,1729405.15,77694.74,,6,Wage Delay,ATR Pending,46,1075,819586.49,,4,FIR Filed
Uttar Pradesh,Kanpur,GP_Kanpur_82,17-09-2024,2024-25,PMGSY,School Building,District Audit Unit,1264120.75,59036.67,20750.72,5,No Muster Roll,Under Review,45,1338,394922.23,343207.37,18,No Action
Uttar Pradesh,Lucknow,GP_Lucknow_69,09-07-2023,2023-24,SBM-G,School Building,District Audit Unit,710545.46,108877.96,64417.7,9,Incomplete Work,Under Review,249,1719,928726.02,173320.89,8,No Action
Karnataka,Mysore,GP_Mysore_95,31-05-2024,2021-22,PMGSY,Water Tank,SAU Team B,1839160.04,92385.71,69001.58,2,Ghost Beneficiary,Under Review,63,1750,377488.14,546353.73,19,Suspended Official
Karnataka,Mysore,GP_Mysore_53,03-01-2024,2023-24,PMAY-G,Toilet Construction,SAU Team B,1376278.54,,33231.47,3,Wage Delay,Closed,35,4492,230992.33,742229.04,8,Suspended Official
Bihar,Patna,GP_Patna_50,08-02-2022,2024-25,PMGSY,Water Tank,SAU Team B,1002977.03,115156.51,68418.43,9,No Muster Roll,Under Review,471,6037,322796.93,707725.19,6,
Tamil Nadu,Chennai,GP_Chennai_32,30-08-2023,2024-25,NSAP,School Building,SAU Team B,526994.71,21513.09,28541.68,8,Fund Diversion,Pending Recovery,361,6154,965700.21,377355.24,9,FIR Filed
Andhra Pradesh,Vijayawada,GP_Vijayawada_60,05-07-2023,2024-25,MGNREGA,Water Tank,District Audit Unit,1506116.55,83462.87,27580.81,9,Ghost Beneficiary,ATR Pending,284,2865,509511.73,,11,Suspended Official
Tamil Nadu,Chennai,GP_Chennai_87,05-08-2024,2024-25,SBM-G,School Building,District Audit Unit,602457.1,100475,66159.57,6,No Muster Roll,ATR Pending,285,4060,831801.63,,5,
Maharashtra,Pune,GP_Pune_19,03-06-2023,2022-23,PMGSY,School Building,SAU Team B,1861815.66,22315.56,75934.71,0,Fund Diversion,Under Review,483,5804,325918.46,649789.9,4,FIR Filed
Kerala,Thrissur,GP_Thrissur_20,25-07-2022,2023-24,PMAY-G,Road Construction,SAU Team A,575545.71,53744.91,,7,Fund Diversion,Under Review,450,3232,550350.35,625573.32,4,Suspended Official
Andhra Pradesh,Vizag,GP_Vizag_81,05-05-2023,2022-23,SBM-G,Toilet Construction,District Audit Unit,1403742.29,56326.2,30021.24,0,No Muster Roll,Closed,205,2744,167606.19,,1,Suspended Official
Uttar Pradesh,Lucknow,GP_Lucknow_99,27-08-2022,2024-25,PMAY-G,School Building,SAU Team A,1219452.07,63323.27,,5,Fund Diversion,ATR Pending,467,1617,727832.54,520487.88,18,FIR Filed
Karnataka,Mysore,GP_Mysore_74,12-01-2024,2024-25,PMAY-G,Pond Desilting,SAU Team A,121533.81,86592.01,33337.53,0,Incomplete Work,Under Review,142,2106,621530.27,268040.75,11,Suspended Official
Tamil Nadu,Coimbatore,GP_Coimbatore_16,12-03-2024,2024-25,SBM-G,Water Tank,SAU Team B,1345490.21,20645.85,73334.51,2,Incomplete Work,Completed,309,1158,378145.08,385051.7,17,FIR Filed
Kerala,Ernakulam,GP_Ernakulam_36,03-07-2022,2022-23,PMAY-G,Toilet Construction,SAU Team A,162265.14,37800.85,48614.2,4,,Pending Recovery,171,5094,557839.02,105789.64,7,No Action
Rajasthan,Udaipur,GP_Udaipur_28,16-01-2023,2024-25,PMGSY,Road Construction,District Audit Unit,1049244.8,53459.03,7130.93,11,,Closed,83,1255,460826.81,,23,FIR Filed
Bihar,Patna,GP_Patna_96,17-01-2024,2024-25,PMAY-G,Road Construction,SAU Team B,972312.91,69842.8,47898.81,2,Material Overbilling,Pending Recovery,253,4920,335360.97,720607.18,20,No Action
Karnataka,Bangalore,GP_Bangalore_71,08-02-2022,2021-22,NSAP,Road Construction,SAU Team B,1177001.99,58347.47,2189.66,4,Incomplete Work,ATR Pending,411,6688,766083.72,146701.42,13,Suspended Official
Maharashtra,Pune,GP_Pune_60,16-04-2024,2023-24,NSAP,Pond Desilting,SAU Team A,1285940.04,85913.28,22492.24,1,No Muster Roll,Pending Recovery,474,592,968711.82,488634.81,16,Suspended Official
Tamil Nadu,Coimbatore,GP_Coimbatore_11,18-05-2023,2023-24,PMAY-G,Road Construction,District Audit Unit,1042712.45,78164.43,24713.63,4,Fund Diversion,Completed,367,1179,901237.71,703212.39,13,Recovery Initiated
Karnataka,Bangalore,GP_Bangalore_93,12-01-2024,2021-22,MGNREGA,School Building,SAU Team A,1215962.38,75385.05,11753.84,10,Incomplete Work,Under Review,46,5067,363702.38,18782.26,13,Recovery Initiated
Rajasthan,Udaipur,GP_Udaipur_78,13-05-2024,2021-22,MGNREGA,Toilet Construction,SAU Team A,877915.6,91458.61,,1,No Muster Roll,ATR Pending,129,5147,199899.68,449879.46,11,Suspended Official
Kerala,Thrissur,GP_Thrissur_2,13-01-2022,2022-23,PMAY-G,Water Tank,SAU Team A,1500075.92,136977.69,51588.42,10,Ghost Beneficiary,Completed,459,117,894088.93,638352.71,0,FIR Filed
Tamil Nadu,Chennai,GP_Chennai_31,10-07-2022,2022-23,SBM-G,School Building,District Audit Unit,926126.85,51967.7,71414.21,1,Fund Diversion,Under Review,486,2528,303518.23,183323.4,11,Suspended Official
Bihar,Gaya,GP_Gaya_35,30-05-2023,2023-24,PMGSY,Water Tank,SAU Team A,659352.24,95128.51,,10,No Muster Roll,Under Review,182,3960,610993.18,213552.92,7,No Action
Maharashtra,Mumbai,GP_Mumbai_92,31-12-2023,2024-25,PMGSY,Road Construction,District Audit Unit,1084013.29,2959.81,6939.46,5,Incomplete Work,Completed,11,448,797125.87,507186.79,3,FIR Filed
Andhra Pradesh,Vizag,GP_Vizag_98,13-03-2022,2022-23,MGNREGA,Water Tank,SAU Team A,1701499.07,77641.57,38629.72,11,Fund Diversion,Under Review,84,5950,457999.28,373952.22,23,
Kerala,Ernakulam,GP_Ernakulam_17,19-08-2024,2021-22,MGNREGA,Pond Desilting,District Audit Unit,1816890.03,53330.3,13608.1,6,Wage Delay,ATR Pending,236,2660,956585.57,362597.34,8,Recovery Initiated
Andhra Pradesh,Vizag,GP_Vizag_99,08-09-2023,2023-24,PMAY-G,Toilet Construction,District Audit Unit,1584509.81,115749.74,26953.11,3,No Muster Roll,Closed,228,1494,843372.77,,17,Warning Issued
Andhra Pradesh,Vizag,GP_Vizag_84,10-09-2024,2021-22,NSAP,Toilet Construction,District Audit Unit,337454.93,145110.24,2176.2,9,,Closed,478,4645,42489.46,370018.31,0,Warning Issued
Karnataka,Mysore,GP_Mysore_27,03-10-2022,2024-25,SBM-G,Water Tank,SAU Team B,325273.76,,14947.92,5,Incomplete Work,Pending Recovery,429,3244,116357.19,715271.71,14,Warning Issued
Andhra Pradesh,Vijayawada,GP_Vijayawada_33,08-03-2023,2021-22,PMAY-G,Road Construction,District Audit Unit,1723703.41,9738.54,,9,Material Overbilling,Pending Recovery,104,7159,477966.13,619060.79,5,Warning Issued
Tamil Nadu,Coimbatore,GP_Coimbatore_15,05-10-2022,2022-23,PMAY-G,School Building,District Audit Unit,944388.6,98521.13,,1,,Pending Recovery,92,4993,722935.98,105212.25,24,Recovery Initiated
Rajasthan,Jaipur,GP_Jaipur_49,18-04-2023,2021-22,PMAY-G,Road Construction,District Audit Unit,486617.09,94995.5,75066.98,1,Fund Diversion,Pending Recovery,254,7649,829765.54,181819.61,23,FIR Filed
Uttar Pradesh,Lucknow,GP_Lucknow_75,31-07-2022,2024-25,MGNREGA,Toilet Construction,District Audit Unit,1028178.13,132864.25,72885.24,11,Wage Delay,Completed,58,1919,104924.26,184575.56,1,Suspended Official
Rajasthan,Udaipur,GP_Udaipur_93,28-06-2022,2022-23,NSAP,Pond Desilting,SAU Team B,1036770.73,14259.77,75808.52,2,Wage Delay,ATR Pending,340,4475,996155.38,497662.12,3,Warning Issued
Bihar,Gaya,GP_Gaya_85,11-05-2024,2021-22,SBM-G,Road Construction,SAU Team B,201382.18,70280.71,34718.07,2,Material Overbilling,Completed,73,4980,857589.54,496952.46,21,
Uttar Pradesh,Lucknow,GP_Lucknow_84,06-07-2022,2024-25,SBM-G,School Building,SAU Team B,1338263.38,121291.2,25343.29,3,Material Overbilling,Under Review,320,2913,369776.6,373477.62,22,FIR Filed
Maharashtra,Pune,GP_Pune_97,19-06-2022,2022-23,NSAP,Water Tank,SAU Team B,441495.12,94746.67,,3,Wage Delay,Under Review,110,110,686745.15,,10,Suspended Official
Karnataka,Mysore,GP_Mysore_68,28-01-2024,2024-25,NSAP,Water Tank,District Audit Unit,517210.02,12437.63,59430.25,5,Incomplete Work,Pending Recovery,236,7959,780572.4,226609.44,1,FIR Filed
Maharashtra,Mumbai,GP_Mumbai_69,30-08-2022,2023-24,NSAP,Pond Desilting,District Audit Unit,1355195.8,58432.97,30843.84,9,Fund Diversion,Under Review,377,7299,971566.92,99178.22,7,Recovery Initiated
Uttar Pradesh,Kanpur,GP_Kanpur_57,18-05-2024,2022-23,MGNREGA,Pond Desilting,District Audit Unit,1927760.21,63160.71,69401.06,4,Incomplete Work,Closed,11,4592,727405.89,758752.14,13,
Bihar,Patna,GP_Patna_74,25-04-2024,2023-24,NSAP,Water Tank,SAU Team B,304690.98,41391.62,5357.9,2,Material Overbilling,ATR Pending,321,717,839226.63,27325.13,11,Warning Issued
Kerala,Ernakulam,GP_Ernakulam_28,28-04-2024,2022-23,PMAY-G,Toilet Construction,District Audit Unit,1548721.59,117786.3,14379.75,1,,Completed,51,3446,216010.38,248201.12,1,Warning Issued
Bihar,Patna,GP_Patna_75,04-01-2022,2023-24,PMAY-G,School Building,SAU Team A,110570.23,36977.45,72402.13,9,,Completed,165,749,40444.24,,18,Suspended Official
Maharashtra,Mumbai,GP_Mumbai_85,26-09-2023,2024-25,NSAP,Road Construction,District Audit Unit,921485.79,,49169.98,1,Fund Diversion,Completed,310,6734,495483.2,270253.44,4,FIR Filed
Uttar Pradesh,Lucknow,GP_Lucknow_12,15-08-2022,2024-25,PMAY-G,Pond Desilting,District Audit Unit,1236934.23,95643.97,71898.09,5,No Muster Roll,Pending Recovery,307,257,918136,250122.01,24,Recovery Initiated
Tamil Nadu,Coimbatore,GP_Coimbatore_9,24-03-2024,2022-23,SBM-G,School Building,SAU Team A,1142408.34,,46100.26,5,Incomplete Work,Completed,36,821,613292.13,64463.08,19,No Action
Andhra Pradesh,Vizag,GP_Vizag_49,08-08-2022,2024-25,PMGSY,Pond Desilting,District Audit Unit,1180652.46,15283.6,3834.01,10,Fund Diversion,ATR Pending,428,4443,124970.27,760677.44,14,FIR Filed
Kerala,Ernakulam,GP_Ernakulam_74,17-02-2024,2022-23,SBM-G,Toilet Construction,District Audit Unit,545067.65,391.12,17144.03,2,Ghost Beneficiary,ATR Pending,52,5369,239670.92,338792.08,18,Suspended Official
Tamil Nadu,Coimbatore,GP_Coimbatore_19,12-04-2022,2021-22,PMGSY,Water Tank,SAU Team A,1074821.86,,1019.12,0,No Muster Roll,ATR Pending,292,7135,296625.65,435934.6,14,No Action
Kerala,Ernakulam,GP_Ernakulam_38,01-12-2022,2022-23,PMAY-G,Toilet Construction,SAU Team B,1135699,98052.4,68993.4,4,Wage Delay,Completed,115,6699,501359.54,543146.99,2,FIR Filed
Andhra Pradesh,Vizag,GP_Vizag_71,17-10-2023,2021-22,MGNREGA,Toilet Construction,SAU Team B,115618.15,91807.44,26605.88,8,Fund Diversion,ATR Pending,436,152,490093.02,395634.72,6,No Action
Maharashtra,Pune,GP_Pune_6,14-07-2022,2021-22,PMGSY,Pond Desilting,SAU Team A,396265.41,,54846.15,4,Material Overbilling,Pending Recovery,283,4946,446271.95,101654.62,1,No Action
Tamil Nadu,Coimbatore,GP_Coimbatore_23,09-07-2024,2023-24,PMGSY,Road Construction,SAU Team B,290446.32,131812.52,60714.75,5,Ghost Beneficiary,ATR Pending,155,2727,56099.1,295680.05,17,Recovery Initiated
Bihar,Patna,GP_Patna_47,04-03-2022,2023-24,PMGSY,Water Tank,SAU Team B,96364.57,62948.08,35500.75,2,No Muster Roll,Under Review,56,3924,604787.84,60798.21,22,Warning Issued
Uttar Pradesh,Lucknow,GP_Lucknow_20,04-01-2024,2024-25,SBM-G,Road Construction,SAU Team B,203858.57,112705.77,52149.2,1,No Muster Roll,Pending Recovery,72,3806,144828.51,,1,Recovery Initiated
Andhra Pradesh,Vizag,GP_Vizag_71,31-03-2022,2022-23,PMGSY,Pond Desilting,District Audit Unit,1159680.65,130194.57,41706.73,2,Fund Diversion,Pending Recovery,77,7006,247437.51,312652.29,10,Warning Issued
Karnataka,Mysore,GP_Mysore_38,23-03-2023,2022-23,PMGSY,Pond Desilting,SAU Team B,1900505.82,19254.09,60934.1,2,,Closed,469,511,619414.39,607646.63,19,No Action
Bihar,Patna,GP_Patna_21,15-09-2024,2022-23,PMGSY,Water Tank,SAU Team A,1530257.48,96280.97,,6,Ghost Beneficiary,Pending Recovery,421,5986,828084.35,668661.66,24,Suspended Official
Tamil Nadu,Chennai,GP_Chennai_87,27-07-2023,2021-22,PMAY-G,Water Tank,District Audit Unit,1106111.15,127451.3,23150.46,1,,Under Review,81,2092,289459.93,505837.02,22,FIR Filed
Bihar,Patna,GP_Patna_47,29-03-2022,2021-22,MGNREGA,School Building,District Audit Unit,726741.7,92872.07,11936.89,0,Wage Delay,Pending Recovery,378,4797,341000.73,248868.66,19,Recovery Initiated
Tamil Nadu,Coimbatore,GP_Coimbatore_12,16-01-2023,2022-23,NSAP,Pond Desilting,SAU Team A,1933689.26,102251.35,76685.91,11,Fund Diversion,Completed,126,5611,579503.71,625583.23,8,FIR Filed
Bihar,Patna,GP_Patna_6,09-05-2023,2021-22,NSAP,Pond Desilting,SAU Team A,1635629.61,85473.82,2237.75,5,Incomplete Work,Pending Recovery,310,790,280740.95,347742.5,2,FIR Filed
Andhra Pradesh,Vijayawada,GP_Vijayawada_92,13-01-2024,2022-23,NSAP,Toilet Construction,SAU Team B,728737.22,18169.2,,7,Wage Delay,Pending Recovery,277,4820,113663.87,671692.33,22,Suspended Official
Rajasthan,Udaipur,GP_Udaipur_19,26-05-2023,2024-25,MGNREGA,Pond Desilting,SAU Team A,82996.62,114342.78,70649.14,7,Fund Diversion,Pending Recovery,456,6498,246542.5,449785.56,4,No Action
Bihar,Patna,GP_Patna_78,04-05-2023,2022-23,NSAP,Road Construction,District Audit Unit,1078434.46,133463.67,55694.02,4,No Muster Roll,Completed,141,6467,345511.82,162152.17,7,Warning Issued
Andhra Pradesh,Vijayawada,GP_Vijayawada_31,20-03-2024,2021-22,SBM-G,Pond Desilting,SAU Team B,1740237.77,127528.86,,7,Fund Diversion,Pending Recovery,65,787,362493.32,162429.7,19,FIR Filed
Karnataka,Mysore,GP_Mysore_75,19-04-2023,2022-23,SBM-G,Pond Desilting,SAU Team A,657719.65,60677.89,25545.47,0,Incomplete Work,Under Review,436,5579,292159.75,718994.41,6,FIR Filed
Kerala,Thrissur,GP_Thrissur_56,14-04-2024,2023-24,NSAP,Road Construction,District Audit Unit,686324.5,71448.92,20409.23,7,Wage Delay,Closed,196,2222,907437.32,751723.89,24,
Uttar Pradesh,Lucknow,GP_Lucknow_34,13-03-2024,2023-24,SBM-G,Toilet Construction,SAU Team A,707155.44,71506.79,19.25,6,No Muster Roll,Completed,213,1224,109793.95,631627.51,23,FIR Filed
Uttar Pradesh,Kanpur,GP_Kanpur_42,13-07-2023,2024-25,PMGSY,School Building,SAU Team A,1145608.77,108112.83,45965.35,8,Incomplete Work,Pending Recovery,332,7431,273653.7,34018.29,3,FIR Filed
Andhra Pradesh,Vizag,GP_Vizag_52,12-09-2023,2022-23,SBM-G,Toilet Construction,SAU Team A,1789458.73,41420.46,50808.04,10,Material Overbilling,Pending Recovery,31,462,34082.8,243231.68,24,FIR Filed
Andhra Pradesh,Vijayawada,GP_Vijayawada_28,24-07-2024,2022-23,PMGSY,Pond Desilting,SAU Team A,1874803.84,146070.28,23204.06,5,Fund Diversion,Under Review,307,378,109150.45,467806.14,18,No Action
Maharashtra,Pune,GP_Pune_5,07-05-2024,2023-24,NSAP,Water Tank,SAU Team B,924795.84,109570.01,39028.28,5,Material Overbilling,Closed,253,6585,932387.65,778791.1,16,FIR Filed
Bihar,Gaya,GP_Gaya_2,06-12-2022,2022-23,MGNREGA,School Building,SAU Team A,537980.33,10600.64,22960.25,5,Material Overbilling,ATR Pending,480,7808,296362.52,543254.02,6,Suspended Official
Uttar Pradesh,Kanpur,GP_Kanpur_74,30-11-2022,2022-23,NSAP,School Building,SAU Team A,1286450.27,2729.94,10241.29,2,No Muster Roll,ATR Pending,256,4066,703863.45,670457.11,15,No Action
Uttar Pradesh,Lucknow,GP_Lucknow_61,03-10-2022,2022-23,SBM-G,School Building,District Audit Unit,1265165.42,3619.92,64188.84,11,Wage Delay,Under Review,371,1248,180096.74,,6,Recovery Initiated
Karnataka,Mysore,GP_Mysore_32,30-04-2022,2023-24,SBM-G,Road Construction,SAU Team A,862827.5,30800.98,45897.8,9,Fund Diversion,ATR Pending,132,5241,476662.15,41790.28,3,Warning Issued
Karnataka,Bangalore,GP_Bangalore_6,14-07-2022,2022-23,MGNREGA,Toilet Construction,District Audit Unit,1462693.84,100045.43,36053.37,11,Incomplete Work,Closed,262,4284,220575.57,606550.16,22,Suspended Official
Rajasthan,Udaipur,GP_Udaipur_2,12-07-2024,2021-22,PMAY-G,Pond Desilting,District Audit Unit,1861167.84,123983.37,43049.21,8,Fund Diversion,Under Review,425,7518,498201.82,745088.38,5,No Action
Bihar,Gaya,GP_Gaya_47,21-12-2023,2024-25,SBM-G,Water Tank,District Audit Unit,796048.21,139402.28,22174.51,6,Material Overbilling,Under Review,23,7803,918756.79,90324.75,6,FIR Filed
Karnataka,Mysore,GP_Mysore_34,04-08-2024,2022-23,SBM-G,Water Tank,SAU Team B,1462209.17,91839.78,,2,Material Overbilling,Under Review,133,6109,40560.39,728548.87,22,Recovery Initiated
Karnataka,Bangalore,GP_Bangalore_25,19-02-2022,2023-24,PMAY-G,Pond Desilting,SAU Team A,116386.79,,10269.79,1,Incomplete Work,Under Review,470,5006,442612.25,604948.75,10,
Kerala,Ernakulam,GP_Ernakulam_84,18-06-2023,2023-24,SBM-G,School Building,SAU Team B,1197200.15,1495.65,62782.17,4,Wage Delay,Completed,349,608,703435.85,627403.29,9,Recovery Initiated
Tamil Nadu,Chennai,GP_Chennai_96,16-07-2024,2022-23,MGNREGA,Toilet Construction,SAU Team B,159356.33,55006.3,73012.83,4,Wage Delay,ATR Pending,277,3008,588920.87,,16,
Andhra Pradesh,Vizag,GP_Vizag_21,24-06-2022,2024-25,NSAP,School Building,District Audit Unit,1387120.95,147973.06,57502.33,10,,Pending Recovery,447,6231,24508.53,405177.58,23,
Uttar Pradesh,Kanpur,GP_Kanpur_52,28-02-2022,2021-22,PMAY-G,Toilet Construction,District Audit Unit,1100237.6,77782.76,78315.34,1,Wage Delay,Completed,69,107,595361.29,685438.95,20,Recovery Initiated
Karnataka,Mysore,GP_Mysore_28,09-07-2022,2024-25,SBM-G,School Building,SAU Team B,1830035.77,85164.18,,1,,Under Review,162,5491,689570.83,110284.6,5,Suspended Official
Andhra Pradesh,Vijayawada,GP_Vijayawada_14,28-08-2024,2022-23,PMAY-G,Toilet Construction,District Audit Unit,1044537.79,8301.3,,11,Fund Diversion,Closed,111,4062,215377.44,403697.69,13,No Action
Tamil Nadu,Chennai,GP_Chennai_10,28-05-2022,2023-24,PMAY-G,Water Tank,SAU Team B,1143865.17,43806.83,73569.74,10,,Closed,479,1728,324063.25,478255.1,19,Warning Issued
Uttar Pradesh,Kanpur,GP_Kanpur_63,14-09-2023,2024-25,NSAP,Road Construction,District Audit Unit,1354459.73,51813.03,59979.42,5,Wage Delay,ATR Pending,101,6172,41502.64,563491.17,10,No Action
Kerala,Thrissur,GP_Thrissur_10,01-11-2023,2023-24,NSAP,Pond Desilting,SAU Team A,1009552.46,12520.79,8227.92,0,Ghost Beneficiary,ATR Pending,18,7701,838532.57,499691.19,20,Recovery Initiated
Maharashtra,Pune,GP_Pune_13,25-06-2024,2022-23,PMGSY,Pond Desilting,District Audit Unit,327984.7,34156.43,22317.23,3,Wage Delay,Completed,63,2376,972738.44,244525.6,10,Suspended Official
Andhra Pradesh,Vijayawada,GP_Vijayawada_98,24-06-2022,2021-22,SBM-G,Toilet Construction,District Audit Unit,911603.77,,69396.08,11,Incomplete Work,Pending Recovery,266,641,506855.43,30187.88,16,Suspended Official
Rajasthan,Udaipur,GP_Udaipur_26,04-07-2023,2023-24,SBM-G,Water Tank,SAU Team A,1986790.83,96386.99,34568.23,3,Wage Delay,Pending Recovery,112,4959,25638.2,661101.56,3,
Rajasthan,Jaipur,GP_Jaipur_68,20-10-2023,2024-25,MGNREGA,Toilet Construction,SAU Team B,1196805.14,85811.31,12294.09,2,Ghost Beneficiary,ATR Pending,273,6028,587948.56,251157.32,18,No Action
Uttar Pradesh,Kanpur,GP_Kanpur_80,23-02-2022,2022-23,NSAP,Pond Desilting,District Audit Unit,1136064.45,,75096.87,11,Fund Diversion,Closed,115,7987,518509.66,462372.03,16,Suspended Official
Tamil Nadu,Chennai,GP_Chennai_80,30-07-2024,2021-22,NSAP,Water Tank,District Audit Unit,591748.01,1332.57,65667.49,5,,Closed,102,6256,258007.36,325502.5,3,
Bihar,Patna,GP_Patna_59,26-10-2022,2021-22,PMGSY,Toilet Construction,SAU Team B,756345.31,149972.51,79789.29,4,Material Overbilling,Completed,250,4640,225997.19,283360.76,3,Warning Issued
Maharashtra,Mumbai,GP_Mumbai_69,26-07-2022,2021-22,NSAP,Toilet Construction,District Audit Unit,82974.14,8079.32,57933.59,3,Material Overbilling,ATR Pending,393,264,902151.66,86032.86,2,FIR Filed
Karnataka,Mysore,GP_Mysore_38,15-10-2022,2021-22,MGNREGA,Road Construction,SAU Team B,189774.79,83993.84,73971.8,7,Material Overbilling,Under Review,235,4744,199716.16,337417.23,7,FIR Filed
Kerala,Ernakulam,GP_Ernakulam_8,20-10-2023,2023-24,NSAP,Toilet Construction,SAU Team B,1287930.5,30343.19,31345.55,11,Wage Delay,Completed,91,2605,249415.96,22930.53,4,FIR Filed
Karnataka,Mysore,GP_Mysore_42,11-10-2023,2023-24,PMGSY,Road Construction,SAU Team A,900737.53,139845.85,49816.03,3,Fund Diversion,Under Review,53,5677,686195.38,125783.98,17,Suspended Official
Uttar Pradesh,Lucknow,GP_Lucknow_82,23-04-2022,2021-22,PMAY-G,Pond Desilting,SAU Team B,897862.99,119346.2,60481.33,1,Material Overbilling,Under Review,46,4560,203502.01,325290.53,16,No Action
Rajasthan,Udaipur,GP_Udaipur_32,16-04-2024,2023-24,NSAP,School Building,District Audit Unit,732704.37,147620.95,16434.74,3,No Muster Roll,Completed,366,6316,871694.3,64012.99,1,FIR Filed
Kerala,Ernakulam,GP_Ernakulam_9,24-02-2024,2022-23,SBM-G,Toilet Construction,District Audit Unit,1309231.16,79690.2,25288.13,6,Ghost Beneficiary,Pending Recovery,425,5676,497402.46,607056.25,10,Suspended Official
Rajasthan,Udaipur,GP_Udaipur_93,16-07-2024,2022-23,MGNREGA,School Building,District Audit Unit,1351065.92,147861.71,45626.59,6,Wage Delay,Pending Recovery,155,650,937774.88,,5,FIR Filed
Kerala,Ernakulam,GP_Ernakulam_39,12-02-2023,2023-24,PMAY-G,Pond Desilting,SAU Team B,1367138.46,30835.76,1659.91,6,No Muster Roll,Under Review,439,5706,250835.74,360630.3,10,
Rajasthan,Udaipur,GP_Udaipur_51,28-07-2023,2023-24,PMGSY,Water Tank,SAU Team B,1178927.49,67566.15,77180.2,7,Ghost Beneficiary,Completed,220,2942,580652.71,602434.76,24,Suspended Official
Uttar Pradesh,Lucknow,GP_Lucknow_92,26-04-2022,2024-25,PMGSY,Toilet Construction,SAU Team B,1227082.59,149863.62,,4,Material Overbilling,Closed,291,2067,353578.98,362243.1,10,Warning Issued
Bihar,Patna,GP_Patna_59,15-02-2024,2022-23,PMAY-G,Toilet Construction,SAU Team A,304916.71,134966.23,,5,Wage Delay,Under Review,239,5239,424180.9,626625.57,16,Recovery Initiated
Rajasthan,Udaipur,GP_Udaipur_91,06-10-2023,2021-22,SBM-G,Pond Desilting,District Audit Unit,705142.1,118936.87,40761.06,1,,Pending Recovery,300,165,293013.47,452725.09,22,Recovery Initiated
Uttar Pradesh,Kanpur,GP_Kanpur_55,13-08-2022,2021-22,PMGSY,Road Construction,District Audit Unit,1428402.05,49367.87,78483.09,10,Fund Diversion,Under Review,136,5301,520106.33,634862.67,24,FIR Filed
Bihar,Gaya,GP_Gaya_52,25-09-2022,2021-22,PMAY-G,Road Construction,SAU Team B,69228.42,126293.77,51220.86,7,Fund Diversion,Completed,93,5722,878467.59,220542.77,24,
Rajasthan,Udaipur,GP_Udaipur_34,08-06-2024,2022-23,NSAP,School Building,SAU Team A,432552.18,29169.95,43268.77,11,Incomplete Work,Completed,91,7197,871382.28,12620.2,1,FIR Filed
Andhra Pradesh,Vijayawada,GP_Vijayawada_3,25-09-2022,2023-24,MGNREGA,School Building,SAU Team B,1139021.94,127462.96,71942.3,5,Wage Delay,Closed,27,7924,39665.75,382450.51,1,FIR Filed
Maharashtra,Pune,GP_Pune_95,26-05-2022,2021-22,PMGSY,Road Construction,SAU Team A,1691851.3,85556.43,72371.07,9,,Closed,58,4657,268687.36,,24,Warning Issued
Rajasthan,Jaipur,GP_Jaipur_66,03-08-2023,2021-22,MGNREGA,Water Tank,District Audit Unit,868102.31,146555.81,1407.4,1,Incomplete Work,Under Review,420,3298,144033.72,434124.35,11,FIR Filed
Maharashtra,Mumbai,GP_Mumbai_19,28-06-2023,2022-23,MGNREGA,School Building,SAU Team B,332463.01,12876.34,48164.29,5,,Pending Recovery,238,459,513130.19,,22,Suspended Official
Maharashtra,Mumbai,GP_Mumbai_61,23-10-2022,2024-25,NSAP,Water Tank,SAU Team A,740338.29,31473.99,14608.11,7,Fund Diversion,Under Review,187,2886,46099.05,479944.02,13,Warning Issued
Karnataka,Mysore,GP_Mysore_64,11-12-2022,2021-22,SBM-G,Road Construction,SAU Team A,502918.17,104255.91,71183.77,2,,Under Review,188,6130,198852.18,376933.88,23,Recovery Initiated
Andhra Pradesh,Vijayawada,GP_Vijayawada_19,20-05-2022,2024-25,SBM-G,School Building,District Audit Unit,1072676.32,33192.61,8642.03,8,Fund Diversion,Under Review,287,2461,601047.23,300843.03,6,FIR Filed
Andhra Pradesh,Vizag,GP_Vizag_76,17-07-2024,2023-24,MGNREGA,Road Construction,SAU Team B,760366.97,105761.99,18501.14,4,,Under Review,386,7460,731183.74,339461.57,10,Warning Issued
Andhra Pradesh,Vizag,GP_Vizag_60,25-08-2024,2024-25,NSAP,Water Tank,SAU Team B,1289955.33,132761.38,56498.54,5,Material Overbilling,Completed,408,3083,512030.18,216464.06,20,No Action
Andhra Pradesh,Vijayawada,GP_Vijayawada_82,03-10-2022,2024-25,MGNREGA,School Building,SAU Team B,743146.71,,50709.8,9,Incomplete Work,Pending Recovery,236,3532,64762.22,114469.7,12,No Action
Tamil Nadu,Coimbatore,GP_Coimbatore_5,26-07-2024,2021-22,PMGSY,School Building,SAU Team B,555126.46,129344.88,16209.51,9,Fund Diversion,Under Review,163,5121,789182.31,710963.85,21,Suspended Official
Bihar,Patna,GP_Patna_11,22-08-2023,2021-22,NSAP,Road Construction,SAU Team A,1126463.13,,30046.93,10,,Completed,378,7361,570344.22,,23,Suspended Official
Bihar,Gaya,GP_Gaya_26,01-03-2024,2023-24,PMGSY,School Building,District Audit Unit,1613131.07,,26839.38,7,Fund Diversion,Completed,296,4094,54596.21,430257.1,17,
Rajasthan,Udaipur,GP_Udaipur_32,30-09-2022,2023-24,PMGSY,Pond Desilting,District Audit Unit,1144053.04,46656.8,63448.85,8,Material Overbilling,ATR Pending,254,3471,658057.4,522313.22,0,Suspended Official
Maharashtra,Mumbai,GP_Mumbai_55,13-02-2022,2022-23,SBM-G,Road Construction,District Audit Unit,987444.78,79529.03,28488.47,7,Incomplete Work,Pending Recovery,404,2598,949577.74,231360.27,17,Suspended Official
Tamil Nadu,Coimbatore,GP_Coimbatore_22,07-05-2024,2022-23,PMAY-G,Water Tank,SAU Team B,304717.74,80620.21,65025.87,2,Wage Delay,Completed,196,5156,934288.66,627754.37,19,
Bihar,Gaya,GP_Gaya_19,04-06-2023,2024-25,NSAP,Pond Desilting,SAU Team B,438908.66,52691.76,,8,Incomplete Work,Completed,271,1225,22039.88,178673.98,23,Suspended Official
Tamil Nadu,Chennai,GP_Chennai_63,01-05-2024,2021-22,PMAY-G,Water Tank,SAU Team A,1208050.02,34547.2,14722.39,10,Fund Diversion,Under Review,463,4261,553830.38,478554.81,13,Recovery Initiated
Maharashtra,Pune,GP_Pune_44,03-03-2022,2024-25,NSAP,School Building,District Audit Unit,50361.13,134717.64,,2,Ghost Beneficiary,Closed,490,6983,523771.41,239302.75,22,Recovery Initiated
Bihar,Patna,GP_Patna_61,11-07-2022,2024-25,MGNREGA,Pond Desilting,District Audit Unit,609284.62,30002.44,39380.51,5,,Pending Recovery,239,6740,176671.28,624906.19,0,No Action
Karnataka,Mysore,GP_Mysore_3,11-08-2023,2022-23,MGNREGA,School Building,SAU Team A,806027.99,126909.96,24468.65,5,Fund Diversion,Closed,16,172,755021.75,450090.71,17,Recovery Initiated
Bihar,Gaya,GP_Gaya_67,09-05-2023,2023-24,PMAY-G,Toilet Construction,SAU Team A,1104837.6,138632.51,1847.97,0,Fund Diversion,ATR Pending,46,5490,310762.76,184762.74,14,No Action
Tamil Nadu,Chennai,GP_Chennai_78,10-09-2024,2022-23,MGNREGA,Toilet Construction,SAU Team A,1954826.82,44796.9,3074.65,8,Wage Delay,Closed,377,829,232497.53,385172.81,2,Recovery Initiated
Karnataka,Mysore,GP_Mysore_54,20-03-2024,2023-24,NSAP,School Building,SAU Team A,1041276.99,138732.37,56943.27,1,Wage Delay,Pending Recovery,238,5793,456141.27,255813.81,15,Recovery Initiated
Rajasthan,Jaipur,GP_Jaipur_8,19-02-2022,2022-23,PMGSY,Water Tank,SAU Team A,1190733.91,96964.59,18521.37,9,Fund Diversion,Closed,400,5514,79813.04,18139.68,24,Warning Issued
Maharashtra,Pune,GP_Pune_76,14-09-2024,2021-22,PMAY-G,Water Tank,District Audit Unit,123979.71,26735.16,71064.87,7,Fund Diversion,Pending Recovery,215,6513,269704.81,215418.46,9,FIR Filed
Andhra Pradesh,Vijayawada,GP_Vijayawada_17,26-11-2023,2021-22,MGNREGA,Road Construction,SAU Team B,861431.16,121133.33,20016.57,6,Wage Delay,Under Review,483,6749,72121.63,232400.08,9,Recovery Initiated
Karnataka,Bangalore,GP_Bangalore_85,09-08-2023,2022-23,PMAY-G,Road Construction,SAU Team A,478998.97,145170.04,54606.57,4,Ghost Beneficiary,Closed,229,5213,952114.31,537698.36,8,No Action
Maharashtra,Mumbai,GP_Mumbai_41,27-12-2023,2021-22,SBM-G,Pond Desilting,SAU Team A,995857.9,40923.4,21440.94,10,Fund Diversion,Pending Recovery,382,5512,678405.13,179812.44,8,Recovery Initiated
Bihar,Patna,GP_Patna_72,11-07-2022,2021-22,SBM-G,Road Construction,SAU Team A,1349076.27,22798.88,41768.84,0,Incomplete Work,Closed,345,7384,317890.87,579973.47,7,Recovery Initiated
Tamil Nadu,Chennai,GP_Chennai_39,24-11-2023,2024-25,MGNREGA,Road Construction,District Audit Unit,763254.46,,63444.94,1,Incomplete Work,Under Review,332,7411,883290.59,686113.3,1,Recovery Initiated
Rajasthan,Udaipur,GP_Udaipur_58,21-05-2024,2024-25,PMGSY,Water Tank,District Audit Unit,55777.31,135219.69,19288.84,7,Ghost Beneficiary,Completed,366,1466,430194.29,332353.97,19,Recovery Initiated
Uttar Pradesh,Lucknow,GP_Lucknow_23,14-07-2024,2022-23,MGNREGA,School Building,SAU Team B,735688.2,54806.61,,1,Ghost Beneficiary,Under Review,397,4289,678828.18,555304.9,12,Recovery Initiated
Maharashtra,Pune,GP_Pune_16,04-07-2022,2022-23,PMGSY,Toilet Construction,SAU Team A,86168.98,11920.75,57053.14,9,Ghost Beneficiary,Closed,155,4427,391656.3,,11,Suspended Official
Maharashtra,Mumbai,GP_Mumbai_36,14-07-2024,2023-24,PMGSY,Road Construction,SAU Team B,89045.89,117763.83,9256.99,6,No Muster Roll,Closed,133,6425,902447.93,,2,Warning Issued
Maharashtra,Mumbai,GP_Mumbai_1,20-02-2024,2021-22,PMAY-G,Pond Desilting,SAU Team B,56189.88,80561.93,18352.96,0,Fund Diversion,Under Review,331,6300,620250.37,191572.81,16,FIR Filed
Rajasthan,Udaipur,GP_Udaipur_25,02-05-2022,2024-25,SBM-G,Pond Desilting,District Audit Unit,1203288.81,93257.58,66677.77,2,Incomplete Work,Closed,323,5516,140830.54,563050.7,19,Suspended Official
Uttar Pradesh,Lucknow,GP_Lucknow_86,27-10-2022,2021-22,NSAP,Pond Desilting,District Audit Unit,312855.77,14757.82,76717.39,3,Wage Delay,Under Review,246,1306,755953.79,445438.8,4,Recovery Initiated
Karnataka,Mysore,GP_Mysore_6,30-05-2022,2022-23,MGNREGA,Toilet Construction,SAU Team B,633726.21,31060.83,46434.34,9,Ghost Beneficiary,Under Review,202,5195,440901.85,403229.56,10,No Action
Rajasthan,Udaipur,GP_Udaipur_34,14-03-2022,2021-22,NSAP,School Building,SAU Team B,309347.24,109938.34,13834.52,3,Incomplete Work,Closed,65,3852,931245.64,513509.78,5,No Action
Kerala,Ernakulam,GP_Ernakulam_58,26-01-2024,2022-23,MGNREGA,Toilet Construction,SAU Team B,477568.12,,40982.62,5,No Muster Roll,ATR Pending,92,2807,989481.41,,21,No Action
Kerala,Ernakulam,GP_Ernakulam_86,10-01-2023,2022-23,NSAP,Road Construction,District Audit Unit,738397.33,114933.42,13049.69,2,Incomplete Work,Pending Recovery,233,6405,23702.62,330206.52,24,Recovery Initiated
Uttar Pradesh,Lucknow,GP_Lucknow_14,09-12-2022,2023-24,SBM-G,Toilet Construction,SAU Team B,395991.72,63500.47,784.65,6,Ghost Beneficiary,ATR Pending,416,395,433259.84,182075.05,18,Warning Issued
Uttar Pradesh,Lucknow,GP_Lucknow_34,21-06-2023,2024-25,PMGSY,Toilet Construction,SAU Team B,300139.71,148097.1,31371.19,5,Wage Delay,Closed,83,2099,218316.29,488307.69,10,
Tamil Nadu,Chennai,GP_Chennai_36,13-09-2024,2023-24,PMGSY,School Building,SAU Team B,1080286.64,136333.35,48704.17,2,Fund Diversion,Under Review,399,2681,289685.29,145236.72,12,Warning Issued
Tamil Nadu,Chennai,GP_Chennai_41,19-12-2023,2022-23,NSAP,Road Construction,SAU Team B,1976586.34,131445.66,27459.89,6,Wage Delay,Completed,65,2061,778991.34,184026.07,4,No Action
Maharashtra,Pune,GP_Pune_86,23-10-2023,2023-24,MGNREGA,Water Tank,District Audit Unit,1352476.65,29760.8,66393.79,6,Material Overbilling,ATR Pending,30,3837,363315.43,708489.7,15,No Action
Karnataka,Bangalore,GP_Bangalore_92,17-05-2024,2021-22,NSAP,School Building,SAU Team A,905872.04,,66965.96,0,Wage Delay,Closed,398,1992,425007.71,622847.07,23,FIR Filed
Uttar Pradesh,Lucknow,GP_Lucknow_37,04-09-2022,2021-22,PMGSY,Pond Desilting,SAU Team B,1220354.79,,40270.24,1,Material Overbilling,Under Review,383,3677,29690.11,411267.28,17,Recovery Initiated
Tamil Nadu,Coimbatore,GP_Coimbatore_50,02-05-2023,2024-25,PMGSY,School Building,SAU Team A,1482680.61,119318.24,70503.04,10,Ghost Beneficiary,Closed,67,978,744624.63,411012.2,23,Warning Issued
Maharashtra,Mumbai,GP_Mumbai_35,04-05-2024,2021-22,SBM-G,Toilet Construction,District Audit Unit,192464.36,,39114.89,6,No Muster Roll,Completed,253,6599,675191.28,429835.15,15,Recovery Initiated
Kerala,Ernakulam,GP_Ernakulam_97,01-01-2023,2022-23,PMGSY,Toilet Construction,District Audit Unit,241331.8,69999.13,23150.25,8,Ghost Beneficiary,Pending Recovery,82,897,76869.03,82059.28,8,Suspended Official
Maharashtra,Pune,GP_Pune_45,09-11-2022,2021-22,NSAP,School Building,District Audit Unit,1212951.57,138083.13,43749.35,10,Wage Delay,Closed,447,3178,784531.17,672293.08,14,
Rajasthan,Udaipur,GP_Udaipur_48,25-07-2024,2023-24,PMGSY,Water Tank,SAU Team B,456303.54,101664.07,41204.83,5,Fund Diversion,Under Review,288,1843,753614.01,248446.73,3,Recovery Initiated
Bihar,Gaya,GP_Gaya_16,30-05-2022,2022-23,PMGSY,Water Tank,District Audit Unit,260893.97,62673.28,1028.6,2,Material Overbilling,ATR Pending,162,2941,652399.81,526427.82,5,FIR Filed
Maharashtra,Pune,GP_Pune_65,28-12-2023,2021-22,NSAP,School Building,District Audit Unit,342184.36,,41975.31,4,Wage Delay,Pending Recovery,472,2047,706786.43,727992.59,19,Suspended Official
Karnataka,Bangalore,GP_Bangalore_83,10-09-2023,2022-23,SBM-G,Road Construction,SAU Team B,953080.17,140833.82,61242.51,5,Fund Diversion,Pending Recovery,90,3235,290960.59,344861.05,13,FIR Filed
Rajasthan,Udaipur,GP_Udaipur_20,20-05-2022,2024-25,PMAY-G,School Building,District Audit Unit,488506.43,75559.91,27328.18,2,,Pending Recovery,82,7352,316037.22,794197.25,7,
Rajasthan,Udaipur,GP_Udaipur_49,06-04-2022,2021-22,MGNREGA,School Building,SAU Team B,1313825.9,,71546.85,5,No Muster Roll,Completed,458,1166,345972.04,412326.69,9,Warning Issued
Bihar,Gaya,GP_Gaya_49,19-05-2024,2023-24,MGNREGA,Pond Desilting,District Audit Unit,1896979.92,111633.25,62350.33,11,,Under Review,18,4197,541367.13,,17,Warning Issued
Maharashtra,Pune,GP_Pune_47,25-12-2022,2021-22,NSAP,Pond Desilting,SAU Team B,378615.15,108503.79,,0,,Under Review,218,6241,621387.59,21596.6,2,Recovery Initiated
Karnataka,Mysore,GP_Mysore_17,25-04-2024,2021-22,NSAP,Road Construction,District Audit Unit,234636.48,,57721.13,5,Fund Diversion,ATR Pending,459,7960,132043.39,,1,Suspended Official
Tamil Nadu,Chennai,GP_Chennai_61,23-08-2023,2024-25,NSAP,Water Tank,District Audit Unit,1508883.27,135004.44,32229.26,4,Material Overbilling,ATR Pending,305,6256,404651.97,477838.14,13,Suspended Official
Maharashtra,Pune,GP_Pune_2,27-03-2024,2023-24,PMAY-G,Pond Desilting,SAU Team A,1913870.12,50009.57,73540.34,4,Ghost Beneficiary,Pending Recovery,364,1973,910488.44,192147.84,3,No Action
Maharashtra,Pune,GP_Pune_87,14-08-2023,2023-24,PMAY-G,Toilet Construction,SAU Team B,190156.74,105507.1,54512.56,8,Fund Diversion,ATR Pending,238,793,379636.85,650580.17,20,FIR Filed
Andhra Pradesh,Vizag,GP_Vizag_65,24-03-2022,2021-22,PMAY-G,Water Tank,SAU Team B,585563.98,75788.31,41321,9,,Completed,468,7714,928088.92,203386.4,18,Recovery Initiated
Kerala,Thrissur,GP_Thrissur_19,06-01-2023,2022-23,SBM-G,Pond Desilting,SAU Team B,463751.75,123962.24,78154.2,3,Fund Diversion,ATR Pending,124,4935,818246.22,190241.45,16,Warning Issued
Tamil Nadu,Chennai,GP_Chennai_76,19-06-2024,2022-23,PMGSY,Water Tank,SAU Team A,1304872.11,23139.64,41238.79,5,Incomplete Work,Under Review,385,3283,868854.36,675981.34,20,Recovery Initiated
Rajasthan,Udaipur,GP_Udaipur_41,28-05-2024,2021-22,PMGSY,School Building,SAU Team A,1022103.2,81637.71,10057.19,2,Fund Diversion,Pending Recovery,463,3809,227230.32,564500.48,0,FIR Filed
Andhra Pradesh,Vijayawada,GP_Vijayawada_19,30-06-2024,2024-25,MGNREGA,Pond Desilting,SAU Team A,274569.63,119016.24,39103.9,5,Wage Delay,Closed,328,5746,979836.89,228720.14,7,Suspended Official
Bihar,Gaya,GP_Gaya_84,01-12-2023,2024-25,PMAY-G,School Building,SAU Team A,1633977.31,138685.53,,2,Wage Delay,Completed,322,3610,487235.11,539122.92,23,Warning Issued
Bihar,Patna,GP_Patna_10,26-09-2022,2024-25,PMAY-G,School Building,District Audit Unit,1476635.49,21125.05,,11,Incomplete Work,Completed,284,3725,444684.18,114732.57,20,FIR Filed
Bihar,Gaya,GP_Gaya_3,01-01-2024,2023-24,SBM-G,Toilet Construction,District Audit Unit,653606.88,131820.14,23032.47,5,Material Overbilling,Pending Recovery,279,7498,186098.51,421665.89,23,No Action
Uttar Pradesh,Lucknow,GP_Lucknow_15,14-11-2023,2024-25,MGNREGA,Toilet Construction,District Audit Unit,1207690.86,58631.38,74503.88,8,Wage Delay,Under Review,329,6911,593879.99,137204.48,14,Suspended Official
Rajasthan,Jaipur,GP_Jaipur_95,30-10-2022,2022-23,SBM-G,Road Construction,District Audit Unit,1016680.9,87988.41,42982.23,2,Wage Delay,Closed,13,4982,774611.16,252905.99,15,Suspended Official
Karnataka,Bangalore,GP_Bangalore_35,24-07-2023,2023-24,NSAP,Pond Desilting,SAU Team B,815267.45,,23906.07,3,Wage Delay,Under Review,84,3910,257630.04,761952.45,12,No Action
Kerala,Ernakulam,GP_Ernakulam_25,30-07-2022,2023-24,SBM-G,Toilet Construction,District Audit Unit,605469.46,,33761.89,8,,Closed,401,7985,824768.9,506783.43,5,Warning Issued
Kerala,Thrissur,GP_Thrissur_85,09-04-2022,2024-25,PMGSY,Toilet Construction,SAU Team B,1908499.35,13165.43,37515.43,1,Material Overbilling,Pending Recovery,153,2298,61087.83,343244.75,18,Suspended Official
Andhra Pradesh,Vijayawada,GP_Vijayawada_67,24-09-2022,2022-23,PMGSY,Pond Desilting,SAU Team A,156014.05,83542.26,3362.91,10,Wage Delay,Completed,497,2372,442422.55,627343.43,14,No Action
Kerala,Ernakulam,GP_Ernakulam_91,28-07-2024,2024-25,MGNREGA,School Building,SAU Team A,492942.01,18013.61,57653.63,9,Fund Diversion,Completed,195,7264,94767.67,537481.23,5,
Bihar,Patna,GP_Patna_73,21-02-2024,2022-23,MGNREGA,Road Construction,District Audit Unit,186082.28,146883.75,8735.77,1,,Under Review,282,5525,82180.32,284807.28,21,No Action
Kerala,Thrissur,GP_Thrissur_46,20-08-2024,2021-22,PMAY-G,Toilet Construction,SAU Team A,798681.48,,47670.69,2,Wage Delay,Closed,102,5684,737560.45,760417.03,10,FIR Filed
Uttar Pradesh,Lucknow,GP_Lucknow_98,17-09-2024,2022-23,PMAY-G,Pond Desilting,SAU Team B,943835.23,101061.69,57463.22,6,No Muster Roll,Pending Recovery,307,3956,823868.81,798406.28,18,Suspended Official
Karnataka,Mysore,GP_Mysore_5,24-08-2023,2022-23,PMAY-G,School Building,District Audit Unit,1981660.21,83055.71,11553.91,0,Fund Diversion,Closed,349,2817,316858.73,72762.09,12,FIR Filed
Tamil Nadu,Chennai,GP_Chennai_13,30-07-2022,2021-22,NSAP,Road Construction,SAU Team A,1673911.31,111416.5,31063.82,2,Fund Diversion,Pending Recovery,262,4461,371257.23,78263.24,7,Recovery Initiated
Tamil Nadu,Chennai,GP_Chennai_65,27-08-2022,2023-24,PMGSY,School Building,District Audit Unit,1133888.95,129991.23,22523.67,9,Incomplete Work,Under Review,46,5495,202889.06,216221.86,1,
Karnataka,Bangalore,GP_Bangalore_65,18-01-2022,2021-22,SBM-G,Road Construction,SAU Team A,1307769.14,81079.39,16598.19,10,Material Overbilling,Completed,120,2984,801749.85,148914.16,22,FIR Filed
Maharashtra,Pune,GP_Pune_39,17-08-2024,2021-22,PMAY-G,Road Construction,SAU Team B,544905.4,132765.75,76688.68,6,Incomplete Work,ATR Pending,479,6814,785172.09,357413.71,8,Recovery Initiated
Uttar Pradesh,Kanpur,GP_Kanpur_38,04-07-2023,2023-24,PMGSY,Toilet Construction,SAU Team B,1211577.24,76147.21,12152.48,0,Material Overbilling,Completed,424,3826,361091.24,52370.5,4,Recovery Initiated
Rajasthan,Udaipur,GP_Udaipur_6,19-04-2022,2022-23,PMGSY,Water Tank,District Audit Unit,1544786.72,140551.45,55163.45,1,Incomplete Work,Closed,446,1291,370221.31,,13,FIR Filed
Bihar,Gaya,GP_Gaya_48,08-01-2022,2021-22,MGNREGA,School Building,SAU Team B,1799624.48,78223.29,70500.25,4,Wage Delay,Pending Recovery,349,419,887909.39,253966.94,8,No Action
Kerala,Thrissur,GP_Thrissur_41,02-04-2022,2023-24,MGNREGA,School Building,SAU Team B,1928794.34,149332.21,41782.32,6,Material Overbilling,Closed,394,2987,67051.63,513754.78,4,Warning Issued
Andhra Pradesh,Vizag,GP_Vizag_34,07-02-2024,2024-25,PMGSY,Road Construction,SAU Team A,1062492.15,29518.52,35938.97,1,No Muster Roll,ATR Pending,171,3559,30688.86,758039.5,20,Warning Issued
Karnataka,Mysore,GP_Mysore_15,14-09-2024,2024-25,PMAY-G,Water Tank,SAU Team A,560762.03,101926.1,51110.22,8,Material Overbilling,Closed,103,481,978342.05,362859.81,24,
Uttar Pradesh,Kanpur,GP_Kanpur_46,20-06-2024,2023-24,NSAP,Road Construction,District Audit Unit,1228012.36,49349.37,55264.61,3,Fund Diversion,ATR Pending,156,5491,552901.76,468014.36,13,No Action
Karnataka,Bangalore,GP_Bangalore_2,25-04-2023,2022-23,SBM-G,Road Construction,District Audit Unit,594670.35,48283.7,63152.64,5,Wage Delay,Under Review,93,6594,759433.2,224874.45,13,Suspended Official
Bihar,Gaya,GP_Gaya_93,05-04-2023,2023-24,MGNREGA,Road Construction,SAU Team B,1902852.39,8456.73,5300.38,10,,Pending Recovery,202,1253,555348.34,317004.32,7,
Rajasthan,Udaipur,GP_Udaipur_15,04-02-2023,2024-25,SBM-G,School Building,SAU Team B,1263989.67,123231.06,65859.97,9,Ghost Beneficiary,Pending Recovery,93,675,959143.18,473687,7,FIR Filed
Uttar Pradesh,Lucknow,GP_Lucknow_10,11-02-2024,2023-24,PMGSY,Pond Desilting,SAU Team B,526248.73,60790.44,,1,No Muster Roll,Closed,194,5599,322135.08,,22,FIR Filed
Andhra Pradesh,Vijayawada,GP_Vijayawada_30,06-06-2024,2023-24,SBM-G,Road Construction,SAU Team A,188752.75,67973.51,41666.66,7,,Pending Recovery,294,173,435948.85,,17,No Action
Karnataka,Bangalore,GP_Bangalore_29,29-06-2022,2022-23,NSAP,Toilet Construction,SAU Team B,1800091.63,64517.74,41892.77,2,No Muster Roll,Under Review,255,6498,843931.23,,21,FIR Filed
Andhra Pradesh,Vizag,GP_Vizag_13,16-08-2024,2022-23,MGNREGA,Water Tank,SAU Team B,1642409.98,,65898.75,5,No Muster Roll,ATR Pending,433,5021,782907.29,330526.46,19,No Action
Tamil Nadu,Chennai,GP_Chennai_90,29-12-2023,2023-24,PMAY-G,School Building,SAU Team A,1779468.11,58204.14,29231.56,1,Incomplete Work,Pending Recovery,359,417,975475.07,661038.44,5,Warning Issued
Uttar Pradesh,Lucknow,GP_Lucknow_92,31-07-2024,2022-23,MGNREGA,Toilet Construction,SAU Team B,1904735.15,,66967.96,11,Wage Delay,Completed,182,2032,74592.76,398097.97,0,No Action
Kerala,Ernakulam,GP_Ernakulam_59,12-08-2023,2022-23,PMAY-G,Road Construction,SAU Team B,529384.76,62791.05,18661.27,9,Material Overbilling,ATR Pending,123,7384,90596.19,313581.65,20,Suspended Official
Karnataka,Mysore,GP_Mysore_13,17-10-2023,2023-24,PMGSY,School Building,SAU Team A,1206327.55,10782.92,39518.79,4,Fund Diversion,Completed,120,607,807798.85,755468.22,22,FIR Filed
Rajasthan,Jaipur,GP_Jaipur_29,14-07-2022,2021-22,NSAP,Toilet Construction,SAU Team A,1692832.17,29654.68,77933.96,4,Incomplete Work,Closed,272,934,742726.94,433741.22,8,No Action
Kerala,Thrissur,GP_Thrissur_70,06-12-2022,2021-22,PMGSY,Road Construction,District Audit Unit,1430931.35,,,5,Fund Diversion,ATR Pending,182,7893,158404.93,759402.03,8,Recovery Initiated
Rajasthan,Udaipur,GP_Udaipur_44,05-03-2023,2022-23,NSAP,Water Tank,SAU Team B,1675402.28,136089.86,33057.81,5,Incomplete Work,Under Review,61,2636,443862.72,387314.72,0,Recovery Initiated
Rajasthan,Udaipur,GP_Udaipur_66,11-03-2023,2024-25,NSAP,Pond Desilting,District Audit Unit,1593402.35,95591.97,9934.38,4,,Pending Recovery,226,1445,251307.05,655061.15,14,FIR Filed
Bihar,Patna,GP_Patna_1,26-03-2023,2023-24,SBM-G,Toilet Construction,SAU Team A,990885.9,103043.41,57997.66,5,,Pending Recovery,454,7920,775943.36,448696.13,5,No Action
Kerala,Ernakulam,GP_Ernakulam_40,22-09-2023,2022-23,SBM-G,Pond Desilting,District Audit Unit,1094143.7,63242.95,12458.08,2,Ghost Beneficiary,Pending Recovery,221,2626,250176.23,,4,FIR Filed
Tamil Nadu,Coimbatore,GP_Coimbatore_43,24-01-2024,2021-22,NSAP,Road Construction,SAU Team B,1623453.73,43860.44,23272.54,2,Fund Diversion,Closed,121,5647,129232.9,241467.56,12,FIR Filed
Karnataka,Bangalore,GP_Bangalore_25,08-04-2022,2022-23,NSAP,Road Construction,District Audit Unit,1569233.19,125663.62,,9,Ghost Beneficiary,Completed,52,7865,941748.08,653824.2,3,
Bihar,Gaya,GP_Gaya_43,25-06-2024,2024-25,SBM-G,Water Tank,District Audit Unit,539423.65,143154.69,61921.67,10,No Muster Roll,Closed,347,3413,670622.09,503400.43,20,Warning Issued
Karnataka,Mysore,GP_Mysore_53,14-03-2024,2021-22,MGNREGA,Pond Desilting,SAU Team A,482890.34,122619.8,56881.82,10,,Pending Recovery,332,5444,105099.69,219459.34,8,Suspended Official
Bihar,Gaya,GP_Gaya_11,17-01-2022,2023-24,MGNREGA,Water Tank,SAU Team A,1145278.71,,64399.04,1,Incomplete Work,Under Review,301,950,110546.15,323518.82,2,Suspended Official
Uttar Pradesh,Kanpur,GP_Kanpur_96,30-10-2023,2023-24,NSAP,School Building,SAU Team B,158378.41,89893.74,3613.42,11,Incomplete Work,Under Review,472,6976,290702.77,454773.76,20,FIR Filed
Maharashtra,Mumbai,GP_Mumbai_34,28-12-2023,2024-25,SBM-G,Toilet Construction,District Audit Unit,1550401.49,14852.91,10067.1,6,Material Overbilling,Under Review,18,4631,150738.35,181849.63,2,No Action
Rajasthan,Jaipur,GP_Jaipur_1,11-03-2022,2022-23,PMAY-G,Toilet Construction,District Audit Unit,768609.43,78877.45,57968.87,11,No Muster Roll,Pending Recovery,464,778,148777.26,207884.6,19,Recovery Initiated
Tamil Nadu,Chennai,GP_Chennai_41,04-12-2022,2023-24,PMAY-G,Road Construction,SAU Team A,1611004.49,144914.56,64766.5,3,Ghost Beneficiary,Completed,205,6445,970699.73,33132.29,16,No Action
Rajasthan,Udaipur,GP_Udaipur_95,17-05-2022,2023-24,SBM-G,Pond Desilting,SAU Team B,738110.83,66053.88,54620.21,9,,ATR Pending,11,431,286516.73,561646.67,7,No Action
Rajasthan,Udaipur,GP_Udaipur_71,26-07-2022,2022-23,PMAY-G,Water Tank,District Audit Unit,1855978.13,31893.71,34365.33,8,Material Overbilling,Completed,28,1717,996793.65,398785.85,13,Suspended Official
Bihar,Patna,GP_Patna_20,14-11-2023,2024-25,NSAP,Toilet Construction,SAU Team B,462005.82,64686.87,27505.03,0,Fund Diversion,Completed,478,6612,855053.12,,4,FIR Filed
Maharashtra,Mumbai,GP_Mumbai_74,24-06-2024,2023-24,PMAY-G,School Building,SAU Team B,378016.52,130670.72,3422.66,5,Ghost Beneficiary,Completed,278,2139,319089.96,,22,Warning Issued
Karnataka,Bangalore,GP_Bangalore_56,13-03-2022,2023-24,NSAP,Toilet Construction,SAU Team A,603917.9,70187.34,51091.5,8,Material Overbilling,Closed,345,7855,808888.79,748350.46,19,Suspended Official
Uttar Pradesh,Lucknow,GP_Lucknow_42,27-02-2022,2021-22,PMAY-G,School Building,District Audit Unit,178561.33,45908.77,1196.64,2,Wage Delay,Closed,488,2064,49538.49,722167.29,4,No Action
Kerala,Thrissur,GP_Thrissur_53,12-12-2023,2024-25,SBM-G,Road Construction,SAU Team A,1783912.11,16694.35,573.96,6,Fund Diversion,Under Review,141,3616,308365.4,323209.82,6,Recovery Initiated
Andhra Pradesh,Vijayawada,GP_Vijayawada_48,25-04-2023,2021-22,SBM-G,Pond Desilting,District Audit Unit,1898346.83,125660.81,16113.83,11,Material Overbilling,Completed,434,7362,406632.14,236812.13,4,Suspended Official
Andhra Pradesh,Vijayawada,GP_Vijayawada_40,30-07-2022,2022-23,PMGSY,Water Tank,SAU Team B,622044.36,,42511.86,8,,ATR Pending,340,4524,230351.82,759536.81,2,FIR Filed
Karnataka,Mysore,GP_Mysore_13,17-10-2023,2023-24,PMGSY,School Building,SAU Team A,1206327.55,10782.92,39518.79,4,Fund Diversion,Completed,120,607,807798.85,755468.22,22,FIR Filed
Uttar Pradesh,Kanpur,GP_Kanpur_57,01-04-2024,2024-25,PMGSY,Road Construction,SAU Team A,1524039.93,40248.91,6841.96,10,Wage Delay,Closed,379,504,334079.84,405588.24,16,No Action
Tamil Nadu,Coimbatore,GP_Coimbatore_7,15-10-2023,2022-23,MGNREGA,Pond Desilting,District Audit Unit,1467560.04,9269.07,42121.98,5,Material Overbilling,Pending Recovery,263,5572,433679.13,757111.98,3,FIR Filed
Kerala,Ernakulam,GP_Ernakulam_68,07-03-2024,2024-25,NSAP,Pond Desilting,SAU Team A,1647987.41,14932.21,1367.48,11,Wage Delay,ATR Pending,152,915,315940.62,97604.3,11,FIR Filed
Maharashtra,Mumbai,GP_Mumbai_8,11-07-2022,2022-23,SBM-G,Pond Desilting,SAU Team B,989423.87,,50051.33,1,Incomplete Work,Closed,472,867,267620.73,757574.57,6,Warning Issued
Karnataka,Mysore,GP_Mysore_8,01-09-2024,2024-25,PMAY-G,School Building,SAU Team B,1022335.34,100104.27,60918.85,3,Material Overbilling,Completed,379,3206,795700.45,470140.34,2,
Uttar Pradesh,Lucknow,GP_Lucknow_41,06-09-2024,2021-22,NSAP,Water Tank,SAU Team A,775945.33,86611.42,12066.36,9,Material Overbilling,Under Review,32,7880,332984.23,347096.87,19,Suspended Official
Uttar Pradesh,Kanpur,GP_Kanpur_62,23-01-2023,2022-23,PMAY-G,Water Tank,SAU Team B,829673.3,19311.38,45250.82,4,,Pending Recovery,108,5135,722861.37,,6,
Tamil Nadu,Chennai,GP_Chennai_41,12-09-2024,2022-23,SBM-G,Pond Desilting,SAU Team A,1351076.29,5494.75,14250.61,8,Incomplete Work,Under Review,152,4749,182934.24,,20,No Action
Rajasthan,Udaipur,GP_Udaipur_8,27-08-2024,2022-23,MGNREGA,Road Construction,SAU Team B,1159635.12,47476.06,71326.44,4,Incomplete Work,Closed,385,705,445275.82,176387.07,21,No Action
Karnataka,Bangalore,GP_Bangalore_21,13-02-2024,2021-22,NSAP,Water Tank,SAU Team A,839949.15,93687.79,1143.26,7,Ghost Beneficiary,Pending Recovery,171,5203,61224.53,,24,Recovery Initiated
Andhra Pradesh,Vijayawada,GP_Vijayawada_14,08-06-2023,2023-24,SBM-G,School Building,SAU Team B,920211.39,41517.01,35632.09,8,Material Overbilling,Under Review,457,7989,617169.25,181829.21,22,Recovery Initiated
Andhra Pradesh,Vizag,GP_Vizag_8,02-09-2024,2024-25,NSAP,School Building,SAU Team B,1234097.43,,55053.37,10,No Muster Roll,Pending Recovery,248,2379,704760.99,681487.78,6,No Action
Kerala,Thrissur,GP_Thrissur_48,09-07-2022,2022-23,NSAP,Pond Desilting,District Audit Unit,1794047,57196.6,8947.68,8,Fund Diversion,Closed,181,5704,85112.8,607288.28,16,FIR Filed
Tamil Nadu,Coimbatore,GP_Coimbatore_69,27-08-2022,2021-22,PMAY-G,Toilet Construction,SAU Team A,1180333.03,64714.72,25354.32,8,,ATR Pending,394,5876,290660.14,489594.75,21,FIR Filed
Tamil Nadu,Chennai,GP_Chennai_91,09-03-2024,2021-22,MGNREGA,School Building,SAU Team A,1887177.84,89216.43,68150.6,5,No Muster Roll,Closed,477,830,660389.11,684519.68,11,Warning Issued
Bihar,Gaya,GP_Gaya_67,18-06-2023,2024-25,PMAY-G,Road Construction,SAU Team A,792145.03,98749.35,73795.98,0,,Under Review,285,1913,337961.64,508656.01,7,Suspended Official
Tamil Nadu,Chennai,GP_Chennai_53,06-11-2023,2021-22,PMAY-G,Toilet Construction,SAU Team B,1693435.13,107265.2,38540.55,11,Material Overbilling,ATR Pending,165,6374,513902.29,142734.01,2,
Uttar Pradesh,Kanpur,GP_Kanpur_67,11-07-2023,2021-22,NSAP,Toilet Construction,District Audit Unit,1232725.44,,78923.74,6,Incomplete Work,Closed,138,3107,111539.53,563716.28,11,FIR Filed
Rajasthan,Jaipur,GP_Jaipur_50,28-07-2024,2023-24,NSAP,Pond Desilting,SAU Team A,248838.32,8066.54,,2,No Muster Roll,ATR Pending,109,4099,442169.76,235402.3,8,Suspended Official
Karnataka,Bangalore,GP_Bangalore_69,25-07-2022,2024-25,SBM-G,Road Construction,District Audit Unit,1528243.33,68341.62,75946.9,3,Fund Diversion,Under Review,298,7427,455108.85,254767.46,16,Suspended Official
Maharashtra,Mumbai,GP_Mumbai_34,05-01-2023,2024-25,PMGSY,School Building,SAU Team B,1425303.07,22598.96,44395.43,11,,Pending Recovery,106,6517,719433.94,361707.72,5,Warning Issued
Karnataka,Bangalore,GP_Bangalore_94,28-09-2023,2021-22,NSAP,School Building,District Audit Unit,244007.32,,3992.31,2,Incomplete Work,Pending Recovery,63,330,280356.36,486560.64,21,Warning Issued
Andhra Pradesh,Vizag,GP_Vizag_40,10-01-2023,2023-24,PMGSY,Pond Desilting,District Audit Unit,739915.52,,59237.17,9,Incomplete Work,Pending Recovery,240,5699,172223.37,,15,No Action
Karnataka,Bangalore,GP_Bangalore_13,06-03-2024,2021-22,PMAY-G,Toilet Construction,SAU Team B,874239.52,139767.45,32391.45,1,Fund Diversion,ATR Pending,320,7868,176124.52,52751.22,10,Suspended Official
Kerala,Thrissur,GP_Thrissur_99,16-07-2023,2024-25,NSAP,Pond Desilting,SAU Team B,1682793.8,86890.17,36707.31,3,Fund Diversion,Under Review,431,3220,244015.32,581762.23,2,No Action
Maharashtra,Pune,GP_Pune_45,15-01-2023,2021-22,PMAY-G,School Building,SAU Team B,409316.9,143509.14,22203.12,8,Fund Diversion,Pending Recovery,274,525,998554.61,,22,FIR Filed
Karnataka,Mysore,GP_Mysore_17,17-07-2023,2022-23,NSAP,Water Tank,District Audit Unit,79665.54,50129.51,10670.76,1,Material Overbilling,Completed,50,2801,610983.68,148381.55,15,FIR Filed
Uttar Pradesh,Kanpur,GP_Kanpur_32,03-09-2022,2022-23,PMGSY,Pond Desilting,SAU Team B,990082.36,85519.05,64018.74,0,Wage Delay,ATR Pending,358,6714,104547.69,607062.83,20,Warning Issued
Karnataka,Mysore,GP_Mysore_65,03-01-2023,2024-25,MGNREGA,Road Construction,SAU Team B,462230.36,121469.75,,6,Wage Delay,Pending Recovery,321,5112,848692.7,303029.69,21,Recovery Initiated
Karnataka,Mysore,GP_Mysore_51,06-07-2022,2024-25,SBM-G,Road Construction,District Audit Unit,647868.2,136736.94,55339.66,3,Wage Delay,Closed,315,4157,676704.66,723515.29,2,No Action
Tamil Nadu,Chennai,GP_Chennai_84,17-09-2022,2023-24,SBM-G,Pond Desilting,SAU Team B,852549.36,36978.19,,4,Wage Delay,Completed,280,5105,983247.13,251474.62,18,FIR Filed
Uttar Pradesh,Kanpur,GP_Kanpur_14,14-10-2022,2024-25,PMAY-G,Road Construction,SAU Team A,490893.43,92672.29,3890.2,4,,ATR Pending,484,5211,791966.37,,22,No Action
Maharashtra,Pune,GP_Pune_65,27-03-2022,2023-24,PMAY-G,Road Construction,SAU Team B,344627.54,90901.51,23709.41,11,Fund Diversion,Pending Recovery,408,3652,561322.43,591032.68,16,Suspended Official
Rajasthan,Udaipur,GP_Udaipur_71,29-07-2024,2022-23,PMAY-G,Toilet Construction,District Audit Unit,499573.77,81530.41,15171.81,11,Wage Delay,Closed,390,5530,588191.42,795966.41,1,FIR Filed
Kerala,Ernakulam,GP_Ernakulam_81,20-02-2023,2022-23,MGNREGA,Pond Desilting,SAU Team A,702709.24,,17053.14,9,No Muster Roll,Closed,123,1511,863574.57,767221.53,3,No Action
Bihar,Patna,GP_Patna_21,31-03-2024,2024-25,PMGSY,Road Construction,SAU Team A,1774087.07,149675.46,31351.51,10,Wage Delay,Closed,26,5811,390429.47,,5,Suspended Official
Rajasthan,Jaipur,GP_Jaipur_23,09-05-2022,2021-22,SBM-G,Water Tank,SAU Team A,1720307.98,139626.55,24915.4,2,No Muster Roll,Closed,279,6694,585574.81,455087.72,21,Recovery Initiated
Rajasthan,Udaipur,GP_Udaipur_69,23-02-2024,2023-24,SBM-G,Toilet Construction,SAU Team A,628587.05,41641.88,,1,Fund Diversion,ATR Pending,491,2837,916076.25,95616.02,18,No Action
Andhra Pradesh,Vijayawada,GP_Vijayawada_93,05-05-2022,2024-25,PMAY-G,Water Tank,SAU Team B,1199283.93,21421.49,6126.91,6,Fund Diversion,Completed,206,3102,706973.04,664745.45,20,No Action
Maharashtra,Pune,GP_Pune_11,11-01-2023,2022-23,PMAY-G,School Building,SAU Team B,1634289.55,86746.14,67663.08,8,Fund Diversion,Closed,146,5944,368062.87,392784.82,1,Suspended Official
Uttar Pradesh,Kanpur,GP_Kanpur_81,09-01-2024,2022-23,MGNREGA,Pond Desilting,District Audit Unit,370088.09,92117.27,58879.72,4,Incomplete Work,Pending Recovery,483,6534,335058.92,333298.33,24,FIR Filed
Tamil Nadu,Chennai,GP_Chennai_13,13-10-2023,2024-25,MGNREGA,Pond Desilting,District Audit Unit,1779978.94,81493.12,24202.12,2,Ghost Beneficiary,Under Review,338,2022,774271.2,164490.04,11,FIR Filed
Uttar Pradesh,Lucknow,GP_Lucknow_34,12-07-2023,2021-22,PMGSY,Water Tank,SAU Team B,1367419.74,32290.92,,1,,ATR Pending,51,3965,595142.2,,5,Suspended Official
Andhra Pradesh,Vijayawada,GP_Vijayawada_96,06-11-2023,2022-23,MGNREGA,School Building,SAU Team A,1940048.15,42885.94,52156.35,6,Fund Diversion,ATR Pending,397,3394,903612.51,14740.62,19,FIR Filed
Karnataka,Mysore,GP_Mysore_84,30-03-2022,2021-22,PMGSY,School Building,SAU Team A,725041.4,121732.05,60539.13,8,Wage Delay,Under Review,249,4983,260216.68,312404.56,9,FIR Filed
Bihar,Patna,GP_Patna_46,19-08-2024,2021-22,PMGSY,School Building,SAU Team B,282831.25,19673.43,,9,Material Overbilling,Pending Recovery,212,3377,689322.35,583953.54,16,Suspended Official
Karnataka,Mysore,GP_Mysore_99,05-12-2022,2023-24,MGNREGA,Pond Desilting,SAU Team B,567723.47,50984.37,56155.88,8,Material Overbilling,Completed,323,5651,191882.53,357198.57,23,Recovery Initiated
Maharashtra,Mumbai,GP_Mumbai_38,14-09-2024,2021-22,MGNREGA,Pond Desilting,District Audit Unit,1622392.8,,52722.73,3,No Muster Roll,Completed,217,7420,109909.17,737480.64,3,Recovery Initiated
Uttar Pradesh,Kanpur,GP_Kanpur_61,09-07-2022,2021-22,PMGSY,Toilet Construction,SAU Team B,1996640.99,61322.08,36659.75,7,Material Overbilling,Pending Recovery,103,1054,465413.53,367352.43,1,Recovery Initiated
Maharashtra,Mumbai,GP_Mumbai_36,22-01-2024,2023-24,NSAP,School Building,SAU Team A,1647303.93,21134.95,21886.74,2,Wage Delay,Pending Recovery,202,2031,989790.55,341485.6,3,Suspended Official
Maharashtra,Pune,GP_Pune_71,10-11-2022,2024-25,NSAP,Water Tank,District Audit Unit,1598418.22,36120.53,60854.6,11,Ghost Beneficiary,ATR Pending,447,7237,789562.21,315439.43,2,Recovery Initiated
Tamil Nadu,Chennai,GP_Chennai_45,01-01-2022,2021-22,NSAP,Road Construction,SAU Team B,1994593.05,100030,14962.77,2,Incomplete Work,Pending Recovery,94,3030,690896.63,,3,No Action
Kerala,Ernakulam,GP_Ernakulam_75,30-09-2022,2021-22,NSAP,Pond Desilting,SAU Team A,1016333.6,93833.47,54162.75,10,Ghost Beneficiary,Closed,281,6651,644567.36,777020.54,12,Suspended Official
Andhra Pradesh,Vizag,GP_Vizag_55,03-01-2023,2021-22,MGNREGA,Water Tank,SAU Team A,1607154.78,,12082.8,8,Fund Diversion,ATR Pending,246,3839,389181.83,606139.03,22,No Action
Kerala,Thrissur,GP_Thrissur_87,09-07-2024,2023-24,MGNREGA,Toilet Construction,SAU Team B,1969711.38,129775.37,5826.62,8,Incomplete Work,Under Review,386,2319,325014.09,351077.56,24,
Maharashtra,Mumbai,GP_Mumbai_74,01-03-2022,2022-23,SBM-G,Toilet Construction,SAU Team B,989001.92,73052.31,71659.48,5,No Muster Roll,Under Review,345,5845,967859.39,334249.09,15,
Tamil Nadu,Coimbatore,GP_Coimbatore_98,19-06-2024,2023-24,MGNREGA,Water Tank,SAU Team A,558009.02,41493.34,78228.77,11,Material Overbilling,Pending Recovery,228,5051,952529.64,51634.65,20,Recovery Initiated
Rajasthan,Jaipur,GP_Jaipur_53,22-08-2024,2022-23,SBM-G,Water Tank,District Audit Unit,70209.26,37576.27,1105.78,11,Incomplete Work,Under Review,324,200,413783.02,61716.34,16,Warning Issued
Maharashtra,Mumbai,GP_Mumbai_82,29-10-2022,2023-24,PMGSY,Road Construction,SAU Team B,137866.18,77106.42,39811.63,9,Ghost Beneficiary,Closed,499,5152,727251.89,,20,Warning Issued
Rajasthan,Jaipur,GP_Jaipur_57,24-06-2024,2024-25,MGNREGA,Road Construction,SAU Team B,1510213.55,96856.55,11157.24,9,Material Overbilling,Under Review,39,777,985786.35,313690.38,18,No Action
Tamil Nadu,Chennai,GP_Chennai_10,19-08-2024,2021-22,SBM-G,School Building,District Audit Unit,1702759.64,24728.51,41036.86,5,Ghost Beneficiary,Closed,465,4094,122668.58,274447.34,5,Recovery Initiated
Andhra Pradesh,Vizag,GP_Vizag_89,12-02-2022,2021-22,PMAY-G,Water Tank,District Audit Unit,538364.63,90577.1,29206.53,5,Material Overbilling,Under Review,228,6575,942322.05,377384.88,7,FIR Filed
Karnataka,Mysore,GP_Mysore_8,18-03-2023,2024-25,SBM-G,Toilet Construction,SAU Team B,1621608.29,8851.57,65104.17,3,Ghost Beneficiary,ATR Pending,360,6906,642704.33,331202.47,4,Suspended Official
Karnataka,Mysore,GP_Mysore_39,23-04-2023,2022-23,PMAY-G,Toilet Construction,SAU Team A,1913930.28,106194.66,36315.2,1,Material Overbilling,Closed,95,5681,950791.36,176912.34,4,Recovery Initiated
Karnataka,Mysore,GP_Mysore_61,17-05-2022,2022-23,SBM-G,Pond Desilting,SAU Team A,648650.36,148537.48,36414.67,9,No Muster Roll,ATR Pending,465,6163,240481.79,62000.18,6,Recovery Initiated
Kerala,Ernakulam,GP_Ernakulam_98,15-10-2022,2021-22,PMAY-G,Water Tank,District Audit Unit,1663399.18,5340.78,12118.62,6,Fund Diversion,Under Review,402,721,942116.77,183853.49,5,FIR Filed
Uttar Pradesh,Lucknow,GP_Lucknow_18,20-03-2022,2023-24,NSAP,School Building,SAU Team B,1518856.1,21428.76,56562.71,4,Material Overbilling,Completed,261,7396,968077.9,503069.15,19,No Action
Karnataka,Bangalore,GP_Bangalore_48,12-02-2024,2021-22,PMAY-G,Road Construction,SAU Team A,1932024.37,60649.51,,3,No Muster Roll,ATR Pending,307,1558,312740.88,615499.64,0,Recovery Initiated
Rajasthan,Jaipur,GP_Jaipur_72,21-07-2024,2023-24,MGNREGA,Water Tank,SAU Team A,367175.01,108884.05,10614.56,5,Ghost Beneficiary,Completed,493,4089,988293.37,496429.73,12,Suspended Official
